{
    "mentions": [
        {
            "begin": 43,
            "id": "m0",
            "end": 80,
            "type": "Task",
            "text": "cognitively well-motivated interfaces"
        },
        {
            "begin": 106,
            "id": "m1",
            "end": 138,
            "type": "OtherScientificTerm",
            "text": "display of graphical information"
        },
        {
            "begin": 162,
            "id": "m2",
            "end": 183,
            "type": "OtherScientificTerm",
            "text": "graphical information"
        },
        {
            "begin": 499,
            "id": "m3",
            "end": 526,
            "type": "Task",
            "text": "natural language generation"
        },
        {
            "begin": 542,
            "id": "m4",
            "end": 553,
            "type": "Generic",
            "text": "interaction"
        }
    ],
    "relations": [
        {
            "args": [
                "m1",
                "m0"
            ],
            "type": "USED-FOR",
            "id": "r0"
        },
        {
            "args": [
                "m3",
                "m4"
            ],
            "type": "USED-FOR",
            "id": "r1"
        }
    ],
    "sentences": [
        {
            "begin": 0,
            "text": "In our current research into the design of cognitively well-motivated interfaces relying primarily on the display of graphical information, we have observed that graphical information alone does not provide sufficient support to users-particularly when situations arise that do not simply conform to the users' expectations.",
            "end": 324,
            "tokens": [
                {
                    "begin": 0,
                    "text": "In",
                    "end": 2,
                    "id": "s0-t0"
                },
                {
                    "begin": 3,
                    "text": "our",
                    "end": 6,
                    "id": "s0-t1"
                },
                {
                    "begin": 7,
                    "text": "current",
                    "end": 14,
                    "id": "s0-t2"
                },
                {
                    "begin": 15,
                    "text": "research",
                    "end": 23,
                    "id": "s0-t3"
                },
                {
                    "begin": 24,
                    "text": "into",
                    "end": 28,
                    "id": "s0-t4"
                },
                {
                    "begin": 29,
                    "text": "the",
                    "end": 32,
                    "id": "s0-t5"
                },
                {
                    "begin": 33,
                    "text": "design",
                    "end": 39,
                    "id": "s0-t6"
                },
                {
                    "begin": 40,
                    "text": "of",
                    "end": 42,
                    "id": "s0-t7"
                },
                {
                    "begin": 43,
                    "text": "cognitively",
                    "end": 54,
                    "id": "s0-t8"
                },
                {
                    "begin": 55,
                    "text": "well-motivated",
                    "end": 69,
                    "id": "s0-t9"
                },
                {
                    "begin": 70,
                    "text": "interfaces",
                    "end": 80,
                    "id": "s0-t10"
                },
                {
                    "begin": 81,
                    "text": "relying",
                    "end": 88,
                    "id": "s0-t11"
                },
                {
                    "begin": 89,
                    "text": "primarily",
                    "end": 98,
                    "id": "s0-t12"
                },
                {
                    "begin": 99,
                    "text": "on",
                    "end": 101,
                    "id": "s0-t13"
                },
                {
                    "begin": 102,
                    "text": "the",
                    "end": 105,
                    "id": "s0-t14"
                },
                {
                    "begin": 106,
                    "text": "display",
                    "end": 113,
                    "id": "s0-t15"
                },
                {
                    "begin": 114,
                    "text": "of",
                    "end": 116,
                    "id": "s0-t16"
                },
                {
                    "begin": 117,
                    "text": "graphical",
                    "end": 126,
                    "id": "s0-t17"
                },
                {
                    "begin": 127,
                    "text": "information",
                    "end": 138,
                    "id": "s0-t18"
                },
                {
                    "begin": 138,
                    "text": ",",
                    "end": 139,
                    "id": "s0-t19"
                },
                {
                    "begin": 140,
                    "text": "we",
                    "end": 142,
                    "id": "s0-t20"
                },
                {
                    "begin": 143,
                    "text": "have",
                    "end": 147,
                    "id": "s0-t21"
                },
                {
                    "begin": 148,
                    "text": "observed",
                    "end": 156,
                    "id": "s0-t22"
                },
                {
                    "begin": 157,
                    "text": "that",
                    "end": 161,
                    "id": "s0-t23"
                },
                {
                    "begin": 162,
                    "text": "graphical",
                    "end": 171,
                    "id": "s0-t24"
                },
                {
                    "begin": 172,
                    "text": "information",
                    "end": 183,
                    "id": "s0-t25"
                },
                {
                    "begin": 184,
                    "text": "alone",
                    "end": 189,
                    "id": "s0-t26"
                },
                {
                    "begin": 190,
                    "text": "does",
                    "end": 194,
                    "id": "s0-t27"
                },
                {
                    "begin": 195,
                    "text": "not",
                    "end": 198,
                    "id": "s0-t28"
                },
                {
                    "begin": 199,
                    "text": "provide",
                    "end": 206,
                    "id": "s0-t29"
                },
                {
                    "begin": 207,
                    "text": "sufficient",
                    "end": 217,
                    "id": "s0-t30"
                },
                {
                    "begin": 218,
                    "text": "support",
                    "end": 225,
                    "id": "s0-t31"
                },
                {
                    "begin": 226,
                    "text": "to",
                    "end": 228,
                    "id": "s0-t32"
                },
                {
                    "begin": 229,
                    "text": "users",
                    "end": 234,
                    "id": "s0-t33"
                },
                {
                    "begin": 234,
                    "text": "-",
                    "end": 235,
                    "id": "s0-t34"
                },
                {
                    "begin": 235,
                    "text": "particularly",
                    "end": 247,
                    "id": "s0-t35"
                },
                {
                    "begin": 248,
                    "text": "when",
                    "end": 252,
                    "id": "s0-t36"
                },
                {
                    "begin": 253,
                    "text": "situations",
                    "end": 263,
                    "id": "s0-t37"
                },
                {
                    "begin": 264,
                    "text": "arise",
                    "end": 269,
                    "id": "s0-t38"
                },
                {
                    "begin": 270,
                    "text": "that",
                    "end": 274,
                    "id": "s0-t39"
                },
                {
                    "begin": 275,
                    "text": "do",
                    "end": 277,
                    "id": "s0-t40"
                },
                {
                    "begin": 278,
                    "text": "not",
                    "end": 281,
                    "id": "s0-t41"
                },
                {
                    "begin": 282,
                    "text": "simply",
                    "end": 288,
                    "id": "s0-t42"
                },
                {
                    "begin": 289,
                    "text": "conform",
                    "end": 296,
                    "id": "s0-t43"
                },
                {
                    "begin": 297,
                    "text": "to",
                    "end": 299,
                    "id": "s0-t44"
                },
                {
                    "begin": 300,
                    "text": "the",
                    "end": 303,
                    "id": "s0-t45"
                },
                {
                    "begin": 304,
                    "text": "users",
                    "end": 309,
                    "id": "s0-t46"
                },
                {
                    "begin": 309,
                    "text": "'",
                    "end": 310,
                    "id": "s0-t47"
                },
                {
                    "begin": 311,
                    "text": "expectations",
                    "end": 323,
                    "id": "s0-t48"
                },
                {
                    "begin": 323,
                    "text": ".",
                    "end": 324,
                    "id": "s0-t49"
                }
            ],
            "id": "s0"
        },
        {
            "begin": 324,
            "text": " This can occur due to too much information being requested, too little, information of the wrong kind, etc..",
            "end": 433,
            "tokens": [
                {
                    "begin": 325,
                    "text": "This",
                    "end": 329,
                    "id": "s1-t0"
                },
                {
                    "begin": 330,
                    "text": "can",
                    "end": 333,
                    "id": "s1-t1"
                },
                {
                    "begin": 334,
                    "text": "occur",
                    "end": 339,
                    "id": "s1-t2"
                },
                {
                    "begin": 340,
                    "text": "due",
                    "end": 343,
                    "id": "s1-t3"
                },
                {
                    "begin": 344,
                    "text": "to",
                    "end": 346,
                    "id": "s1-t4"
                },
                {
                    "begin": 347,
                    "text": "too",
                    "end": 350,
                    "id": "s1-t5"
                },
                {
                    "begin": 351,
                    "text": "much",
                    "end": 355,
                    "id": "s1-t6"
                },
                {
                    "begin": 356,
                    "text": "information",
                    "end": 367,
                    "id": "s1-t7"
                },
                {
                    "begin": 368,
                    "text": "being",
                    "end": 373,
                    "id": "s1-t8"
                },
                {
                    "begin": 374,
                    "text": "requested",
                    "end": 383,
                    "id": "s1-t9"
                },
                {
                    "begin": 383,
                    "text": ",",
                    "end": 384,
                    "id": "s1-t10"
                },
                {
                    "begin": 385,
                    "text": "too",
                    "end": 388,
                    "id": "s1-t11"
                },
                {
                    "begin": 389,
                    "text": "little",
                    "end": 395,
                    "id": "s1-t12"
                },
                {
                    "begin": 395,
                    "text": ",",
                    "end": 396,
                    "id": "s1-t13"
                },
                {
                    "begin": 397,
                    "text": "information",
                    "end": 408,
                    "id": "s1-t14"
                },
                {
                    "begin": 409,
                    "text": "of",
                    "end": 411,
                    "id": "s1-t15"
                },
                {
                    "begin": 412,
                    "text": "the",
                    "end": 415,
                    "id": "s1-t16"
                },
                {
                    "begin": 416,
                    "text": "wrong",
                    "end": 421,
                    "id": "s1-t17"
                },
                {
                    "begin": 422,
                    "text": "kind",
                    "end": 426,
                    "id": "s1-t18"
                },
                {
                    "begin": 426,
                    "text": ",",
                    "end": 427,
                    "id": "s1-t19"
                },
                {
                    "begin": 428,
                    "text": "etc.",
                    "end": 432,
                    "id": "s1-t20"
                },
                {
                    "begin": 432,
                    "text": ".",
                    "end": 433,
                    "id": "s1-t21"
                }
            ],
            "id": "s1"
        },
        {
            "begin": 433,
            "text": " To solve this problem, we are working towards the integration of natural language generation to augment the interaction",
            "end": 553,
            "tokens": [
                {
                    "begin": 434,
                    "text": "To",
                    "end": 436,
                    "id": "s2-t0"
                },
                {
                    "begin": 437,
                    "text": "solve",
                    "end": 442,
                    "id": "s2-t1"
                },
                {
                    "begin": 443,
                    "text": "this",
                    "end": 447,
                    "id": "s2-t2"
                },
                {
                    "begin": 448,
                    "text": "problem",
                    "end": 455,
                    "id": "s2-t3"
                },
                {
                    "begin": 455,
                    "text": ",",
                    "end": 456,
                    "id": "s2-t4"
                },
                {
                    "begin": 457,
                    "text": "we",
                    "end": 459,
                    "id": "s2-t5"
                },
                {
                    "begin": 460,
                    "text": "are",
                    "end": 463,
                    "id": "s2-t6"
                },
                {
                    "begin": 464,
                    "text": "working",
                    "end": 471,
                    "id": "s2-t7"
                },
                {
                    "begin": 472,
                    "text": "towards",
                    "end": 479,
                    "id": "s2-t8"
                },
                {
                    "begin": 480,
                    "text": "the",
                    "end": 483,
                    "id": "s2-t9"
                },
                {
                    "begin": 484,
                    "text": "integration",
                    "end": 495,
                    "id": "s2-t10"
                },
                {
                    "begin": 496,
                    "text": "of",
                    "end": 498,
                    "id": "s2-t11"
                },
                {
                    "begin": 499,
                    "text": "natural",
                    "end": 506,
                    "id": "s2-t12"
                },
                {
                    "begin": 507,
                    "text": "language",
                    "end": 515,
                    "id": "s2-t13"
                },
                {
                    "begin": 516,
                    "text": "generation",
                    "end": 526,
                    "id": "s2-t14"
                },
                {
                    "begin": 527,
                    "text": "to",
                    "end": 529,
                    "id": "s2-t15"
                },
                {
                    "begin": 530,
                    "text": "augment",
                    "end": 537,
                    "id": "s2-t16"
                },
                {
                    "begin": 538,
                    "text": "the",
                    "end": 541,
                    "id": "s2-t17"
                },
                {
                    "begin": 542,
                    "text": "interaction",
                    "end": 553,
                    "id": "s2-t18"
                }
            ],
            "id": "s2"
        }
    ],
    "text": "In our current research into the design of cognitively well-motivated interfaces relying primarily on the display of graphical information, we have observed that graphical information alone does not provide sufficient support to users-particularly when situations arise that do not simply conform to the users' expectations. This can occur due to too much information being requested, too little, information of the wrong kind, etc.. To solve this problem, we are working towards the integration of natural language generation to augment the interaction",
    "id": "cfbfe6bf-f032-40b7-997f-db3e825fcf68"
}