{
    "mentions": [
        {
            "begin": 31,
            "id": "m0",
            "end": 60,
            "type": "Method",
            "text": "theory of discourse structure"
        },
        {
            "begin": 113,
            "id": "m1",
            "end": 122,
            "type": "OtherScientificTerm",
            "text": "discourse"
        },
        {
            "begin": 132,
            "id": "m2",
            "end": 138,
            "type": "Generic",
            "text": "theory"
        },
        {
            "begin": 140,
            "id": "m3",
            "end": 159,
            "type": "OtherScientificTerm",
            "text": "discourse structure"
        },
        {
            "begin": 207,
            "id": "m4",
            "end": 217,
            "type": "Generic",
            "text": "components"
        },
        {
            "begin": 278,
            "id": "m5",
            "end": 298,
            "type": "OtherScientificTerm",
            "text": "linguistic structure"
        },
        {
            "begin": 344,
            "id": "m6",
            "end": 365,
            "type": "OtherScientificTerm",
            "text": "intentional structure"
        },
        {
            "begin": 423,
            "id": "m7",
            "end": 440,
            "type": "OtherScientificTerm",
            "text": "attentional state"
        },
        {
            "begin": 451,
            "id": "m8",
            "end": 471,
            "type": "OtherScientificTerm",
            "text": "linguistic structure"
        },
        {
            "begin": 500,
            "id": "m9",
            "end": 509,
            "type": "OtherScientificTerm",
            "text": "discourse"
        },
        {
            "begin": 561,
            "id": "m10",
            "end": 582,
            "type": "OtherScientificTerm",
            "text": "intentional structure"
        },
        {
            "begin": 596,
            "id": "m11",
            "end": 623,
            "type": "OtherScientificTerm",
            "text": "discourse-relevant purposes"
        },
        {
            "begin": 711,
            "id": "m12",
            "end": 728,
            "type": "OtherScientificTerm",
            "text": "attentional state"
        },
        {
            "begin": 800,
            "id": "m13",
            "end": 809,
            "type": "OtherScientificTerm",
            "text": "discourse"
        },
        {
            "begin": 823,
            "id": "m14",
            "end": 840,
            "type": "OtherScientificTerm",
            "text": "attentional state"
        },
        {
            "begin": 942,
            "id": "m15",
            "end": 951,
            "type": "OtherScientificTerm",
            "text": "discourse"
        },
        {
            "begin": 1048,
            "id": "m16",
            "end": 1067,
            "type": "OtherScientificTerm",
            "text": "discourse phenomena"
        },
        {
            "begin": 1071,
            "id": "m17",
            "end": 1082,
            "type": "OtherScientificTerm",
            "text": "cue phrases"
        },
        {
            "begin": 1084,
            "id": "m18",
            "end": 1105,
            "type": "OtherScientificTerm",
            "text": "referring expressions"
        },
        {
            "begin": 1111,
            "id": "m19",
            "end": 1124,
            "type": "OtherScientificTerm",
            "text": "interruptions"
        },
        {
            "begin": 1130,
            "id": "m20",
            "end": 1191,
            "type": "Method",
            "text": "theory of attention, intention, and aggregation of utterances"
        },
        {
            "begin": 1245,
            "id": "m21",
            "end": 1255,
            "type": "OtherScientificTerm",
            "text": "discourses"
        },
        {
            "begin": 1279,
            "id": "m22",
            "end": 1288,
            "type": "OtherScientificTerm",
            "text": "discourse"
        },
        {
            "begin": 1342,
            "id": "m23",
            "end": 1353,
            "type": "OtherScientificTerm",
            "text": "cue phrases"
        },
        {
            "begin": 1355,
            "id": "m24",
            "end": 1376,
            "type": "OtherScientificTerm",
            "text": "referring expressions"
        },
        {
            "begin": 1382,
            "id": "m25",
            "end": 1395,
            "type": "OtherScientificTerm",
            "text": "interruptions"
        },
        {
            "begin": 1415,
            "id": "m26",
            "end": 1421,
            "type": "Generic",
            "text": "theory"
        },
        {
            "begin": 1492,
            "id": "m27",
            "end": 1501,
            "type": "OtherScientificTerm",
            "text": "discourse"
        },
        {
            "begin": 1503,
            "id": "m28",
            "end": 1523,
            "type": "Method",
            "text": "Discourse processing"
        },
        {
            "begin": 1571,
            "id": "m29",
            "end": 1580,
            "type": "OtherScientificTerm",
            "text": "discourse"
        },
        {
            "begin": 1650,
            "id": "m30",
            "end": 1659,
            "type": "OtherScientificTerm",
            "text": "discourse"
        },
        {
            "begin": 1717,
            "id": "m31",
            "end": 1726,
            "type": "OtherScientificTerm",
            "text": "discourse"
        },
        {
            "begin": 1783,
            "id": "m32",
            "end": 1800,
            "type": "OtherScientificTerm",
            "text": "attentional state"
        },
        {
            "begin": 1807,
            "id": "m33",
            "end": 1817,
            "type": "Generic",
            "text": "processing"
        },
        {
            "begin": 1849,
            "id": "m34",
            "end": 1866,
            "type": "Task",
            "text": "recognition tasks"
        },
        {
            "begin": 1900,
            "id": "m35",
            "end": 1909,
            "type": "OtherScientificTerm",
            "text": "discourse"
        }
    ],
    "relations": [
        {
            "args": [
                "m4",
                "m3"
            ],
            "type": "PART-OF",
            "id": "r0"
        },
        {
            "args": [
                "m5",
                "m4"
            ],
            "type": "PART-OF",
            "id": "r1"
        },
        {
            "args": [
                "m5",
                "m6"
            ],
            "type": "CONJUNCTION",
            "id": "r2"
        },
        {
            "args": [
                "m6",
                "m4"
            ],
            "type": "PART-OF",
            "id": "r3"
        },
        {
            "args": [
                "m6",
                "m7"
            ],
            "type": "CONJUNCTION",
            "id": "r4"
        },
        {
            "args": [
                "m7",
                "m4"
            ],
            "type": "PART-OF",
            "id": "r5"
        },
        {
            "args": [
                "m10",
                "m11"
            ],
            "type": "USED-FOR",
            "id": "r6"
        },
        {
            "args": [
                "m17",
                "m16"
            ],
            "type": "HYPONYM-OF",
            "id": "r7"
        },
        {
            "args": [
                "m17",
                "m18"
            ],
            "type": "CONJUNCTION",
            "id": "r8"
        },
        {
            "args": [
                "m18",
                "m16"
            ],
            "type": "HYPONYM-OF",
            "id": "r9"
        },
        {
            "args": [
                "m18",
                "m19"
            ],
            "type": "CONJUNCTION",
            "id": "r10"
        },
        {
            "args": [
                "m19",
                "m16"
            ],
            "type": "HYPONYM-OF",
            "id": "r11"
        }
    ],
    "sentences": [
        {
            "begin": 0,
            "text": "In this paper we explore a new theory of discourse structure that stresses the role of purpose and processing in discourse.",
            "end": 123,
            "tokens": [
                {
                    "begin": 0,
                    "text": "In",
                    "end": 2,
                    "id": "s0-t0"
                },
                {
                    "begin": 3,
                    "text": "this",
                    "end": 7,
                    "id": "s0-t1"
                },
                {
                    "begin": 8,
                    "text": "paper",
                    "end": 13,
                    "id": "s0-t2"
                },
                {
                    "begin": 14,
                    "text": "we",
                    "end": 16,
                    "id": "s0-t3"
                },
                {
                    "begin": 17,
                    "text": "explore",
                    "end": 24,
                    "id": "s0-t4"
                },
                {
                    "begin": 25,
                    "text": "a",
                    "end": 26,
                    "id": "s0-t5"
                },
                {
                    "begin": 27,
                    "text": "new",
                    "end": 30,
                    "id": "s0-t6"
                },
                {
                    "begin": 31,
                    "text": "theory",
                    "end": 37,
                    "id": "s0-t7"
                },
                {
                    "begin": 38,
                    "text": "of",
                    "end": 40,
                    "id": "s0-t8"
                },
                {
                    "begin": 41,
                    "text": "discourse",
                    "end": 50,
                    "id": "s0-t9"
                },
                {
                    "begin": 51,
                    "text": "structure",
                    "end": 60,
                    "id": "s0-t10"
                },
                {
                    "begin": 61,
                    "text": "that",
                    "end": 65,
                    "id": "s0-t11"
                },
                {
                    "begin": 66,
                    "text": "stresses",
                    "end": 74,
                    "id": "s0-t12"
                },
                {
                    "begin": 75,
                    "text": "the",
                    "end": 78,
                    "id": "s0-t13"
                },
                {
                    "begin": 79,
                    "text": "role",
                    "end": 83,
                    "id": "s0-t14"
                },
                {
                    "begin": 84,
                    "text": "of",
                    "end": 86,
                    "id": "s0-t15"
                },
                {
                    "begin": 87,
                    "text": "purpose",
                    "end": 94,
                    "id": "s0-t16"
                },
                {
                    "begin": 95,
                    "text": "and",
                    "end": 98,
                    "id": "s0-t17"
                },
                {
                    "begin": 99,
                    "text": "processing",
                    "end": 109,
                    "id": "s0-t18"
                },
                {
                    "begin": 110,
                    "text": "in",
                    "end": 112,
                    "id": "s0-t19"
                },
                {
                    "begin": 113,
                    "text": "discourse",
                    "end": 122,
                    "id": "s0-t20"
                },
                {
                    "begin": 122,
                    "text": ".",
                    "end": 123,
                    "id": "s0-t21"
                }
            ],
            "id": "s0"
        },
        {
            "begin": 123,
            "text": " In this theory, discourse structure is composed of three separate but interrelated components: the structure of the sequence of utterances-LRB-called the linguistic structure-RRB-, a structure of purposes-LRB-called the intentional structure-RRB-, and the state of focus of attention-LRB-called the attentional state-RRB-.",
            "end": 446,
            "tokens": [
                {
                    "begin": 124,
                    "text": "In",
                    "end": 126,
                    "id": "s1-t0"
                },
                {
                    "begin": 127,
                    "text": "this",
                    "end": 131,
                    "id": "s1-t1"
                },
                {
                    "begin": 132,
                    "text": "theory",
                    "end": 138,
                    "id": "s1-t2"
                },
                {
                    "begin": 138,
                    "text": ",",
                    "end": 139,
                    "id": "s1-t3"
                },
                {
                    "begin": 140,
                    "text": "discourse",
                    "end": 149,
                    "id": "s1-t4"
                },
                {
                    "begin": 150,
                    "text": "structure",
                    "end": 159,
                    "id": "s1-t5"
                },
                {
                    "begin": 160,
                    "text": "is",
                    "end": 162,
                    "id": "s1-t6"
                },
                {
                    "begin": 163,
                    "text": "composed",
                    "end": 171,
                    "id": "s1-t7"
                },
                {
                    "begin": 172,
                    "text": "of",
                    "end": 174,
                    "id": "s1-t8"
                },
                {
                    "begin": 175,
                    "text": "three",
                    "end": 180,
                    "id": "s1-t9"
                },
                {
                    "begin": 181,
                    "text": "separate",
                    "end": 189,
                    "id": "s1-t10"
                },
                {
                    "begin": 190,
                    "text": "but",
                    "end": 193,
                    "id": "s1-t11"
                },
                {
                    "begin": 194,
                    "text": "interrelated",
                    "end": 206,
                    "id": "s1-t12"
                },
                {
                    "begin": 207,
                    "text": "components",
                    "end": 217,
                    "id": "s1-t13"
                },
                {
                    "begin": 217,
                    "text": ":",
                    "end": 218,
                    "id": "s1-t14"
                },
                {
                    "begin": 219,
                    "text": "the",
                    "end": 222,
                    "id": "s1-t15"
                },
                {
                    "begin": 223,
                    "text": "structure",
                    "end": 232,
                    "id": "s1-t16"
                },
                {
                    "begin": 233,
                    "text": "of",
                    "end": 235,
                    "id": "s1-t17"
                },
                {
                    "begin": 236,
                    "text": "the",
                    "end": 239,
                    "id": "s1-t18"
                },
                {
                    "begin": 240,
                    "text": "sequence",
                    "end": 248,
                    "id": "s1-t19"
                },
                {
                    "begin": 249,
                    "text": "of",
                    "end": 251,
                    "id": "s1-t20"
                },
                {
                    "begin": 252,
                    "text": "utterances",
                    "end": 262,
                    "id": "s1-t21"
                },
                {
                    "begin": 262,
                    "text": "-LRB-",
                    "end": 267,
                    "id": "s1-t22"
                },
                {
                    "begin": 267,
                    "text": "called",
                    "end": 273,
                    "id": "s1-t23"
                },
                {
                    "begin": 274,
                    "text": "the",
                    "end": 277,
                    "id": "s1-t24"
                },
                {
                    "begin": 278,
                    "text": "linguistic",
                    "end": 288,
                    "id": "s1-t25"
                },
                {
                    "begin": 289,
                    "text": "structure",
                    "end": 298,
                    "id": "s1-t26"
                },
                {
                    "begin": 298,
                    "text": "-RRB-",
                    "end": 303,
                    "id": "s1-t27"
                },
                {
                    "begin": 303,
                    "text": ",",
                    "end": 304,
                    "id": "s1-t28"
                },
                {
                    "begin": 305,
                    "text": "a",
                    "end": 306,
                    "id": "s1-t29"
                },
                {
                    "begin": 307,
                    "text": "structure",
                    "end": 316,
                    "id": "s1-t30"
                },
                {
                    "begin": 317,
                    "text": "of",
                    "end": 319,
                    "id": "s1-t31"
                },
                {
                    "begin": 320,
                    "text": "purposes",
                    "end": 328,
                    "id": "s1-t32"
                },
                {
                    "begin": 328,
                    "text": "-LRB-",
                    "end": 333,
                    "id": "s1-t33"
                },
                {
                    "begin": 333,
                    "text": "called",
                    "end": 339,
                    "id": "s1-t34"
                },
                {
                    "begin": 340,
                    "text": "the",
                    "end": 343,
                    "id": "s1-t35"
                },
                {
                    "begin": 344,
                    "text": "intentional",
                    "end": 355,
                    "id": "s1-t36"
                },
                {
                    "begin": 356,
                    "text": "structure",
                    "end": 365,
                    "id": "s1-t37"
                },
                {
                    "begin": 365,
                    "text": "-RRB-",
                    "end": 370,
                    "id": "s1-t38"
                },
                {
                    "begin": 370,
                    "text": ",",
                    "end": 371,
                    "id": "s1-t39"
                },
                {
                    "begin": 372,
                    "text": "and",
                    "end": 375,
                    "id": "s1-t40"
                },
                {
                    "begin": 376,
                    "text": "the",
                    "end": 379,
                    "id": "s1-t41"
                },
                {
                    "begin": 380,
                    "text": "state",
                    "end": 385,
                    "id": "s1-t42"
                },
                {
                    "begin": 386,
                    "text": "of",
                    "end": 388,
                    "id": "s1-t43"
                },
                {
                    "begin": 389,
                    "text": "focus",
                    "end": 394,
                    "id": "s1-t44"
                },
                {
                    "begin": 395,
                    "text": "of",
                    "end": 397,
                    "id": "s1-t45"
                },
                {
                    "begin": 398,
                    "text": "attention",
                    "end": 407,
                    "id": "s1-t46"
                },
                {
                    "begin": 407,
                    "text": "-LRB-",
                    "end": 412,
                    "id": "s1-t47"
                },
                {
                    "begin": 412,
                    "text": "called",
                    "end": 418,
                    "id": "s1-t48"
                },
                {
                    "begin": 419,
                    "text": "the",
                    "end": 422,
                    "id": "s1-t49"
                },
                {
                    "begin": 423,
                    "text": "attentional",
                    "end": 434,
                    "id": "s1-t50"
                },
                {
                    "begin": 435,
                    "text": "state",
                    "end": 440,
                    "id": "s1-t51"
                },
                {
                    "begin": 440,
                    "text": "-RRB-",
                    "end": 445,
                    "id": "s1-t52"
                },
                {
                    "begin": 445,
                    "text": ".",
                    "end": 446,
                    "id": "s1-t53"
                }
            ],
            "id": "s1"
        },
        {
            "begin": 446,
            "text": " The linguistic structure consists of segments of the discourse into which the utterances naturally aggregate.",
            "end": 556,
            "tokens": [
                {
                    "begin": 447,
                    "text": "The",
                    "end": 450,
                    "id": "s2-t0"
                },
                {
                    "begin": 451,
                    "text": "linguistic",
                    "end": 461,
                    "id": "s2-t1"
                },
                {
                    "begin": 462,
                    "text": "structure",
                    "end": 471,
                    "id": "s2-t2"
                },
                {
                    "begin": 472,
                    "text": "consists",
                    "end": 480,
                    "id": "s2-t3"
                },
                {
                    "begin": 481,
                    "text": "of",
                    "end": 483,
                    "id": "s2-t4"
                },
                {
                    "begin": 484,
                    "text": "segments",
                    "end": 492,
                    "id": "s2-t5"
                },
                {
                    "begin": 493,
                    "text": "of",
                    "end": 495,
                    "id": "s2-t6"
                },
                {
                    "begin": 496,
                    "text": "the",
                    "end": 499,
                    "id": "s2-t7"
                },
                {
                    "begin": 500,
                    "text": "discourse",
                    "end": 509,
                    "id": "s2-t8"
                },
                {
                    "begin": 510,
                    "text": "into",
                    "end": 514,
                    "id": "s2-t9"
                },
                {
                    "begin": 515,
                    "text": "which",
                    "end": 520,
                    "id": "s2-t10"
                },
                {
                    "begin": 521,
                    "text": "the",
                    "end": 524,
                    "id": "s2-t11"
                },
                {
                    "begin": 525,
                    "text": "utterances",
                    "end": 535,
                    "id": "s2-t12"
                },
                {
                    "begin": 536,
                    "text": "naturally",
                    "end": 545,
                    "id": "s2-t13"
                },
                {
                    "begin": 546,
                    "text": "aggregate",
                    "end": 555,
                    "id": "s2-t14"
                },
                {
                    "begin": 555,
                    "text": ".",
                    "end": 556,
                    "id": "s2-t15"
                }
            ],
            "id": "s2"
        },
        {
            "begin": 556,
            "text": " The intentional structure captures the discourse-relevant purposes, expressed in each of the linguistic segments as well as relationships among them.",
            "end": 706,
            "tokens": [
                {
                    "begin": 557,
                    "text": "The",
                    "end": 560,
                    "id": "s3-t0"
                },
                {
                    "begin": 561,
                    "text": "intentional",
                    "end": 572,
                    "id": "s3-t1"
                },
                {
                    "begin": 573,
                    "text": "structure",
                    "end": 582,
                    "id": "s3-t2"
                },
                {
                    "begin": 583,
                    "text": "captures",
                    "end": 591,
                    "id": "s3-t3"
                },
                {
                    "begin": 592,
                    "text": "the",
                    "end": 595,
                    "id": "s3-t4"
                },
                {
                    "begin": 596,
                    "text": "discourse-relevant",
                    "end": 614,
                    "id": "s3-t5"
                },
                {
                    "begin": 615,
                    "text": "purposes",
                    "end": 623,
                    "id": "s3-t6"
                },
                {
                    "begin": 623,
                    "text": ",",
                    "end": 624,
                    "id": "s3-t7"
                },
                {
                    "begin": 625,
                    "text": "expressed",
                    "end": 634,
                    "id": "s3-t8"
                },
                {
                    "begin": 635,
                    "text": "in",
                    "end": 637,
                    "id": "s3-t9"
                },
                {
                    "begin": 638,
                    "text": "each",
                    "end": 642,
                    "id": "s3-t10"
                },
                {
                    "begin": 643,
                    "text": "of",
                    "end": 645,
                    "id": "s3-t11"
                },
                {
                    "begin": 646,
                    "text": "the",
                    "end": 649,
                    "id": "s3-t12"
                },
                {
                    "begin": 650,
                    "text": "linguistic",
                    "end": 660,
                    "id": "s3-t13"
                },
                {
                    "begin": 661,
                    "text": "segments",
                    "end": 669,
                    "id": "s3-t14"
                },
                {
                    "begin": 670,
                    "text": "as",
                    "end": 672,
                    "id": "s3-t15"
                },
                {
                    "begin": 673,
                    "text": "well",
                    "end": 677,
                    "id": "s3-t16"
                },
                {
                    "begin": 678,
                    "text": "as",
                    "end": 680,
                    "id": "s3-t17"
                },
                {
                    "begin": 681,
                    "text": "relationships",
                    "end": 694,
                    "id": "s3-t18"
                },
                {
                    "begin": 695,
                    "text": "among",
                    "end": 700,
                    "id": "s3-t19"
                },
                {
                    "begin": 701,
                    "text": "them",
                    "end": 705,
                    "id": "s3-t20"
                },
                {
                    "begin": 705,
                    "text": ".",
                    "end": 706,
                    "id": "s3-t21"
                }
            ],
            "id": "s3"
        },
        {
            "begin": 706,
            "text": " The attentional state is an abstraction of the focus of attention of the participants as the discourse unfolds.",
            "end": 818,
            "tokens": [
                {
                    "begin": 707,
                    "text": "The",
                    "end": 710,
                    "id": "s4-t0"
                },
                {
                    "begin": 711,
                    "text": "attentional",
                    "end": 722,
                    "id": "s4-t1"
                },
                {
                    "begin": 723,
                    "text": "state",
                    "end": 728,
                    "id": "s4-t2"
                },
                {
                    "begin": 729,
                    "text": "is",
                    "end": 731,
                    "id": "s4-t3"
                },
                {
                    "begin": 732,
                    "text": "an",
                    "end": 734,
                    "id": "s4-t4"
                },
                {
                    "begin": 735,
                    "text": "abstraction",
                    "end": 746,
                    "id": "s4-t5"
                },
                {
                    "begin": 747,
                    "text": "of",
                    "end": 749,
                    "id": "s4-t6"
                },
                {
                    "begin": 750,
                    "text": "the",
                    "end": 753,
                    "id": "s4-t7"
                },
                {
                    "begin": 754,
                    "text": "focus",
                    "end": 759,
                    "id": "s4-t8"
                },
                {
                    "begin": 760,
                    "text": "of",
                    "end": 762,
                    "id": "s4-t9"
                },
                {
                    "begin": 763,
                    "text": "attention",
                    "end": 772,
                    "id": "s4-t10"
                },
                {
                    "begin": 773,
                    "text": "of",
                    "end": 775,
                    "id": "s4-t11"
                },
                {
                    "begin": 776,
                    "text": "the",
                    "end": 779,
                    "id": "s4-t12"
                },
                {
                    "begin": 780,
                    "text": "participants",
                    "end": 792,
                    "id": "s4-t13"
                },
                {
                    "begin": 793,
                    "text": "as",
                    "end": 795,
                    "id": "s4-t14"
                },
                {
                    "begin": 796,
                    "text": "the",
                    "end": 799,
                    "id": "s4-t15"
                },
                {
                    "begin": 800,
                    "text": "discourse",
                    "end": 809,
                    "id": "s4-t16"
                },
                {
                    "begin": 810,
                    "text": "unfolds",
                    "end": 817,
                    "id": "s4-t17"
                },
                {
                    "begin": 817,
                    "text": ".",
                    "end": 818,
                    "id": "s4-t18"
                }
            ],
            "id": "s4"
        },
        {
            "begin": 818,
            "text": " The attentional state, being dynamic, records the objects, properties, and relations that are salient at each point of the discourse.",
            "end": 952,
            "tokens": [
                {
                    "begin": 819,
                    "text": "The",
                    "end": 822,
                    "id": "s5-t0"
                },
                {
                    "begin": 823,
                    "text": "attentional",
                    "end": 834,
                    "id": "s5-t1"
                },
                {
                    "begin": 835,
                    "text": "state",
                    "end": 840,
                    "id": "s5-t2"
                },
                {
                    "begin": 840,
                    "text": ",",
                    "end": 841,
                    "id": "s5-t3"
                },
                {
                    "begin": 842,
                    "text": "being",
                    "end": 847,
                    "id": "s5-t4"
                },
                {
                    "begin": 848,
                    "text": "dynamic",
                    "end": 855,
                    "id": "s5-t5"
                },
                {
                    "begin": 855,
                    "text": ",",
                    "end": 856,
                    "id": "s5-t6"
                },
                {
                    "begin": 857,
                    "text": "records",
                    "end": 864,
                    "id": "s5-t7"
                },
                {
                    "begin": 865,
                    "text": "the",
                    "end": 868,
                    "id": "s5-t8"
                },
                {
                    "begin": 869,
                    "text": "objects",
                    "end": 876,
                    "id": "s5-t9"
                },
                {
                    "begin": 876,
                    "text": ",",
                    "end": 877,
                    "id": "s5-t10"
                },
                {
                    "begin": 878,
                    "text": "properties",
                    "end": 888,
                    "id": "s5-t11"
                },
                {
                    "begin": 888,
                    "text": ",",
                    "end": 889,
                    "id": "s5-t12"
                },
                {
                    "begin": 890,
                    "text": "and",
                    "end": 893,
                    "id": "s5-t13"
                },
                {
                    "begin": 894,
                    "text": "relations",
                    "end": 903,
                    "id": "s5-t14"
                },
                {
                    "begin": 904,
                    "text": "that",
                    "end": 908,
                    "id": "s5-t15"
                },
                {
                    "begin": 909,
                    "text": "are",
                    "end": 912,
                    "id": "s5-t16"
                },
                {
                    "begin": 913,
                    "text": "salient",
                    "end": 920,
                    "id": "s5-t17"
                },
                {
                    "begin": 921,
                    "text": "at",
                    "end": 923,
                    "id": "s5-t18"
                },
                {
                    "begin": 924,
                    "text": "each",
                    "end": 928,
                    "id": "s5-t19"
                },
                {
                    "begin": 929,
                    "text": "point",
                    "end": 934,
                    "id": "s5-t20"
                },
                {
                    "begin": 935,
                    "text": "of",
                    "end": 937,
                    "id": "s5-t21"
                },
                {
                    "begin": 938,
                    "text": "the",
                    "end": 941,
                    "id": "s5-t22"
                },
                {
                    "begin": 942,
                    "text": "discourse",
                    "end": 951,
                    "id": "s5-t23"
                },
                {
                    "begin": 951,
                    "text": ".",
                    "end": 952,
                    "id": "s5-t24"
                }
            ],
            "id": "s5"
        },
        {
            "begin": 952,
            "text": " The distinction among these components is essential to provide an adequate explanation of such discourse phenomena as cue phrases, referring expressions, and interruptions.",
            "end": 1125,
            "tokens": [
                {
                    "begin": 953,
                    "text": "The",
                    "end": 956,
                    "id": "s6-t0"
                },
                {
                    "begin": 957,
                    "text": "distinction",
                    "end": 968,
                    "id": "s6-t1"
                },
                {
                    "begin": 969,
                    "text": "among",
                    "end": 974,
                    "id": "s6-t2"
                },
                {
                    "begin": 975,
                    "text": "these",
                    "end": 980,
                    "id": "s6-t3"
                },
                {
                    "begin": 981,
                    "text": "components",
                    "end": 991,
                    "id": "s6-t4"
                },
                {
                    "begin": 992,
                    "text": "is",
                    "end": 994,
                    "id": "s6-t5"
                },
                {
                    "begin": 995,
                    "text": "essential",
                    "end": 1004,
                    "id": "s6-t6"
                },
                {
                    "begin": 1005,
                    "text": "to",
                    "end": 1007,
                    "id": "s6-t7"
                },
                {
                    "begin": 1008,
                    "text": "provide",
                    "end": 1015,
                    "id": "s6-t8"
                },
                {
                    "begin": 1016,
                    "text": "an",
                    "end": 1018,
                    "id": "s6-t9"
                },
                {
                    "begin": 1019,
                    "text": "adequate",
                    "end": 1027,
                    "id": "s6-t10"
                },
                {
                    "begin": 1028,
                    "text": "explanation",
                    "end": 1039,
                    "id": "s6-t11"
                },
                {
                    "begin": 1040,
                    "text": "of",
                    "end": 1042,
                    "id": "s6-t12"
                },
                {
                    "begin": 1043,
                    "text": "such",
                    "end": 1047,
                    "id": "s6-t13"
                },
                {
                    "begin": 1048,
                    "text": "discourse",
                    "end": 1057,
                    "id": "s6-t14"
                },
                {
                    "begin": 1058,
                    "text": "phenomena",
                    "end": 1067,
                    "id": "s6-t15"
                },
                {
                    "begin": 1068,
                    "text": "as",
                    "end": 1070,
                    "id": "s6-t16"
                },
                {
                    "begin": 1071,
                    "text": "cue",
                    "end": 1074,
                    "id": "s6-t17"
                },
                {
                    "begin": 1075,
                    "text": "phrases",
                    "end": 1082,
                    "id": "s6-t18"
                },
                {
                    "begin": 1082,
                    "text": ",",
                    "end": 1083,
                    "id": "s6-t19"
                },
                {
                    "begin": 1084,
                    "text": "referring",
                    "end": 1093,
                    "id": "s6-t20"
                },
                {
                    "begin": 1094,
                    "text": "expressions",
                    "end": 1105,
                    "id": "s6-t21"
                },
                {
                    "begin": 1105,
                    "text": ",",
                    "end": 1106,
                    "id": "s6-t22"
                },
                {
                    "begin": 1107,
                    "text": "and",
                    "end": 1110,
                    "id": "s6-t23"
                },
                {
                    "begin": 1111,
                    "text": "interruptions",
                    "end": 1124,
                    "id": "s6-t24"
                },
                {
                    "begin": 1124,
                    "text": ".",
                    "end": 1125,
                    "id": "s6-t25"
                }
            ],
            "id": "s6"
        },
        {
            "begin": 1125,
            "text": " The theory of attention, intention, and aggregation of utterances is illustrated in the paper with a number of example discourses.",
            "end": 1256,
            "tokens": [
                {
                    "begin": 1126,
                    "text": "The",
                    "end": 1129,
                    "id": "s7-t0"
                },
                {
                    "begin": 1130,
                    "text": "theory",
                    "end": 1136,
                    "id": "s7-t1"
                },
                {
                    "begin": 1137,
                    "text": "of",
                    "end": 1139,
                    "id": "s7-t2"
                },
                {
                    "begin": 1140,
                    "text": "attention",
                    "end": 1149,
                    "id": "s7-t3"
                },
                {
                    "begin": 1149,
                    "text": ",",
                    "end": 1150,
                    "id": "s7-t4"
                },
                {
                    "begin": 1151,
                    "text": "intention",
                    "end": 1160,
                    "id": "s7-t5"
                },
                {
                    "begin": 1160,
                    "text": ",",
                    "end": 1161,
                    "id": "s7-t6"
                },
                {
                    "begin": 1162,
                    "text": "and",
                    "end": 1165,
                    "id": "s7-t7"
                },
                {
                    "begin": 1166,
                    "text": "aggregation",
                    "end": 1177,
                    "id": "s7-t8"
                },
                {
                    "begin": 1178,
                    "text": "of",
                    "end": 1180,
                    "id": "s7-t9"
                },
                {
                    "begin": 1181,
                    "text": "utterances",
                    "end": 1191,
                    "id": "s7-t10"
                },
                {
                    "begin": 1192,
                    "text": "is",
                    "end": 1194,
                    "id": "s7-t11"
                },
                {
                    "begin": 1195,
                    "text": "illustrated",
                    "end": 1206,
                    "id": "s7-t12"
                },
                {
                    "begin": 1207,
                    "text": "in",
                    "end": 1209,
                    "id": "s7-t13"
                },
                {
                    "begin": 1210,
                    "text": "the",
                    "end": 1213,
                    "id": "s7-t14"
                },
                {
                    "begin": 1214,
                    "text": "paper",
                    "end": 1219,
                    "id": "s7-t15"
                },
                {
                    "begin": 1220,
                    "text": "with",
                    "end": 1224,
                    "id": "s7-t16"
                },
                {
                    "begin": 1225,
                    "text": "a",
                    "end": 1226,
                    "id": "s7-t17"
                },
                {
                    "begin": 1227,
                    "text": "number",
                    "end": 1233,
                    "id": "s7-t18"
                },
                {
                    "begin": 1234,
                    "text": "of",
                    "end": 1236,
                    "id": "s7-t19"
                },
                {
                    "begin": 1237,
                    "text": "example",
                    "end": 1244,
                    "id": "s7-t20"
                },
                {
                    "begin": 1245,
                    "text": "discourses",
                    "end": 1255,
                    "id": "s7-t21"
                },
                {
                    "begin": 1255,
                    "text": ".",
                    "end": 1256,
                    "id": "s7-t22"
                }
            ],
            "id": "s7"
        },
        {
            "begin": 1256,
            "text": " Various properties of discourse are described, and explanations for the behaviour of cue phrases, referring expressions, and interruptions are explored.",
            "end": 1409,
            "tokens": [
                {
                    "begin": 1257,
                    "text": "Various",
                    "end": 1264,
                    "id": "s8-t0"
                },
                {
                    "begin": 1265,
                    "text": "properties",
                    "end": 1275,
                    "id": "s8-t1"
                },
                {
                    "begin": 1276,
                    "text": "of",
                    "end": 1278,
                    "id": "s8-t2"
                },
                {
                    "begin": 1279,
                    "text": "discourse",
                    "end": 1288,
                    "id": "s8-t3"
                },
                {
                    "begin": 1289,
                    "text": "are",
                    "end": 1292,
                    "id": "s8-t4"
                },
                {
                    "begin": 1293,
                    "text": "described",
                    "end": 1302,
                    "id": "s8-t5"
                },
                {
                    "begin": 1302,
                    "text": ",",
                    "end": 1303,
                    "id": "s8-t6"
                },
                {
                    "begin": 1304,
                    "text": "and",
                    "end": 1307,
                    "id": "s8-t7"
                },
                {
                    "begin": 1308,
                    "text": "explanations",
                    "end": 1320,
                    "id": "s8-t8"
                },
                {
                    "begin": 1321,
                    "text": "for",
                    "end": 1324,
                    "id": "s8-t9"
                },
                {
                    "begin": 1325,
                    "text": "the",
                    "end": 1328,
                    "id": "s8-t10"
                },
                {
                    "begin": 1329,
                    "text": "behaviour",
                    "end": 1338,
                    "id": "s8-t11"
                },
                {
                    "begin": 1339,
                    "text": "of",
                    "end": 1341,
                    "id": "s8-t12"
                },
                {
                    "begin": 1342,
                    "text": "cue",
                    "end": 1345,
                    "id": "s8-t13"
                },
                {
                    "begin": 1346,
                    "text": "phrases",
                    "end": 1353,
                    "id": "s8-t14"
                },
                {
                    "begin": 1353,
                    "text": ",",
                    "end": 1354,
                    "id": "s8-t15"
                },
                {
                    "begin": 1355,
                    "text": "referring",
                    "end": 1364,
                    "id": "s8-t16"
                },
                {
                    "begin": 1365,
                    "text": "expressions",
                    "end": 1376,
                    "id": "s8-t17"
                },
                {
                    "begin": 1376,
                    "text": ",",
                    "end": 1377,
                    "id": "s8-t18"
                },
                {
                    "begin": 1378,
                    "text": "and",
                    "end": 1381,
                    "id": "s8-t19"
                },
                {
                    "begin": 1382,
                    "text": "interruptions",
                    "end": 1395,
                    "id": "s8-t20"
                },
                {
                    "begin": 1396,
                    "text": "are",
                    "end": 1399,
                    "id": "s8-t21"
                },
                {
                    "begin": 1400,
                    "text": "explored",
                    "end": 1408,
                    "id": "s8-t22"
                },
                {
                    "begin": 1408,
                    "text": ".",
                    "end": 1409,
                    "id": "s8-t23"
                }
            ],
            "id": "s8"
        },
        {
            "begin": 1409,
            "text": " This theory provides a framework for describing the processing of utterances in a discourse.",
            "end": 1502,
            "tokens": [
                {
                    "begin": 1410,
                    "text": "This",
                    "end": 1414,
                    "id": "s9-t0"
                },
                {
                    "begin": 1415,
                    "text": "theory",
                    "end": 1421,
                    "id": "s9-t1"
                },
                {
                    "begin": 1422,
                    "text": "provides",
                    "end": 1430,
                    "id": "s9-t2"
                },
                {
                    "begin": 1431,
                    "text": "a",
                    "end": 1432,
                    "id": "s9-t3"
                },
                {
                    "begin": 1433,
                    "text": "framework",
                    "end": 1442,
                    "id": "s9-t4"
                },
                {
                    "begin": 1443,
                    "text": "for",
                    "end": 1446,
                    "id": "s9-t5"
                },
                {
                    "begin": 1447,
                    "text": "describing",
                    "end": 1457,
                    "id": "s9-t6"
                },
                {
                    "begin": 1458,
                    "text": "the",
                    "end": 1461,
                    "id": "s9-t7"
                },
                {
                    "begin": 1462,
                    "text": "processing",
                    "end": 1472,
                    "id": "s9-t8"
                },
                {
                    "begin": 1473,
                    "text": "of",
                    "end": 1475,
                    "id": "s9-t9"
                },
                {
                    "begin": 1476,
                    "text": "utterances",
                    "end": 1486,
                    "id": "s9-t10"
                },
                {
                    "begin": 1487,
                    "text": "in",
                    "end": 1489,
                    "id": "s9-t11"
                },
                {
                    "begin": 1490,
                    "text": "a",
                    "end": 1491,
                    "id": "s9-t12"
                },
                {
                    "begin": 1492,
                    "text": "discourse",
                    "end": 1501,
                    "id": "s9-t13"
                },
                {
                    "begin": 1501,
                    "text": ".",
                    "end": 1502,
                    "id": "s9-t14"
                }
            ],
            "id": "s9"
        },
        {
            "begin": 1502,
            "text": " Discourse processing requires recognizing how the utterances of the discourse aggregate into segments, recognizing the intentions expressed in the discourse and the relationships among intentions, and tracking the discourse through the operation of the mechanisms associated with attentional state.",
            "end": 1801,
            "tokens": [
                {
                    "begin": 1503,
                    "text": "Discourse",
                    "end": 1512,
                    "id": "s10-t0"
                },
                {
                    "begin": 1513,
                    "text": "processing",
                    "end": 1523,
                    "id": "s10-t1"
                },
                {
                    "begin": 1524,
                    "text": "requires",
                    "end": 1532,
                    "id": "s10-t2"
                },
                {
                    "begin": 1533,
                    "text": "recognizing",
                    "end": 1544,
                    "id": "s10-t3"
                },
                {
                    "begin": 1545,
                    "text": "how",
                    "end": 1548,
                    "id": "s10-t4"
                },
                {
                    "begin": 1549,
                    "text": "the",
                    "end": 1552,
                    "id": "s10-t5"
                },
                {
                    "begin": 1553,
                    "text": "utterances",
                    "end": 1563,
                    "id": "s10-t6"
                },
                {
                    "begin": 1564,
                    "text": "of",
                    "end": 1566,
                    "id": "s10-t7"
                },
                {
                    "begin": 1567,
                    "text": "the",
                    "end": 1570,
                    "id": "s10-t8"
                },
                {
                    "begin": 1571,
                    "text": "discourse",
                    "end": 1580,
                    "id": "s10-t9"
                },
                {
                    "begin": 1581,
                    "text": "aggregate",
                    "end": 1590,
                    "id": "s10-t10"
                },
                {
                    "begin": 1591,
                    "text": "into",
                    "end": 1595,
                    "id": "s10-t11"
                },
                {
                    "begin": 1596,
                    "text": "segments",
                    "end": 1604,
                    "id": "s10-t12"
                },
                {
                    "begin": 1604,
                    "text": ",",
                    "end": 1605,
                    "id": "s10-t13"
                },
                {
                    "begin": 1606,
                    "text": "recognizing",
                    "end": 1617,
                    "id": "s10-t14"
                },
                {
                    "begin": 1618,
                    "text": "the",
                    "end": 1621,
                    "id": "s10-t15"
                },
                {
                    "begin": 1622,
                    "text": "intentions",
                    "end": 1632,
                    "id": "s10-t16"
                },
                {
                    "begin": 1633,
                    "text": "expressed",
                    "end": 1642,
                    "id": "s10-t17"
                },
                {
                    "begin": 1643,
                    "text": "in",
                    "end": 1645,
                    "id": "s10-t18"
                },
                {
                    "begin": 1646,
                    "text": "the",
                    "end": 1649,
                    "id": "s10-t19"
                },
                {
                    "begin": 1650,
                    "text": "discourse",
                    "end": 1659,
                    "id": "s10-t20"
                },
                {
                    "begin": 1660,
                    "text": "and",
                    "end": 1663,
                    "id": "s10-t21"
                },
                {
                    "begin": 1664,
                    "text": "the",
                    "end": 1667,
                    "id": "s10-t22"
                },
                {
                    "begin": 1668,
                    "text": "relationships",
                    "end": 1681,
                    "id": "s10-t23"
                },
                {
                    "begin": 1682,
                    "text": "among",
                    "end": 1687,
                    "id": "s10-t24"
                },
                {
                    "begin": 1688,
                    "text": "intentions",
                    "end": 1698,
                    "id": "s10-t25"
                },
                {
                    "begin": 1698,
                    "text": ",",
                    "end": 1699,
                    "id": "s10-t26"
                },
                {
                    "begin": 1700,
                    "text": "and",
                    "end": 1703,
                    "id": "s10-t27"
                },
                {
                    "begin": 1704,
                    "text": "tracking",
                    "end": 1712,
                    "id": "s10-t28"
                },
                {
                    "begin": 1713,
                    "text": "the",
                    "end": 1716,
                    "id": "s10-t29"
                },
                {
                    "begin": 1717,
                    "text": "discourse",
                    "end": 1726,
                    "id": "s10-t30"
                },
                {
                    "begin": 1727,
                    "text": "through",
                    "end": 1734,
                    "id": "s10-t31"
                },
                {
                    "begin": 1735,
                    "text": "the",
                    "end": 1738,
                    "id": "s10-t32"
                },
                {
                    "begin": 1739,
                    "text": "operation",
                    "end": 1748,
                    "id": "s10-t33"
                },
                {
                    "begin": 1749,
                    "text": "of",
                    "end": 1751,
                    "id": "s10-t34"
                },
                {
                    "begin": 1752,
                    "text": "the",
                    "end": 1755,
                    "id": "s10-t35"
                },
                {
                    "begin": 1756,
                    "text": "mechanisms",
                    "end": 1766,
                    "id": "s10-t36"
                },
                {
                    "begin": 1767,
                    "text": "associated",
                    "end": 1777,
                    "id": "s10-t37"
                },
                {
                    "begin": 1778,
                    "text": "with",
                    "end": 1782,
                    "id": "s10-t38"
                },
                {
                    "begin": 1783,
                    "text": "attentional",
                    "end": 1794,
                    "id": "s10-t39"
                },
                {
                    "begin": 1795,
                    "text": "state",
                    "end": 1800,
                    "id": "s10-t40"
                },
                {
                    "begin": 1800,
                    "text": ".",
                    "end": 1801,
                    "id": "s10-t41"
                }
            ],
            "id": "s10"
        },
        {
            "begin": 1801,
            "text": " This processing description specifies in these recognition tasks the role of information from the discourse and from the participants' knowledge of the domain.",
            "end": 1961,
            "tokens": [
                {
                    "begin": 1802,
                    "text": "This",
                    "end": 1806,
                    "id": "s11-t0"
                },
                {
                    "begin": 1807,
                    "text": "processing",
                    "end": 1817,
                    "id": "s11-t1"
                },
                {
                    "begin": 1818,
                    "text": "description",
                    "end": 1829,
                    "id": "s11-t2"
                },
                {
                    "begin": 1830,
                    "text": "specifies",
                    "end": 1839,
                    "id": "s11-t3"
                },
                {
                    "begin": 1840,
                    "text": "in",
                    "end": 1842,
                    "id": "s11-t4"
                },
                {
                    "begin": 1843,
                    "text": "these",
                    "end": 1848,
                    "id": "s11-t5"
                },
                {
                    "begin": 1849,
                    "text": "recognition",
                    "end": 1860,
                    "id": "s11-t6"
                },
                {
                    "begin": 1861,
                    "text": "tasks",
                    "end": 1866,
                    "id": "s11-t7"
                },
                {
                    "begin": 1867,
                    "text": "the",
                    "end": 1870,
                    "id": "s11-t8"
                },
                {
                    "begin": 1871,
                    "text": "role",
                    "end": 1875,
                    "id": "s11-t9"
                },
                {
                    "begin": 1876,
                    "text": "of",
                    "end": 1878,
                    "id": "s11-t10"
                },
                {
                    "begin": 1879,
                    "text": "information",
                    "end": 1890,
                    "id": "s11-t11"
                },
                {
                    "begin": 1891,
                    "text": "from",
                    "end": 1895,
                    "id": "s11-t12"
                },
                {
                    "begin": 1896,
                    "text": "the",
                    "end": 1899,
                    "id": "s11-t13"
                },
                {
                    "begin": 1900,
                    "text": "discourse",
                    "end": 1909,
                    "id": "s11-t14"
                },
                {
                    "begin": 1910,
                    "text": "and",
                    "end": 1913,
                    "id": "s11-t15"
                },
                {
                    "begin": 1914,
                    "text": "from",
                    "end": 1918,
                    "id": "s11-t16"
                },
                {
                    "begin": 1919,
                    "text": "the",
                    "end": 1922,
                    "id": "s11-t17"
                },
                {
                    "begin": 1923,
                    "text": "participants",
                    "end": 1935,
                    "id": "s11-t18"
                },
                {
                    "begin": 1935,
                    "text": "'",
                    "end": 1936,
                    "id": "s11-t19"
                },
                {
                    "begin": 1937,
                    "text": "knowledge",
                    "end": 1946,
                    "id": "s11-t20"
                },
                {
                    "begin": 1947,
                    "text": "of",
                    "end": 1949,
                    "id": "s11-t21"
                },
                {
                    "begin": 1950,
                    "text": "the",
                    "end": 1953,
                    "id": "s11-t22"
                },
                {
                    "begin": 1954,
                    "text": "domain",
                    "end": 1960,
                    "id": "s11-t23"
                },
                {
                    "begin": 1960,
                    "text": ".",
                    "end": 1961,
                    "id": "s11-t24"
                }
            ],
            "id": "s11"
        }
    ],
    "text": "In this paper we explore a new theory of discourse structure that stresses the role of purpose and processing in discourse. In this theory, discourse structure is composed of three separate but interrelated components: the structure of the sequence of utterances-LRB-called the linguistic structure-RRB-, a structure of purposes-LRB-called the intentional structure-RRB-, and the state of focus of attention-LRB-called the attentional state-RRB-. The linguistic structure consists of segments of the discourse into which the utterances naturally aggregate. The intentional structure captures the discourse-relevant purposes, expressed in each of the linguistic segments as well as relationships among them. The attentional state is an abstraction of the focus of attention of the participants as the discourse unfolds. The attentional state, being dynamic, records the objects, properties, and relations that are salient at each point of the discourse. The distinction among these components is essential to provide an adequate explanation of such discourse phenomena as cue phrases, referring expressions, and interruptions. The theory of attention, intention, and aggregation of utterances is illustrated in the paper with a number of example discourses. Various properties of discourse are described, and explanations for the behaviour of cue phrases, referring expressions, and interruptions are explored. This theory provides a framework for describing the processing of utterances in a discourse. Discourse processing requires recognizing how the utterances of the discourse aggregate into segments, recognizing the intentions expressed in the discourse and the relationships among intentions, and tracking the discourse through the operation of the mechanisms associated with attentional state. This processing description specifies in these recognition tasks the role of information from the discourse and from the participants' knowledge of the domain.",
    "id": "f813dc62-0506-4e98-b42f-b6e2d5e42e85"
}