{
    "mentions": [
        {
            "begin": 20,
            "id": "m0",
            "end": 28,
            "type": "Generic",
            "text": "approach"
        },
        {
            "begin": 32,
            "id": "m1",
            "end": 63,
            "type": "Task",
            "text": "statistical machine translation"
        },
        {
            "begin": 78,
            "id": "m2",
            "end": 99,
            "type": "OtherScientificTerm",
            "text": "syntactic information"
        },
        {
            "begin": 147,
            "id": "m3",
            "end": 166,
            "type": "Task",
            "text": "phrasal translation"
        },
        {
            "begin": 173,
            "id": "m4",
            "end": 179,
            "type": "Generic",
            "text": "method"
        },
        {
            "begin": 191,
            "id": "m5",
            "end": 224,
            "type": "Method",
            "text": "source-language dependency parser"
        },
        {
            "begin": 226,
            "id": "m6",
            "end": 259,
            "type": "Method",
            "text": "target language word segmentation"
        },
        {
            "begin": 267,
            "id": "m7",
            "end": 304,
            "type": "Method",
            "text": "unsupervised word alignment component"
        },
        {
            "begin": 317,
            "id": "m8",
            "end": 332,
            "type": "Material",
            "text": "parallel corpus"
        },
        {
            "begin": 346,
            "id": "m9",
            "end": 369,
            "type": "OtherScientificTerm",
            "text": "source dependency parse"
        },
        {
            "begin": 404,
            "id": "m10",
            "end": 440,
            "type": "OtherScientificTerm",
            "text": "dependency treelet translation pairs"
        },
        {
            "begin": 454,
            "id": "m11",
            "end": 479,
            "type": "Method",
            "text": "tree-based ordering model"
        },
        {
            "begin": 506,
            "id": "m12",
            "end": 513,
            "type": "Method",
            "text": "decoder"
        },
        {
            "begin": 540,
            "id": "m13",
            "end": 557,
            "type": "Method",
            "text": "tree-based models"
        },
        {
            "begin": 591,
            "id": "m14",
            "end": 601,
            "type": "Method",
            "text": "SMT models"
        },
        {
            "begin": 623,
            "id": "m15",
            "end": 631,
            "type": "Generic",
            "text": "approach"
        },
        {
            "begin": 663,
            "id": "m16",
            "end": 674,
            "type": "Method",
            "text": "phrasal SMT"
        },
        {
            "begin": 684,
            "id": "m17",
            "end": 705,
            "type": "OtherScientificTerm",
            "text": "linguistic generality"
        },
        {
            "begin": 721,
            "id": "m18",
            "end": 727,
            "type": "Method",
            "text": "parser"
        }
    ],
    "relations": [
        {
            "args": [
                "m0",
                "m1"
            ],
            "type": "USED-FOR",
            "id": "r0"
        },
        {
            "args": [
                "m2",
                "m0"
            ],
            "type": "PART-OF",
            "id": "r1"
        },
        {
            "args": [
                "m2",
                "m3"
            ],
            "type": "CONJUNCTION",
            "id": "r2"
        },
        {
            "args": [
                "m3",
                "m0"
            ],
            "type": "PART-OF",
            "id": "r3"
        },
        {
            "args": [
                "m5",
                "m4"
            ],
            "type": "USED-FOR",
            "id": "r4"
        },
        {
            "args": [
                "m5",
                "m6"
            ],
            "type": "CONJUNCTION",
            "id": "r5"
        },
        {
            "args": [
                "m6",
                "m4"
            ],
            "type": "USED-FOR",
            "id": "r6"
        },
        {
            "args": [
                "m6",
                "m7"
            ],
            "type": "CONJUNCTION",
            "id": "r7"
        },
        {
            "args": [
                "m7",
                "m4"
            ],
            "type": "USED-FOR",
            "id": "r8"
        },
        {
            "args": [
                "m13",
                "m14"
            ],
            "type": "CONJUNCTION",
            "id": "r9"
        },
        {
            "args": [
                "m13",
                "m15"
            ],
            "type": "USED-FOR",
            "id": "r10"
        },
        {
            "args": [
                "m14",
                "m15"
            ],
            "type": "USED-FOR",
            "id": "r11"
        },
        {
            "args": [
                "m16",
                "m17"
            ],
            "type": "CONJUNCTION",
            "id": "r12"
        },
        {
            "args": [
                "m16",
                "m18"
            ],
            "type": "USED-FOR",
            "id": "r13"
        },
        {
            "args": [
                "m17",
                "m18"
            ],
            "type": "FEATURE-OF",
            "id": "r14"
        }
    ],
    "sentences": [
        {
            "begin": 0,
            "text": "We describe a novel approach to statistical machine translation that combines syntactic information in the source language with recent advances in phrasal translation.",
            "end": 167,
            "tokens": [
                {
                    "begin": 0,
                    "text": "We",
                    "end": 2,
                    "id": "s0-t0"
                },
                {
                    "begin": 3,
                    "text": "describe",
                    "end": 11,
                    "id": "s0-t1"
                },
                {
                    "begin": 12,
                    "text": "a",
                    "end": 13,
                    "id": "s0-t2"
                },
                {
                    "begin": 14,
                    "text": "novel",
                    "end": 19,
                    "id": "s0-t3"
                },
                {
                    "begin": 20,
                    "text": "approach",
                    "end": 28,
                    "id": "s0-t4"
                },
                {
                    "begin": 29,
                    "text": "to",
                    "end": 31,
                    "id": "s0-t5"
                },
                {
                    "begin": 32,
                    "text": "statistical",
                    "end": 43,
                    "id": "s0-t6"
                },
                {
                    "begin": 44,
                    "text": "machine",
                    "end": 51,
                    "id": "s0-t7"
                },
                {
                    "begin": 52,
                    "text": "translation",
                    "end": 63,
                    "id": "s0-t8"
                },
                {
                    "begin": 64,
                    "text": "that",
                    "end": 68,
                    "id": "s0-t9"
                },
                {
                    "begin": 69,
                    "text": "combines",
                    "end": 77,
                    "id": "s0-t10"
                },
                {
                    "begin": 78,
                    "text": "syntactic",
                    "end": 87,
                    "id": "s0-t11"
                },
                {
                    "begin": 88,
                    "text": "information",
                    "end": 99,
                    "id": "s0-t12"
                },
                {
                    "begin": 100,
                    "text": "in",
                    "end": 102,
                    "id": "s0-t13"
                },
                {
                    "begin": 103,
                    "text": "the",
                    "end": 106,
                    "id": "s0-t14"
                },
                {
                    "begin": 107,
                    "text": "source",
                    "end": 113,
                    "id": "s0-t15"
                },
                {
                    "begin": 114,
                    "text": "language",
                    "end": 122,
                    "id": "s0-t16"
                },
                {
                    "begin": 123,
                    "text": "with",
                    "end": 127,
                    "id": "s0-t17"
                },
                {
                    "begin": 128,
                    "text": "recent",
                    "end": 134,
                    "id": "s0-t18"
                },
                {
                    "begin": 135,
                    "text": "advances",
                    "end": 143,
                    "id": "s0-t19"
                },
                {
                    "begin": 144,
                    "text": "in",
                    "end": 146,
                    "id": "s0-t20"
                },
                {
                    "begin": 147,
                    "text": "phrasal",
                    "end": 154,
                    "id": "s0-t21"
                },
                {
                    "begin": 155,
                    "text": "translation",
                    "end": 166,
                    "id": "s0-t22"
                },
                {
                    "begin": 166,
                    "text": ".",
                    "end": 167,
                    "id": "s0-t23"
                }
            ],
            "id": "s0"
        },
        {
            "begin": 167,
            "text": " This method requires a source-language dependency parser, target language word segmentation and an unsupervised word alignment component.",
            "end": 305,
            "tokens": [
                {
                    "begin": 168,
                    "text": "This",
                    "end": 172,
                    "id": "s1-t0"
                },
                {
                    "begin": 173,
                    "text": "method",
                    "end": 179,
                    "id": "s1-t1"
                },
                {
                    "begin": 180,
                    "text": "requires",
                    "end": 188,
                    "id": "s1-t2"
                },
                {
                    "begin": 189,
                    "text": "a",
                    "end": 190,
                    "id": "s1-t3"
                },
                {
                    "begin": 191,
                    "text": "source-language",
                    "end": 206,
                    "id": "s1-t4"
                },
                {
                    "begin": 207,
                    "text": "dependency",
                    "end": 217,
                    "id": "s1-t5"
                },
                {
                    "begin": 218,
                    "text": "parser",
                    "end": 224,
                    "id": "s1-t6"
                },
                {
                    "begin": 224,
                    "text": ",",
                    "end": 225,
                    "id": "s1-t7"
                },
                {
                    "begin": 226,
                    "text": "target",
                    "end": 232,
                    "id": "s1-t8"
                },
                {
                    "begin": 233,
                    "text": "language",
                    "end": 241,
                    "id": "s1-t9"
                },
                {
                    "begin": 242,
                    "text": "word",
                    "end": 246,
                    "id": "s1-t10"
                },
                {
                    "begin": 247,
                    "text": "segmentation",
                    "end": 259,
                    "id": "s1-t11"
                },
                {
                    "begin": 260,
                    "text": "and",
                    "end": 263,
                    "id": "s1-t12"
                },
                {
                    "begin": 264,
                    "text": "an",
                    "end": 266,
                    "id": "s1-t13"
                },
                {
                    "begin": 267,
                    "text": "unsupervised",
                    "end": 279,
                    "id": "s1-t14"
                },
                {
                    "begin": 280,
                    "text": "word",
                    "end": 284,
                    "id": "s1-t15"
                },
                {
                    "begin": 285,
                    "text": "alignment",
                    "end": 294,
                    "id": "s1-t16"
                },
                {
                    "begin": 295,
                    "text": "component",
                    "end": 304,
                    "id": "s1-t17"
                },
                {
                    "begin": 304,
                    "text": ".",
                    "end": 305,
                    "id": "s1-t18"
                }
            ],
            "id": "s1"
        },
        {
            "begin": 305,
            "text": " We align a parallel corpus, project the source dependency parse onto the target sentence, extract dependency treelet translation pairs, and train a tree-based ordering model.",
            "end": 480,
            "tokens": [
                {
                    "begin": 306,
                    "text": "We",
                    "end": 308,
                    "id": "s2-t0"
                },
                {
                    "begin": 309,
                    "text": "align",
                    "end": 314,
                    "id": "s2-t1"
                },
                {
                    "begin": 315,
                    "text": "a",
                    "end": 316,
                    "id": "s2-t2"
                },
                {
                    "begin": 317,
                    "text": "parallel",
                    "end": 325,
                    "id": "s2-t3"
                },
                {
                    "begin": 326,
                    "text": "corpus",
                    "end": 332,
                    "id": "s2-t4"
                },
                {
                    "begin": 332,
                    "text": ",",
                    "end": 333,
                    "id": "s2-t5"
                },
                {
                    "begin": 334,
                    "text": "project",
                    "end": 341,
                    "id": "s2-t6"
                },
                {
                    "begin": 342,
                    "text": "the",
                    "end": 345,
                    "id": "s2-t7"
                },
                {
                    "begin": 346,
                    "text": "source",
                    "end": 352,
                    "id": "s2-t8"
                },
                {
                    "begin": 353,
                    "text": "dependency",
                    "end": 363,
                    "id": "s2-t9"
                },
                {
                    "begin": 364,
                    "text": "parse",
                    "end": 369,
                    "id": "s2-t10"
                },
                {
                    "begin": 370,
                    "text": "onto",
                    "end": 374,
                    "id": "s2-t11"
                },
                {
                    "begin": 375,
                    "text": "the",
                    "end": 378,
                    "id": "s2-t12"
                },
                {
                    "begin": 379,
                    "text": "target",
                    "end": 385,
                    "id": "s2-t13"
                },
                {
                    "begin": 386,
                    "text": "sentence",
                    "end": 394,
                    "id": "s2-t14"
                },
                {
                    "begin": 394,
                    "text": ",",
                    "end": 395,
                    "id": "s2-t15"
                },
                {
                    "begin": 396,
                    "text": "extract",
                    "end": 403,
                    "id": "s2-t16"
                },
                {
                    "begin": 404,
                    "text": "dependency",
                    "end": 414,
                    "id": "s2-t17"
                },
                {
                    "begin": 415,
                    "text": "treelet",
                    "end": 422,
                    "id": "s2-t18"
                },
                {
                    "begin": 423,
                    "text": "translation",
                    "end": 434,
                    "id": "s2-t19"
                },
                {
                    "begin": 435,
                    "text": "pairs",
                    "end": 440,
                    "id": "s2-t20"
                },
                {
                    "begin": 440,
                    "text": ",",
                    "end": 441,
                    "id": "s2-t21"
                },
                {
                    "begin": 442,
                    "text": "and",
                    "end": 445,
                    "id": "s2-t22"
                },
                {
                    "begin": 446,
                    "text": "train",
                    "end": 451,
                    "id": "s2-t23"
                },
                {
                    "begin": 452,
                    "text": "a",
                    "end": 453,
                    "id": "s2-t24"
                },
                {
                    "begin": 454,
                    "text": "tree-based",
                    "end": 464,
                    "id": "s2-t25"
                },
                {
                    "begin": 465,
                    "text": "ordering",
                    "end": 473,
                    "id": "s2-t26"
                },
                {
                    "begin": 474,
                    "text": "model",
                    "end": 479,
                    "id": "s2-t27"
                },
                {
                    "begin": 479,
                    "text": ".",
                    "end": 480,
                    "id": "s2-t28"
                }
            ],
            "id": "s2"
        },
        {
            "begin": 480,
            "text": " We describe an efficient decoder and show that using these tree-based models in combination with conventional SMT models provides a promising approach that incorporates the power of phrasal SMT with the linguistic generality available in a parser.",
            "end": 728,
            "tokens": [
                {
                    "begin": 481,
                    "text": "We",
                    "end": 483,
                    "id": "s3-t0"
                },
                {
                    "begin": 484,
                    "text": "describe",
                    "end": 492,
                    "id": "s3-t1"
                },
                {
                    "begin": 493,
                    "text": "an",
                    "end": 495,
                    "id": "s3-t2"
                },
                {
                    "begin": 496,
                    "text": "efficient",
                    "end": 505,
                    "id": "s3-t3"
                },
                {
                    "begin": 506,
                    "text": "decoder",
                    "end": 513,
                    "id": "s3-t4"
                },
                {
                    "begin": 514,
                    "text": "and",
                    "end": 517,
                    "id": "s3-t5"
                },
                {
                    "begin": 518,
                    "text": "show",
                    "end": 522,
                    "id": "s3-t6"
                },
                {
                    "begin": 523,
                    "text": "that",
                    "end": 527,
                    "id": "s3-t7"
                },
                {
                    "begin": 528,
                    "text": "using",
                    "end": 533,
                    "id": "s3-t8"
                },
                {
                    "begin": 534,
                    "text": "these",
                    "end": 539,
                    "id": "s3-t9"
                },
                {
                    "begin": 540,
                    "text": "tree-based",
                    "end": 550,
                    "id": "s3-t10"
                },
                {
                    "begin": 551,
                    "text": "models",
                    "end": 557,
                    "id": "s3-t11"
                },
                {
                    "begin": 558,
                    "text": "in",
                    "end": 560,
                    "id": "s3-t12"
                },
                {
                    "begin": 561,
                    "text": "combination",
                    "end": 572,
                    "id": "s3-t13"
                },
                {
                    "begin": 573,
                    "text": "with",
                    "end": 577,
                    "id": "s3-t14"
                },
                {
                    "begin": 578,
                    "text": "conventional",
                    "end": 590,
                    "id": "s3-t15"
                },
                {
                    "begin": 591,
                    "text": "SMT",
                    "end": 594,
                    "id": "s3-t16"
                },
                {
                    "begin": 595,
                    "text": "models",
                    "end": 601,
                    "id": "s3-t17"
                },
                {
                    "begin": 602,
                    "text": "provides",
                    "end": 610,
                    "id": "s3-t18"
                },
                {
                    "begin": 611,
                    "text": "a",
                    "end": 612,
                    "id": "s3-t19"
                },
                {
                    "begin": 613,
                    "text": "promising",
                    "end": 622,
                    "id": "s3-t20"
                },
                {
                    "begin": 623,
                    "text": "approach",
                    "end": 631,
                    "id": "s3-t21"
                },
                {
                    "begin": 632,
                    "text": "that",
                    "end": 636,
                    "id": "s3-t22"
                },
                {
                    "begin": 637,
                    "text": "incorporates",
                    "end": 649,
                    "id": "s3-t23"
                },
                {
                    "begin": 650,
                    "text": "the",
                    "end": 653,
                    "id": "s3-t24"
                },
                {
                    "begin": 654,
                    "text": "power",
                    "end": 659,
                    "id": "s3-t25"
                },
                {
                    "begin": 660,
                    "text": "of",
                    "end": 662,
                    "id": "s3-t26"
                },
                {
                    "begin": 663,
                    "text": "phrasal",
                    "end": 670,
                    "id": "s3-t27"
                },
                {
                    "begin": 671,
                    "text": "SMT",
                    "end": 674,
                    "id": "s3-t28"
                },
                {
                    "begin": 675,
                    "text": "with",
                    "end": 679,
                    "id": "s3-t29"
                },
                {
                    "begin": 680,
                    "text": "the",
                    "end": 683,
                    "id": "s3-t30"
                },
                {
                    "begin": 684,
                    "text": "linguistic",
                    "end": 694,
                    "id": "s3-t31"
                },
                {
                    "begin": 695,
                    "text": "generality",
                    "end": 705,
                    "id": "s3-t32"
                },
                {
                    "begin": 706,
                    "text": "available",
                    "end": 715,
                    "id": "s3-t33"
                },
                {
                    "begin": 716,
                    "text": "in",
                    "end": 718,
                    "id": "s3-t34"
                },
                {
                    "begin": 719,
                    "text": "a",
                    "end": 720,
                    "id": "s3-t35"
                },
                {
                    "begin": 721,
                    "text": "parser",
                    "end": 727,
                    "id": "s3-t36"
                },
                {
                    "begin": 727,
                    "text": ".",
                    "end": 728,
                    "id": "s3-t37"
                }
            ],
            "id": "s3"
        }
    ],
    "text": "We describe a novel approach to statistical machine translation that combines syntactic information in the source language with recent advances in phrasal translation. This method requires a source-language dependency parser, target language word segmentation and an unsupervised word alignment component. We align a parallel corpus, project the source dependency parse onto the target sentence, extract dependency treelet translation pairs, and train a tree-based ordering model. We describe an efficient decoder and show that using these tree-based models in combination with conventional SMT models provides a promising approach that incorporates the power of phrasal SMT with the linguistic generality available in a parser.",
    "id": "5c67250f-88b3-4f23-a051-6b7243e22ec6"
}