{
    "mentions": [
        {
            "begin": 0,
            "id": "m0",
            "end": 36,
            "type": "Task",
            "text": "Listen-Communicate-Show-LRB-LCS-RRB-"
        },
        {
            "begin": 58,
            "id": "m1",
            "end": 93,
            "type": "Task",
            "text": "human interaction with data sources"
        },
        {
            "begin": 110,
            "id": "m2",
            "end": 146,
            "type": "Method",
            "text": "spoken language understanding system"
        },
        {
            "begin": 152,
            "id": "m3",
            "end": 177,
            "type": "Method",
            "text": "intelligent mobile agents"
        },
        {
            "begin": 209,
            "id": "m4",
            "end": 228,
            "type": "Material",
            "text": "information sources"
        },
        {
            "begin": 288,
            "id": "m5",
            "end": 296,
            "type": "Generic",
            "text": "approach"
        },
        {
            "begin": 304,
            "id": "m6",
            "end": 314,
            "type": "Task",
            "text": "LCS-Marine"
        },
        {
            "begin": 322,
            "id": "m7",
            "end": 332,
            "type": "Task",
            "text": "LCS-Marine"
        },
        {
            "begin": 463,
            "id": "m8",
            "end": 488,
            "type": "Method",
            "text": "mobile, intelligent agent"
        },
        {
            "begin": 565,
            "id": "m9",
            "end": 571,
            "type": "Generic",
            "text": "system"
        },
        {
            "begin": 800,
            "id": "m10",
            "end": 811,
            "type": "Material",
            "text": "new domains"
        }
    ],
    "relations": [
        {
            "args": [
                "m0",
                "m1"
            ],
            "type": "USED-FOR",
            "id": "r0"
        },
        {
            "args": [
                "m3",
                "m2"
            ],
            "type": "PART-OF",
            "id": "r1"
        },
        {
            "args": [
                "m5",
                "m6"
            ],
            "type": "USED-FOR",
            "id": "r2"
        }
    ],
    "sentences": [
        {
            "begin": 0,
            "text": "Listen-Communicate-Show-LRB-LCS-RRB-is a new paradigm for human interaction with data sources.",
            "end": 94,
            "tokens": [
                {
                    "begin": 0,
                    "text": "Listen-Communicate-Show",
                    "end": 23,
                    "id": "s0-t0"
                },
                {
                    "begin": 23,
                    "text": "-LRB-",
                    "end": 28,
                    "id": "s0-t1"
                },
                {
                    "begin": 28,
                    "text": "LCS",
                    "end": 31,
                    "id": "s0-t2"
                },
                {
                    "begin": 31,
                    "text": "-RRB-",
                    "end": 36,
                    "id": "s0-t3"
                },
                {
                    "begin": 36,
                    "text": "is",
                    "end": 38,
                    "id": "s0-t4"
                },
                {
                    "begin": 39,
                    "text": "a",
                    "end": 40,
                    "id": "s0-t5"
                },
                {
                    "begin": 41,
                    "text": "new",
                    "end": 44,
                    "id": "s0-t6"
                },
                {
                    "begin": 45,
                    "text": "paradigm",
                    "end": 53,
                    "id": "s0-t7"
                },
                {
                    "begin": 54,
                    "text": "for",
                    "end": 57,
                    "id": "s0-t8"
                },
                {
                    "begin": 58,
                    "text": "human",
                    "end": 63,
                    "id": "s0-t9"
                },
                {
                    "begin": 64,
                    "text": "interaction",
                    "end": 75,
                    "id": "s0-t10"
                },
                {
                    "begin": 76,
                    "text": "with",
                    "end": 80,
                    "id": "s0-t11"
                },
                {
                    "begin": 81,
                    "text": "data",
                    "end": 85,
                    "id": "s0-t12"
                },
                {
                    "begin": 86,
                    "text": "sources",
                    "end": 93,
                    "id": "s0-t13"
                },
                {
                    "begin": 93,
                    "text": ".",
                    "end": 94,
                    "id": "s0-t14"
                }
            ],
            "id": "s0"
        },
        {
            "begin": 94,
            "text": " We integrate a spoken language understanding system with intelligent mobile agents that mediate between users and information sources.",
            "end": 229,
            "tokens": [
                {
                    "begin": 95,
                    "text": "We",
                    "end": 97,
                    "id": "s1-t0"
                },
                {
                    "begin": 98,
                    "text": "integrate",
                    "end": 107,
                    "id": "s1-t1"
                },
                {
                    "begin": 108,
                    "text": "a",
                    "end": 109,
                    "id": "s1-t2"
                },
                {
                    "begin": 110,
                    "text": "spoken",
                    "end": 116,
                    "id": "s1-t3"
                },
                {
                    "begin": 117,
                    "text": "language",
                    "end": 125,
                    "id": "s1-t4"
                },
                {
                    "begin": 126,
                    "text": "understanding",
                    "end": 139,
                    "id": "s1-t5"
                },
                {
                    "begin": 140,
                    "text": "system",
                    "end": 146,
                    "id": "s1-t6"
                },
                {
                    "begin": 147,
                    "text": "with",
                    "end": 151,
                    "id": "s1-t7"
                },
                {
                    "begin": 152,
                    "text": "intelligent",
                    "end": 163,
                    "id": "s1-t8"
                },
                {
                    "begin": 164,
                    "text": "mobile",
                    "end": 170,
                    "id": "s1-t9"
                },
                {
                    "begin": 171,
                    "text": "agents",
                    "end": 177,
                    "id": "s1-t10"
                },
                {
                    "begin": 178,
                    "text": "that",
                    "end": 182,
                    "id": "s1-t11"
                },
                {
                    "begin": 183,
                    "text": "mediate",
                    "end": 190,
                    "id": "s1-t12"
                },
                {
                    "begin": 191,
                    "text": "between",
                    "end": 198,
                    "id": "s1-t13"
                },
                {
                    "begin": 199,
                    "text": "users",
                    "end": 204,
                    "id": "s1-t14"
                },
                {
                    "begin": 205,
                    "text": "and",
                    "end": 208,
                    "id": "s1-t15"
                },
                {
                    "begin": 209,
                    "text": "information",
                    "end": 220,
                    "id": "s1-t16"
                },
                {
                    "begin": 221,
                    "text": "sources",
                    "end": 228,
                    "id": "s1-t17"
                },
                {
                    "begin": 228,
                    "text": ".",
                    "end": 229,
                    "id": "s1-t18"
                }
            ],
            "id": "s1"
        },
        {
            "begin": 229,
            "text": " We have built and will demonstrate an application of this approach called LCS-Marine.",
            "end": 315,
            "tokens": [
                {
                    "begin": 230,
                    "text": "We",
                    "end": 232,
                    "id": "s2-t0"
                },
                {
                    "begin": 233,
                    "text": "have",
                    "end": 237,
                    "id": "s2-t1"
                },
                {
                    "begin": 238,
                    "text": "built",
                    "end": 243,
                    "id": "s2-t2"
                },
                {
                    "begin": 244,
                    "text": "and",
                    "end": 247,
                    "id": "s2-t3"
                },
                {
                    "begin": 248,
                    "text": "will",
                    "end": 252,
                    "id": "s2-t4"
                },
                {
                    "begin": 253,
                    "text": "demonstrate",
                    "end": 264,
                    "id": "s2-t5"
                },
                {
                    "begin": 265,
                    "text": "an",
                    "end": 267,
                    "id": "s2-t6"
                },
                {
                    "begin": 268,
                    "text": "application",
                    "end": 279,
                    "id": "s2-t7"
                },
                {
                    "begin": 280,
                    "text": "of",
                    "end": 282,
                    "id": "s2-t8"
                },
                {
                    "begin": 283,
                    "text": "this",
                    "end": 287,
                    "id": "s2-t9"
                },
                {
                    "begin": 288,
                    "text": "approach",
                    "end": 296,
                    "id": "s2-t10"
                },
                {
                    "begin": 297,
                    "text": "called",
                    "end": 303,
                    "id": "s2-t11"
                },
                {
                    "begin": 304,
                    "text": "LCS-Marine",
                    "end": 314,
                    "id": "s2-t12"
                },
                {
                    "begin": 314,
                    "text": ".",
                    "end": 315,
                    "id": "s2-t13"
                }
            ],
            "id": "s2"
        },
        {
            "begin": 315,
            "text": " Using LCS-Marine, tactical personnel can converse with their logistics system to place a supply or information request.",
            "end": 435,
            "tokens": [
                {
                    "begin": 316,
                    "text": "Using",
                    "end": 321,
                    "id": "s3-t0"
                },
                {
                    "begin": 322,
                    "text": "LCS-Marine",
                    "end": 332,
                    "id": "s3-t1"
                },
                {
                    "begin": 332,
                    "text": ",",
                    "end": 333,
                    "id": "s3-t2"
                },
                {
                    "begin": 334,
                    "text": "tactical",
                    "end": 342,
                    "id": "s3-t3"
                },
                {
                    "begin": 343,
                    "text": "personnel",
                    "end": 352,
                    "id": "s3-t4"
                },
                {
                    "begin": 353,
                    "text": "can",
                    "end": 356,
                    "id": "s3-t5"
                },
                {
                    "begin": 357,
                    "text": "converse",
                    "end": 365,
                    "id": "s3-t6"
                },
                {
                    "begin": 366,
                    "text": "with",
                    "end": 370,
                    "id": "s3-t7"
                },
                {
                    "begin": 371,
                    "text": "their",
                    "end": 376,
                    "id": "s3-t8"
                },
                {
                    "begin": 377,
                    "text": "logistics",
                    "end": 386,
                    "id": "s3-t9"
                },
                {
                    "begin": 387,
                    "text": "system",
                    "end": 393,
                    "id": "s3-t10"
                },
                {
                    "begin": 394,
                    "text": "to",
                    "end": 396,
                    "id": "s3-t11"
                },
                {
                    "begin": 397,
                    "text": "place",
                    "end": 402,
                    "id": "s3-t12"
                },
                {
                    "begin": 403,
                    "text": "a",
                    "end": 404,
                    "id": "s3-t13"
                },
                {
                    "begin": 405,
                    "text": "supply",
                    "end": 411,
                    "id": "s3-t14"
                },
                {
                    "begin": 412,
                    "text": "or",
                    "end": 414,
                    "id": "s3-t15"
                },
                {
                    "begin": 415,
                    "text": "information",
                    "end": 426,
                    "id": "s3-t16"
                },
                {
                    "begin": 427,
                    "text": "request",
                    "end": 434,
                    "id": "s3-t17"
                },
                {
                    "begin": 434,
                    "text": ".",
                    "end": 435,
                    "id": "s3-t18"
                }
            ],
            "id": "s3"
        },
        {
            "begin": 435,
            "text": " The request is passed to a mobile, intelligent agent for execution at the appropriate database.",
            "end": 531,
            "tokens": [
                {
                    "begin": 436,
                    "text": "The",
                    "end": 439,
                    "id": "s4-t0"
                },
                {
                    "begin": 440,
                    "text": "request",
                    "end": 447,
                    "id": "s4-t1"
                },
                {
                    "begin": 448,
                    "text": "is",
                    "end": 450,
                    "id": "s4-t2"
                },
                {
                    "begin": 451,
                    "text": "passed",
                    "end": 457,
                    "id": "s4-t3"
                },
                {
                    "begin": 458,
                    "text": "to",
                    "end": 460,
                    "id": "s4-t4"
                },
                {
                    "begin": 461,
                    "text": "a",
                    "end": 462,
                    "id": "s4-t5"
                },
                {
                    "begin": 463,
                    "text": "mobile",
                    "end": 469,
                    "id": "s4-t6"
                },
                {
                    "begin": 469,
                    "text": ",",
                    "end": 470,
                    "id": "s4-t7"
                },
                {
                    "begin": 471,
                    "text": "intelligent",
                    "end": 482,
                    "id": "s4-t8"
                },
                {
                    "begin": 483,
                    "text": "agent",
                    "end": 488,
                    "id": "s4-t9"
                },
                {
                    "begin": 489,
                    "text": "for",
                    "end": 492,
                    "id": "s4-t10"
                },
                {
                    "begin": 493,
                    "text": "execution",
                    "end": 502,
                    "id": "s4-t11"
                },
                {
                    "begin": 503,
                    "text": "at",
                    "end": 505,
                    "id": "s4-t12"
                },
                {
                    "begin": 506,
                    "text": "the",
                    "end": 509,
                    "id": "s4-t13"
                },
                {
                    "begin": 510,
                    "text": "appropriate",
                    "end": 521,
                    "id": "s4-t14"
                },
                {
                    "begin": 522,
                    "text": "database",
                    "end": 530,
                    "id": "s4-t15"
                },
                {
                    "begin": 530,
                    "text": ".",
                    "end": 531,
                    "id": "s4-t16"
                }
            ],
            "id": "s4"
        },
        {
            "begin": 531,
            "text": " Requestors can also instruct the system to notify them when the status of a request changes or when a request is complete.",
            "end": 654,
            "tokens": [
                {
                    "begin": 532,
                    "text": "Requestors",
                    "end": 542,
                    "id": "s5-t0"
                },
                {
                    "begin": 543,
                    "text": "can",
                    "end": 546,
                    "id": "s5-t1"
                },
                {
                    "begin": 547,
                    "text": "also",
                    "end": 551,
                    "id": "s5-t2"
                },
                {
                    "begin": 552,
                    "text": "instruct",
                    "end": 560,
                    "id": "s5-t3"
                },
                {
                    "begin": 561,
                    "text": "the",
                    "end": 564,
                    "id": "s5-t4"
                },
                {
                    "begin": 565,
                    "text": "system",
                    "end": 571,
                    "id": "s5-t5"
                },
                {
                    "begin": 572,
                    "text": "to",
                    "end": 574,
                    "id": "s5-t6"
                },
                {
                    "begin": 575,
                    "text": "notify",
                    "end": 581,
                    "id": "s5-t7"
                },
                {
                    "begin": 582,
                    "text": "them",
                    "end": 586,
                    "id": "s5-t8"
                },
                {
                    "begin": 587,
                    "text": "when",
                    "end": 591,
                    "id": "s5-t9"
                },
                {
                    "begin": 592,
                    "text": "the",
                    "end": 595,
                    "id": "s5-t10"
                },
                {
                    "begin": 596,
                    "text": "status",
                    "end": 602,
                    "id": "s5-t11"
                },
                {
                    "begin": 603,
                    "text": "of",
                    "end": 605,
                    "id": "s5-t12"
                },
                {
                    "begin": 606,
                    "text": "a",
                    "end": 607,
                    "id": "s5-t13"
                },
                {
                    "begin": 608,
                    "text": "request",
                    "end": 615,
                    "id": "s5-t14"
                },
                {
                    "begin": 616,
                    "text": "changes",
                    "end": 623,
                    "id": "s5-t15"
                },
                {
                    "begin": 624,
                    "text": "or",
                    "end": 626,
                    "id": "s5-t16"
                },
                {
                    "begin": 627,
                    "text": "when",
                    "end": 631,
                    "id": "s5-t17"
                },
                {
                    "begin": 632,
                    "text": "a",
                    "end": 633,
                    "id": "s5-t18"
                },
                {
                    "begin": 634,
                    "text": "request",
                    "end": 641,
                    "id": "s5-t19"
                },
                {
                    "begin": 642,
                    "text": "is",
                    "end": 644,
                    "id": "s5-t20"
                },
                {
                    "begin": 645,
                    "text": "complete",
                    "end": 653,
                    "id": "s5-t21"
                },
                {
                    "begin": 653,
                    "text": ".",
                    "end": 654,
                    "id": "s5-t22"
                }
            ],
            "id": "s5"
        },
        {
            "begin": 654,
            "text": " We have demonstrated this capability in several field exercises with the Marines and are currently developing applications of this technology in new domains.",
            "end": 812,
            "tokens": [
                {
                    "begin": 655,
                    "text": "We",
                    "end": 657,
                    "id": "s6-t0"
                },
                {
                    "begin": 658,
                    "text": "have",
                    "end": 662,
                    "id": "s6-t1"
                },
                {
                    "begin": 663,
                    "text": "demonstrated",
                    "end": 675,
                    "id": "s6-t2"
                },
                {
                    "begin": 676,
                    "text": "this",
                    "end": 680,
                    "id": "s6-t3"
                },
                {
                    "begin": 681,
                    "text": "capability",
                    "end": 691,
                    "id": "s6-t4"
                },
                {
                    "begin": 692,
                    "text": "in",
                    "end": 694,
                    "id": "s6-t5"
                },
                {
                    "begin": 695,
                    "text": "several",
                    "end": 702,
                    "id": "s6-t6"
                },
                {
                    "begin": 703,
                    "text": "field",
                    "end": 708,
                    "id": "s6-t7"
                },
                {
                    "begin": 709,
                    "text": "exercises",
                    "end": 718,
                    "id": "s6-t8"
                },
                {
                    "begin": 719,
                    "text": "with",
                    "end": 723,
                    "id": "s6-t9"
                },
                {
                    "begin": 724,
                    "text": "the",
                    "end": 727,
                    "id": "s6-t10"
                },
                {
                    "begin": 728,
                    "text": "Marines",
                    "end": 735,
                    "id": "s6-t11"
                },
                {
                    "begin": 736,
                    "text": "and",
                    "end": 739,
                    "id": "s6-t12"
                },
                {
                    "begin": 740,
                    "text": "are",
                    "end": 743,
                    "id": "s6-t13"
                },
                {
                    "begin": 744,
                    "text": "currently",
                    "end": 753,
                    "id": "s6-t14"
                },
                {
                    "begin": 754,
                    "text": "developing",
                    "end": 764,
                    "id": "s6-t15"
                },
                {
                    "begin": 765,
                    "text": "applications",
                    "end": 777,
                    "id": "s6-t16"
                },
                {
                    "begin": 778,
                    "text": "of",
                    "end": 780,
                    "id": "s6-t17"
                },
                {
                    "begin": 781,
                    "text": "this",
                    "end": 785,
                    "id": "s6-t18"
                },
                {
                    "begin": 786,
                    "text": "technology",
                    "end": 796,
                    "id": "s6-t19"
                },
                {
                    "begin": 797,
                    "text": "in",
                    "end": 799,
                    "id": "s6-t20"
                },
                {
                    "begin": 800,
                    "text": "new",
                    "end": 803,
                    "id": "s6-t21"
                },
                {
                    "begin": 804,
                    "text": "domains",
                    "end": 811,
                    "id": "s6-t22"
                },
                {
                    "begin": 811,
                    "text": ".",
                    "end": 812,
                    "id": "s6-t23"
                }
            ],
            "id": "s6"
        }
    ],
    "text": "Listen-Communicate-Show-LRB-LCS-RRB-is a new paradigm for human interaction with data sources. We integrate a spoken language understanding system with intelligent mobile agents that mediate between users and information sources. We have built and will demonstrate an application of this approach called LCS-Marine. Using LCS-Marine, tactical personnel can converse with their logistics system to place a supply or information request. The request is passed to a mobile, intelligent agent for execution at the appropriate database. Requestors can also instruct the system to notify them when the status of a request changes or when a request is complete. We have demonstrated this capability in several field exercises with the Marines and are currently developing applications of this technology in new domains.",
    "id": "af41997f-86cb-4be0-a7ef-6aaf2ac43c54"
}