{
    "mentions": [
        {
            "begin": 28,
            "id": "m0",
            "end": 56,
            "type": "Method",
            "text": "knowledge-independent method"
        },
        {
            "begin": 116,
            "id": "m1",
            "end": 145,
            "type": "Material",
            "text": "small, domain-specific corpus"
        },
        {
            "begin": 160,
            "id": "m2",
            "end": 204,
            "type": "Material",
            "text": "parallel English and Chinese court judgments"
        },
        {
            "begin": 228,
            "id": "m3",
            "end": 251,
            "type": "Material",
            "text": "sentence-aligned corpus"
        },
        {
            "begin": 253,
            "id": "m4",
            "end": 277,
            "type": "OtherScientificTerm",
            "text": "translation equivalences"
        },
        {
            "begin": 309,
            "id": "m5",
            "end": 327,
            "type": "Generic",
            "text": "frequency profiles"
        },
        {
            "begin": 331,
            "id": "m6",
            "end": 352,
            "type": "OtherScientificTerm",
            "text": "parallel concordances"
        },
        {
            "begin": 358,
            "id": "m7",
            "end": 364,
            "type": "Generic",
            "text": "method"
        },
        {
            "begin": 407,
            "id": "m8",
            "end": 426,
            "type": "Method",
            "text": "statistical methods"
        },
        {
            "begin": 441,
            "id": "m9",
            "end": 454,
            "type": "Material",
            "text": "large corpora"
        },
        {
            "begin": 476,
            "id": "m10",
            "end": 494,
            "type": "Method",
            "text": "lexical approaches"
        },
        {
            "begin": 520,
            "id": "m11",
            "end": 542,
            "type": "Material",
            "text": "bilingual dictionaries"
        },
        {
            "begin": 563,
            "id": "m12",
            "end": 578,
            "type": "Material",
            "text": "parallel corpus"
        },
        {
            "begin": 655,
            "id": "m13",
            "end": 664,
            "type": "Metric",
            "text": "precision"
        },
        {
            "begin": 673,
            "id": "m14",
            "end": 679,
            "type": "Metric",
            "text": "recall"
        },
        {
            "begin": 718,
            "id": "m15",
            "end": 727,
            "type": "Generic",
            "text": "algorithm"
        },
        {
            "begin": 777,
            "id": "m16",
            "end": 796,
            "type": "OtherScientificTerm",
            "text": "translation lexicon"
        },
        {
            "begin": 801,
            "id": "m17",
            "end": 818,
            "type": "Material",
            "text": "legal terminology"
        }
    ],
    "relations": [
        {
            "args": [
                "m2",
                "m1"
            ],
            "type": "PART-OF",
            "id": "r0"
        },
        {
            "args": [
                "m3",
                "m4"
            ],
            "type": "USED-FOR",
            "id": "r1"
        },
        {
            "args": [
                "m5",
                "m6"
            ],
            "type": "PART-OF",
            "id": "r2"
        },
        {
            "args": [
                "m7",
                "m8"
            ],
            "type": "COMPARE",
            "id": "r3"
        },
        {
            "args": [
                "m7",
                "m10"
            ],
            "type": "COMPARE",
            "id": "r4"
        },
        {
            "args": [
                "m9",
                "m8"
            ],
            "type": "USED-FOR",
            "id": "r5"
        },
        {
            "args": [
                "m11",
                "m10"
            ],
            "type": "USED-FOR",
            "id": "r6"
        },
        {
            "args": [
                "m13",
                "m14"
            ],
            "type": "CONJUNCTION",
            "id": "r7"
        },
        {
            "args": [
                "m16",
                "m17"
            ],
            "type": "USED-FOR",
            "id": "r8"
        }
    ],
    "sentences": [
        {
            "begin": 0,
            "text": "In this study, we propose a knowledge-independent method for aligning terms and thus extracting translations from a small, domain-specific corpus consisting of parallel English and Chinese court judgments from Hong Kong.",
            "end": 220,
            "tokens": [
                {
                    "begin": 0,
                    "text": "In",
                    "end": 2,
                    "id": "s0-t0"
                },
                {
                    "begin": 3,
                    "text": "this",
                    "end": 7,
                    "id": "s0-t1"
                },
                {
                    "begin": 8,
                    "text": "study",
                    "end": 13,
                    "id": "s0-t2"
                },
                {
                    "begin": 13,
                    "text": ",",
                    "end": 14,
                    "id": "s0-t3"
                },
                {
                    "begin": 15,
                    "text": "we",
                    "end": 17,
                    "id": "s0-t4"
                },
                {
                    "begin": 18,
                    "text": "propose",
                    "end": 25,
                    "id": "s0-t5"
                },
                {
                    "begin": 26,
                    "text": "a",
                    "end": 27,
                    "id": "s0-t6"
                },
                {
                    "begin": 28,
                    "text": "knowledge-independent",
                    "end": 49,
                    "id": "s0-t7"
                },
                {
                    "begin": 50,
                    "text": "method",
                    "end": 56,
                    "id": "s0-t8"
                },
                {
                    "begin": 57,
                    "text": "for",
                    "end": 60,
                    "id": "s0-t9"
                },
                {
                    "begin": 61,
                    "text": "aligning",
                    "end": 69,
                    "id": "s0-t10"
                },
                {
                    "begin": 70,
                    "text": "terms",
                    "end": 75,
                    "id": "s0-t11"
                },
                {
                    "begin": 76,
                    "text": "and",
                    "end": 79,
                    "id": "s0-t12"
                },
                {
                    "begin": 80,
                    "text": "thus",
                    "end": 84,
                    "id": "s0-t13"
                },
                {
                    "begin": 85,
                    "text": "extracting",
                    "end": 95,
                    "id": "s0-t14"
                },
                {
                    "begin": 96,
                    "text": "translations",
                    "end": 108,
                    "id": "s0-t15"
                },
                {
                    "begin": 109,
                    "text": "from",
                    "end": 113,
                    "id": "s0-t16"
                },
                {
                    "begin": 114,
                    "text": "a",
                    "end": 115,
                    "id": "s0-t17"
                },
                {
                    "begin": 116,
                    "text": "small",
                    "end": 121,
                    "id": "s0-t18"
                },
                {
                    "begin": 121,
                    "text": ",",
                    "end": 122,
                    "id": "s0-t19"
                },
                {
                    "begin": 123,
                    "text": "domain-specific",
                    "end": 138,
                    "id": "s0-t20"
                },
                {
                    "begin": 139,
                    "text": "corpus",
                    "end": 145,
                    "id": "s0-t21"
                },
                {
                    "begin": 146,
                    "text": "consisting",
                    "end": 156,
                    "id": "s0-t22"
                },
                {
                    "begin": 157,
                    "text": "of",
                    "end": 159,
                    "id": "s0-t23"
                },
                {
                    "begin": 160,
                    "text": "parallel",
                    "end": 168,
                    "id": "s0-t24"
                },
                {
                    "begin": 169,
                    "text": "English",
                    "end": 176,
                    "id": "s0-t25"
                },
                {
                    "begin": 177,
                    "text": "and",
                    "end": 180,
                    "id": "s0-t26"
                },
                {
                    "begin": 181,
                    "text": "Chinese",
                    "end": 188,
                    "id": "s0-t27"
                },
                {
                    "begin": 189,
                    "text": "court",
                    "end": 194,
                    "id": "s0-t28"
                },
                {
                    "begin": 195,
                    "text": "judgments",
                    "end": 204,
                    "id": "s0-t29"
                },
                {
                    "begin": 205,
                    "text": "from",
                    "end": 209,
                    "id": "s0-t30"
                },
                {
                    "begin": 210,
                    "text": "Hong",
                    "end": 214,
                    "id": "s0-t31"
                },
                {
                    "begin": 215,
                    "text": "Kong",
                    "end": 219,
                    "id": "s0-t32"
                },
                {
                    "begin": 219,
                    "text": ".",
                    "end": 220,
                    "id": "s0-t33"
                }
            ],
            "id": "s0"
        },
        {
            "begin": 220,
            "text": " With a sentence-aligned corpus, translation equivalences are suggested by analysing the frequency profiles of parallel concordances.",
            "end": 353,
            "tokens": [
                {
                    "begin": 221,
                    "text": "With",
                    "end": 225,
                    "id": "s1-t0"
                },
                {
                    "begin": 226,
                    "text": "a",
                    "end": 227,
                    "id": "s1-t1"
                },
                {
                    "begin": 228,
                    "text": "sentence-aligned",
                    "end": 244,
                    "id": "s1-t2"
                },
                {
                    "begin": 245,
                    "text": "corpus",
                    "end": 251,
                    "id": "s1-t3"
                },
                {
                    "begin": 251,
                    "text": ",",
                    "end": 252,
                    "id": "s1-t4"
                },
                {
                    "begin": 253,
                    "text": "translation",
                    "end": 264,
                    "id": "s1-t5"
                },
                {
                    "begin": 265,
                    "text": "equivalences",
                    "end": 277,
                    "id": "s1-t6"
                },
                {
                    "begin": 278,
                    "text": "are",
                    "end": 281,
                    "id": "s1-t7"
                },
                {
                    "begin": 282,
                    "text": "suggested",
                    "end": 291,
                    "id": "s1-t8"
                },
                {
                    "begin": 292,
                    "text": "by",
                    "end": 294,
                    "id": "s1-t9"
                },
                {
                    "begin": 295,
                    "text": "analysing",
                    "end": 304,
                    "id": "s1-t10"
                },
                {
                    "begin": 305,
                    "text": "the",
                    "end": 308,
                    "id": "s1-t11"
                },
                {
                    "begin": 309,
                    "text": "frequency",
                    "end": 318,
                    "id": "s1-t12"
                },
                {
                    "begin": 319,
                    "text": "profiles",
                    "end": 327,
                    "id": "s1-t13"
                },
                {
                    "begin": 328,
                    "text": "of",
                    "end": 330,
                    "id": "s1-t14"
                },
                {
                    "begin": 331,
                    "text": "parallel",
                    "end": 339,
                    "id": "s1-t15"
                },
                {
                    "begin": 340,
                    "text": "concordances",
                    "end": 352,
                    "id": "s1-t16"
                },
                {
                    "begin": 352,
                    "text": ".",
                    "end": 353,
                    "id": "s1-t17"
                }
            ],
            "id": "s1"
        },
        {
            "begin": 353,
            "text": " The method overcomes the limitations of conventional statistical methods which require large corpora to be effective, and lexical approaches which depend on existing bilingual dictionaries.",
            "end": 543,
            "tokens": [
                {
                    "begin": 354,
                    "text": "The",
                    "end": 357,
                    "id": "s2-t0"
                },
                {
                    "begin": 358,
                    "text": "method",
                    "end": 364,
                    "id": "s2-t1"
                },
                {
                    "begin": 365,
                    "text": "overcomes",
                    "end": 374,
                    "id": "s2-t2"
                },
                {
                    "begin": 375,
                    "text": "the",
                    "end": 378,
                    "id": "s2-t3"
                },
                {
                    "begin": 379,
                    "text": "limitations",
                    "end": 390,
                    "id": "s2-t4"
                },
                {
                    "begin": 391,
                    "text": "of",
                    "end": 393,
                    "id": "s2-t5"
                },
                {
                    "begin": 394,
                    "text": "conventional",
                    "end": 406,
                    "id": "s2-t6"
                },
                {
                    "begin": 407,
                    "text": "statistical",
                    "end": 418,
                    "id": "s2-t7"
                },
                {
                    "begin": 419,
                    "text": "methods",
                    "end": 426,
                    "id": "s2-t8"
                },
                {
                    "begin": 427,
                    "text": "which",
                    "end": 432,
                    "id": "s2-t9"
                },
                {
                    "begin": 433,
                    "text": "require",
                    "end": 440,
                    "id": "s2-t10"
                },
                {
                    "begin": 441,
                    "text": "large",
                    "end": 446,
                    "id": "s2-t11"
                },
                {
                    "begin": 447,
                    "text": "corpora",
                    "end": 454,
                    "id": "s2-t12"
                },
                {
                    "begin": 455,
                    "text": "to",
                    "end": 457,
                    "id": "s2-t13"
                },
                {
                    "begin": 458,
                    "text": "be",
                    "end": 460,
                    "id": "s2-t14"
                },
                {
                    "begin": 461,
                    "text": "effective",
                    "end": 470,
                    "id": "s2-t15"
                },
                {
                    "begin": 470,
                    "text": ",",
                    "end": 471,
                    "id": "s2-t16"
                },
                {
                    "begin": 472,
                    "text": "and",
                    "end": 475,
                    "id": "s2-t17"
                },
                {
                    "begin": 476,
                    "text": "lexical",
                    "end": 483,
                    "id": "s2-t18"
                },
                {
                    "begin": 484,
                    "text": "approaches",
                    "end": 494,
                    "id": "s2-t19"
                },
                {
                    "begin": 495,
                    "text": "which",
                    "end": 500,
                    "id": "s2-t20"
                },
                {
                    "begin": 501,
                    "text": "depend",
                    "end": 507,
                    "id": "s2-t21"
                },
                {
                    "begin": 508,
                    "text": "on",
                    "end": 510,
                    "id": "s2-t22"
                },
                {
                    "begin": 511,
                    "text": "existing",
                    "end": 519,
                    "id": "s2-t23"
                },
                {
                    "begin": 520,
                    "text": "bilingual",
                    "end": 529,
                    "id": "s2-t24"
                },
                {
                    "begin": 530,
                    "text": "dictionaries",
                    "end": 542,
                    "id": "s2-t25"
                },
                {
                    "begin": 542,
                    "text": ".",
                    "end": 543,
                    "id": "s2-t26"
                }
            ],
            "id": "s2"
        },
        {
            "begin": 543,
            "text": " Pilot testing on a parallel corpus of about 113K Chinese words and 120K English words gives an encouraging 85% precision and 45% recall.",
            "end": 680,
            "tokens": [
                {
                    "begin": 544,
                    "text": "Pilot",
                    "end": 549,
                    "id": "s3-t0"
                },
                {
                    "begin": 550,
                    "text": "testing",
                    "end": 557,
                    "id": "s3-t1"
                },
                {
                    "begin": 558,
                    "text": "on",
                    "end": 560,
                    "id": "s3-t2"
                },
                {
                    "begin": 561,
                    "text": "a",
                    "end": 562,
                    "id": "s3-t3"
                },
                {
                    "begin": 563,
                    "text": "parallel",
                    "end": 571,
                    "id": "s3-t4"
                },
                {
                    "begin": 572,
                    "text": "corpus",
                    "end": 578,
                    "id": "s3-t5"
                },
                {
                    "begin": 579,
                    "text": "of",
                    "end": 581,
                    "id": "s3-t6"
                },
                {
                    "begin": 582,
                    "text": "about",
                    "end": 587,
                    "id": "s3-t7"
                },
                {
                    "begin": 588,
                    "text": "113K",
                    "end": 592,
                    "id": "s3-t8"
                },
                {
                    "begin": 593,
                    "text": "Chinese",
                    "end": 600,
                    "id": "s3-t9"
                },
                {
                    "begin": 601,
                    "text": "words",
                    "end": 606,
                    "id": "s3-t10"
                },
                {
                    "begin": 607,
                    "text": "and",
                    "end": 610,
                    "id": "s3-t11"
                },
                {
                    "begin": 611,
                    "text": "120K",
                    "end": 615,
                    "id": "s3-t12"
                },
                {
                    "begin": 616,
                    "text": "English",
                    "end": 623,
                    "id": "s3-t13"
                },
                {
                    "begin": 624,
                    "text": "words",
                    "end": 629,
                    "id": "s3-t14"
                },
                {
                    "begin": 630,
                    "text": "gives",
                    "end": 635,
                    "id": "s3-t15"
                },
                {
                    "begin": 636,
                    "text": "an",
                    "end": 638,
                    "id": "s3-t16"
                },
                {
                    "begin": 639,
                    "text": "encouraging",
                    "end": 650,
                    "id": "s3-t17"
                },
                {
                    "begin": 651,
                    "text": "85",
                    "end": 653,
                    "id": "s3-t18"
                },
                {
                    "begin": 653,
                    "text": "%",
                    "end": 654,
                    "id": "s3-t19"
                },
                {
                    "begin": 655,
                    "text": "precision",
                    "end": 664,
                    "id": "s3-t20"
                },
                {
                    "begin": 665,
                    "text": "and",
                    "end": 668,
                    "id": "s3-t21"
                },
                {
                    "begin": 669,
                    "text": "45",
                    "end": 671,
                    "id": "s3-t22"
                },
                {
                    "begin": 671,
                    "text": "%",
                    "end": 672,
                    "id": "s3-t23"
                },
                {
                    "begin": 673,
                    "text": "recall",
                    "end": 679,
                    "id": "s3-t24"
                },
                {
                    "begin": 679,
                    "text": ".",
                    "end": 680,
                    "id": "s3-t25"
                }
            ],
            "id": "s3"
        },
        {
            "begin": 680,
            "text": " Future work includes fine-tuning the algorithm upon the analysis of the errors, and acquiring a translation lexicon for legal terminology by filtering out general terms.",
            "end": 850,
            "tokens": [
                {
                    "begin": 681,
                    "text": "Future",
                    "end": 687,
                    "id": "s4-t0"
                },
                {
                    "begin": 688,
                    "text": "work",
                    "end": 692,
                    "id": "s4-t1"
                },
                {
                    "begin": 693,
                    "text": "includes",
                    "end": 701,
                    "id": "s4-t2"
                },
                {
                    "begin": 702,
                    "text": "fine-tuning",
                    "end": 713,
                    "id": "s4-t3"
                },
                {
                    "begin": 714,
                    "text": "the",
                    "end": 717,
                    "id": "s4-t4"
                },
                {
                    "begin": 718,
                    "text": "algorithm",
                    "end": 727,
                    "id": "s4-t5"
                },
                {
                    "begin": 728,
                    "text": "upon",
                    "end": 732,
                    "id": "s4-t6"
                },
                {
                    "begin": 733,
                    "text": "the",
                    "end": 736,
                    "id": "s4-t7"
                },
                {
                    "begin": 737,
                    "text": "analysis",
                    "end": 745,
                    "id": "s4-t8"
                },
                {
                    "begin": 746,
                    "text": "of",
                    "end": 748,
                    "id": "s4-t9"
                },
                {
                    "begin": 749,
                    "text": "the",
                    "end": 752,
                    "id": "s4-t10"
                },
                {
                    "begin": 753,
                    "text": "errors",
                    "end": 759,
                    "id": "s4-t11"
                },
                {
                    "begin": 759,
                    "text": ",",
                    "end": 760,
                    "id": "s4-t12"
                },
                {
                    "begin": 761,
                    "text": "and",
                    "end": 764,
                    "id": "s4-t13"
                },
                {
                    "begin": 765,
                    "text": "acquiring",
                    "end": 774,
                    "id": "s4-t14"
                },
                {
                    "begin": 775,
                    "text": "a",
                    "end": 776,
                    "id": "s4-t15"
                },
                {
                    "begin": 777,
                    "text": "translation",
                    "end": 788,
                    "id": "s4-t16"
                },
                {
                    "begin": 789,
                    "text": "lexicon",
                    "end": 796,
                    "id": "s4-t17"
                },
                {
                    "begin": 797,
                    "text": "for",
                    "end": 800,
                    "id": "s4-t18"
                },
                {
                    "begin": 801,
                    "text": "legal",
                    "end": 806,
                    "id": "s4-t19"
                },
                {
                    "begin": 807,
                    "text": "terminology",
                    "end": 818,
                    "id": "s4-t20"
                },
                {
                    "begin": 819,
                    "text": "by",
                    "end": 821,
                    "id": "s4-t21"
                },
                {
                    "begin": 822,
                    "text": "filtering",
                    "end": 831,
                    "id": "s4-t22"
                },
                {
                    "begin": 832,
                    "text": "out",
                    "end": 835,
                    "id": "s4-t23"
                },
                {
                    "begin": 836,
                    "text": "general",
                    "end": 843,
                    "id": "s4-t24"
                },
                {
                    "begin": 844,
                    "text": "terms",
                    "end": 849,
                    "id": "s4-t25"
                },
                {
                    "begin": 849,
                    "text": ".",
                    "end": 850,
                    "id": "s4-t26"
                }
            ],
            "id": "s4"
        }
    ],
    "text": "In this study, we propose a knowledge-independent method for aligning terms and thus extracting translations from a small, domain-specific corpus consisting of parallel English and Chinese court judgments from Hong Kong. With a sentence-aligned corpus, translation equivalences are suggested by analysing the frequency profiles of parallel concordances. The method overcomes the limitations of conventional statistical methods which require large corpora to be effective, and lexical approaches which depend on existing bilingual dictionaries. Pilot testing on a parallel corpus of about 113K Chinese words and 120K English words gives an encouraging 85% precision and 45% recall. Future work includes fine-tuning the algorithm upon the analysis of the errors, and acquiring a translation lexicon for legal terminology by filtering out general terms.",
    "id": "969bf472-bb7c-4a2c-be58-516093d2cdc6"
}