{
    "mentions": [
        {
            "begin": 67,
            "id": "m0",
            "end": 102,
            "type": "Material",
            "text": "language corpus annotation scenario"
        },
        {
            "begin": 117,
            "id": "m1",
            "end": 136,
            "type": "OtherScientificTerm",
            "text": "discourse relations"
        },
        {
            "begin": 140,
            "id": "m2",
            "end": 145,
            "type": "Material",
            "text": "Czech"
        },
        {
            "begin": 192,
            "id": "m3",
            "end": 238,
            "type": "OtherScientificTerm",
            "text": "syntactically motivated relations in discourse"
        },
        {
            "begin": 297,
            "id": "m4",
            "end": 327,
            "type": "Material",
            "text": "Prague Dependency Treebank 2.0"
        },
        {
            "begin": 336,
            "id": "m5",
            "end": 361,
            "type": "Material",
            "text": "Penn Discourse Treebank 2"
        },
        {
            "begin": 401,
            "id": "m6",
            "end": 456,
            "type": "OtherScientificTerm",
            "text": "syntactico-semantic-LRB-tectogrammatical-RRB-annotation"
        },
        {
            "begin": 464,
            "id": "m7",
            "end": 490,
            "type": "Material",
            "text": "Prague Dependency Treebank"
        },
        {
            "begin": 499,
            "id": "m8",
            "end": 501,
            "type": "Generic",
            "text": "it"
        },
        {
            "begin": 524,
            "id": "m9",
            "end": 565,
            "type": "Task",
            "text": "sentence-boundary-crossing representation"
        },
        {
            "begin": 598,
            "id": "m10",
            "end": 627,
            "type": "Task",
            "text": "discourse level of annotation"
        },
        {
            "begin": 726,
            "id": "m11",
            "end": 760,
            "type": "Method",
            "text": "Praguian dependency-based approach"
        },
        {
            "begin": 777,
            "id": "m12",
            "end": 802,
            "type": "Method",
            "text": "Penn discourse annotation"
        },
        {
            "begin": 826,
            "id": "m13",
            "end": 878,
            "type": "Method",
            "text": "analysis and classification of discourse connectives"
        }
    ],
    "relations": [
        {
            "args": [
                "m0",
                "m1"
            ],
            "type": "USED-FOR",
            "id": "r0"
        },
        {
            "args": [
                "m2",
                "m1"
            ],
            "type": "FEATURE-OF",
            "id": "r1"
        },
        {
            "args": [
                "m4",
                "m3"
            ],
            "type": "USED-FOR",
            "id": "r2"
        },
        {
            "args": [
                "m4",
                "m5"
            ],
            "type": "CONJUNCTION",
            "id": "r3"
        },
        {
            "args": [
                "m5",
                "m3"
            ],
            "type": "USED-FOR",
            "id": "r4"
        },
        {
            "args": [
                "m6",
                "m7"
            ],
            "type": "PART-OF",
            "id": "r5"
        },
        {
            "args": [
                "m8",
                "m9"
            ],
            "type": "USED-FOR",
            "id": "r6"
        },
        {
            "args": [
                "m8",
                "m10"
            ],
            "type": "USED-FOR",
            "id": "r7"
        },
        {
            "args": [
                "m12",
                "m11"
            ],
            "type": "COMPARE",
            "id": "r8"
        },
        {
            "args": [
                "m13",
                "m11"
            ],
            "type": "EVALUATE-FOR",
            "id": "r9"
        },
        {
            "args": [
                "m13",
                "m12"
            ],
            "type": "EVALUATE-FOR",
            "id": "r10"
        }
    ],
    "sentences": [
        {
            "begin": 0,
            "text": "The present paper reports on a preparatory research for building a language corpus annotation scenario capturing the discourse relations in Czech.",
            "end": 146,
            "tokens": [
                {
                    "begin": 0,
                    "text": "The",
                    "end": 3,
                    "id": "s0-t0"
                },
                {
                    "begin": 4,
                    "text": "present",
                    "end": 11,
                    "id": "s0-t1"
                },
                {
                    "begin": 12,
                    "text": "paper",
                    "end": 17,
                    "id": "s0-t2"
                },
                {
                    "begin": 18,
                    "text": "reports",
                    "end": 25,
                    "id": "s0-t3"
                },
                {
                    "begin": 26,
                    "text": "on",
                    "end": 28,
                    "id": "s0-t4"
                },
                {
                    "begin": 29,
                    "text": "a",
                    "end": 30,
                    "id": "s0-t5"
                },
                {
                    "begin": 31,
                    "text": "preparatory",
                    "end": 42,
                    "id": "s0-t6"
                },
                {
                    "begin": 43,
                    "text": "research",
                    "end": 51,
                    "id": "s0-t7"
                },
                {
                    "begin": 52,
                    "text": "for",
                    "end": 55,
                    "id": "s0-t8"
                },
                {
                    "begin": 56,
                    "text": "building",
                    "end": 64,
                    "id": "s0-t9"
                },
                {
                    "begin": 65,
                    "text": "a",
                    "end": 66,
                    "id": "s0-t10"
                },
                {
                    "begin": 67,
                    "text": "language",
                    "end": 75,
                    "id": "s0-t11"
                },
                {
                    "begin": 76,
                    "text": "corpus",
                    "end": 82,
                    "id": "s0-t12"
                },
                {
                    "begin": 83,
                    "text": "annotation",
                    "end": 93,
                    "id": "s0-t13"
                },
                {
                    "begin": 94,
                    "text": "scenario",
                    "end": 102,
                    "id": "s0-t14"
                },
                {
                    "begin": 103,
                    "text": "capturing",
                    "end": 112,
                    "id": "s0-t15"
                },
                {
                    "begin": 113,
                    "text": "the",
                    "end": 116,
                    "id": "s0-t16"
                },
                {
                    "begin": 117,
                    "text": "discourse",
                    "end": 126,
                    "id": "s0-t17"
                },
                {
                    "begin": 127,
                    "text": "relations",
                    "end": 136,
                    "id": "s0-t18"
                },
                {
                    "begin": 137,
                    "text": "in",
                    "end": 139,
                    "id": "s0-t19"
                },
                {
                    "begin": 140,
                    "text": "Czech",
                    "end": 145,
                    "id": "s0-t20"
                },
                {
                    "begin": 145,
                    "text": ".",
                    "end": 146,
                    "id": "s0-t21"
                }
            ],
            "id": "s0"
        },
        {
            "begin": 146,
            "text": " We primarily focus on the description of the syntactically motivated relations in discourse, basing our findings on the theoretical background of the Prague Dependency Treebank 2.0 and the Penn Discourse Treebank 2.",
            "end": 362,
            "tokens": [
                {
                    "begin": 147,
                    "text": "We",
                    "end": 149,
                    "id": "s1-t0"
                },
                {
                    "begin": 150,
                    "text": "primarily",
                    "end": 159,
                    "id": "s1-t1"
                },
                {
                    "begin": 160,
                    "text": "focus",
                    "end": 165,
                    "id": "s1-t2"
                },
                {
                    "begin": 166,
                    "text": "on",
                    "end": 168,
                    "id": "s1-t3"
                },
                {
                    "begin": 169,
                    "text": "the",
                    "end": 172,
                    "id": "s1-t4"
                },
                {
                    "begin": 173,
                    "text": "description",
                    "end": 184,
                    "id": "s1-t5"
                },
                {
                    "begin": 185,
                    "text": "of",
                    "end": 187,
                    "id": "s1-t6"
                },
                {
                    "begin": 188,
                    "text": "the",
                    "end": 191,
                    "id": "s1-t7"
                },
                {
                    "begin": 192,
                    "text": "syntactically",
                    "end": 205,
                    "id": "s1-t8"
                },
                {
                    "begin": 206,
                    "text": "motivated",
                    "end": 215,
                    "id": "s1-t9"
                },
                {
                    "begin": 216,
                    "text": "relations",
                    "end": 225,
                    "id": "s1-t10"
                },
                {
                    "begin": 226,
                    "text": "in",
                    "end": 228,
                    "id": "s1-t11"
                },
                {
                    "begin": 229,
                    "text": "discourse",
                    "end": 238,
                    "id": "s1-t12"
                },
                {
                    "begin": 238,
                    "text": ",",
                    "end": 239,
                    "id": "s1-t13"
                },
                {
                    "begin": 240,
                    "text": "basing",
                    "end": 246,
                    "id": "s1-t14"
                },
                {
                    "begin": 247,
                    "text": "our",
                    "end": 250,
                    "id": "s1-t15"
                },
                {
                    "begin": 251,
                    "text": "findings",
                    "end": 259,
                    "id": "s1-t16"
                },
                {
                    "begin": 260,
                    "text": "on",
                    "end": 262,
                    "id": "s1-t17"
                },
                {
                    "begin": 263,
                    "text": "the",
                    "end": 266,
                    "id": "s1-t18"
                },
                {
                    "begin": 267,
                    "text": "theoretical",
                    "end": 278,
                    "id": "s1-t19"
                },
                {
                    "begin": 279,
                    "text": "background",
                    "end": 289,
                    "id": "s1-t20"
                },
                {
                    "begin": 290,
                    "text": "of",
                    "end": 292,
                    "id": "s1-t21"
                },
                {
                    "begin": 293,
                    "text": "the",
                    "end": 296,
                    "id": "s1-t22"
                },
                {
                    "begin": 297,
                    "text": "Prague",
                    "end": 303,
                    "id": "s1-t23"
                },
                {
                    "begin": 304,
                    "text": "Dependency",
                    "end": 314,
                    "id": "s1-t24"
                },
                {
                    "begin": 315,
                    "text": "Treebank",
                    "end": 323,
                    "id": "s1-t25"
                },
                {
                    "begin": 324,
                    "text": "2.0",
                    "end": 327,
                    "id": "s1-t26"
                },
                {
                    "begin": 328,
                    "text": "and",
                    "end": 331,
                    "id": "s1-t27"
                },
                {
                    "begin": 332,
                    "text": "the",
                    "end": 335,
                    "id": "s1-t28"
                },
                {
                    "begin": 336,
                    "text": "Penn",
                    "end": 340,
                    "id": "s1-t29"
                },
                {
                    "begin": 341,
                    "text": "Discourse",
                    "end": 350,
                    "id": "s1-t30"
                },
                {
                    "begin": 351,
                    "text": "Treebank",
                    "end": 359,
                    "id": "s1-t31"
                },
                {
                    "begin": 360,
                    "text": "2",
                    "end": 361,
                    "id": "s1-t32"
                },
                {
                    "begin": 361,
                    "text": ".",
                    "end": 362,
                    "id": "s1-t33"
                }
            ],
            "id": "s1"
        },
        {
            "begin": 362,
            "text": " Our aim is to revisit the present-day syntactico-semantic-LRB-tectogrammatical-RRB-annotation in the Prague Dependency Treebank, extend it for the purposes of a sentence-boundary-crossing representation and eventually to design a new, discourse level of annotation.",
            "end": 628,
            "tokens": [
                {
                    "begin": 363,
                    "text": "Our",
                    "end": 366,
                    "id": "s2-t0"
                },
                {
                    "begin": 367,
                    "text": "aim",
                    "end": 370,
                    "id": "s2-t1"
                },
                {
                    "begin": 371,
                    "text": "is",
                    "end": 373,
                    "id": "s2-t2"
                },
                {
                    "begin": 374,
                    "text": "to",
                    "end": 376,
                    "id": "s2-t3"
                },
                {
                    "begin": 377,
                    "text": "revisit",
                    "end": 384,
                    "id": "s2-t4"
                },
                {
                    "begin": 385,
                    "text": "the",
                    "end": 388,
                    "id": "s2-t5"
                },
                {
                    "begin": 389,
                    "text": "present-day",
                    "end": 400,
                    "id": "s2-t6"
                },
                {
                    "begin": 401,
                    "text": "syntactico-semantic",
                    "end": 420,
                    "id": "s2-t7"
                },
                {
                    "begin": 420,
                    "text": "-LRB-",
                    "end": 425,
                    "id": "s2-t8"
                },
                {
                    "begin": 425,
                    "text": "tectogrammatical",
                    "end": 441,
                    "id": "s2-t9"
                },
                {
                    "begin": 441,
                    "text": "-RRB-",
                    "end": 446,
                    "id": "s2-t10"
                },
                {
                    "begin": 446,
                    "text": "annotation",
                    "end": 456,
                    "id": "s2-t11"
                },
                {
                    "begin": 457,
                    "text": "in",
                    "end": 459,
                    "id": "s2-t12"
                },
                {
                    "begin": 460,
                    "text": "the",
                    "end": 463,
                    "id": "s2-t13"
                },
                {
                    "begin": 464,
                    "text": "Prague",
                    "end": 470,
                    "id": "s2-t14"
                },
                {
                    "begin": 471,
                    "text": "Dependency",
                    "end": 481,
                    "id": "s2-t15"
                },
                {
                    "begin": 482,
                    "text": "Treebank",
                    "end": 490,
                    "id": "s2-t16"
                },
                {
                    "begin": 490,
                    "text": ",",
                    "end": 491,
                    "id": "s2-t17"
                },
                {
                    "begin": 492,
                    "text": "extend",
                    "end": 498,
                    "id": "s2-t18"
                },
                {
                    "begin": 499,
                    "text": "it",
                    "end": 501,
                    "id": "s2-t19"
                },
                {
                    "begin": 502,
                    "text": "for",
                    "end": 505,
                    "id": "s2-t20"
                },
                {
                    "begin": 506,
                    "text": "the",
                    "end": 509,
                    "id": "s2-t21"
                },
                {
                    "begin": 510,
                    "text": "purposes",
                    "end": 518,
                    "id": "s2-t22"
                },
                {
                    "begin": 519,
                    "text": "of",
                    "end": 521,
                    "id": "s2-t23"
                },
                {
                    "begin": 522,
                    "text": "a",
                    "end": 523,
                    "id": "s2-t24"
                },
                {
                    "begin": 524,
                    "text": "sentence-boundary-crossing",
                    "end": 550,
                    "id": "s2-t25"
                },
                {
                    "begin": 551,
                    "text": "representation",
                    "end": 565,
                    "id": "s2-t26"
                },
                {
                    "begin": 566,
                    "text": "and",
                    "end": 569,
                    "id": "s2-t27"
                },
                {
                    "begin": 570,
                    "text": "eventually",
                    "end": 580,
                    "id": "s2-t28"
                },
                {
                    "begin": 581,
                    "text": "to",
                    "end": 583,
                    "id": "s2-t29"
                },
                {
                    "begin": 584,
                    "text": "design",
                    "end": 590,
                    "id": "s2-t30"
                },
                {
                    "begin": 591,
                    "text": "a",
                    "end": 592,
                    "id": "s2-t31"
                },
                {
                    "begin": 593,
                    "text": "new",
                    "end": 596,
                    "id": "s2-t32"
                },
                {
                    "begin": 596,
                    "text": ",",
                    "end": 597,
                    "id": "s2-t33"
                },
                {
                    "begin": 598,
                    "text": "discourse",
                    "end": 607,
                    "id": "s2-t34"
                },
                {
                    "begin": 608,
                    "text": "level",
                    "end": 613,
                    "id": "s2-t35"
                },
                {
                    "begin": 614,
                    "text": "of",
                    "end": 616,
                    "id": "s2-t36"
                },
                {
                    "begin": 617,
                    "text": "annotation",
                    "end": 627,
                    "id": "s2-t37"
                },
                {
                    "begin": 627,
                    "text": ".",
                    "end": 628,
                    "id": "s2-t38"
                }
            ],
            "id": "s2"
        },
        {
            "begin": 628,
            "text": " In this paper, we propose a feasible process of such a transfer, comparing the possibilities the Praguian dependency-based approach offers with the Penn discourse annotation based primarily on the analysis and classification of discourse connectives.",
            "end": 879,
            "tokens": [
                {
                    "begin": 629,
                    "text": "In",
                    "end": 631,
                    "id": "s3-t0"
                },
                {
                    "begin": 632,
                    "text": "this",
                    "end": 636,
                    "id": "s3-t1"
                },
                {
                    "begin": 637,
                    "text": "paper",
                    "end": 642,
                    "id": "s3-t2"
                },
                {
                    "begin": 642,
                    "text": ",",
                    "end": 643,
                    "id": "s3-t3"
                },
                {
                    "begin": 644,
                    "text": "we",
                    "end": 646,
                    "id": "s3-t4"
                },
                {
                    "begin": 647,
                    "text": "propose",
                    "end": 654,
                    "id": "s3-t5"
                },
                {
                    "begin": 655,
                    "text": "a",
                    "end": 656,
                    "id": "s3-t6"
                },
                {
                    "begin": 657,
                    "text": "feasible",
                    "end": 665,
                    "id": "s3-t7"
                },
                {
                    "begin": 666,
                    "text": "process",
                    "end": 673,
                    "id": "s3-t8"
                },
                {
                    "begin": 674,
                    "text": "of",
                    "end": 676,
                    "id": "s3-t9"
                },
                {
                    "begin": 677,
                    "text": "such",
                    "end": 681,
                    "id": "s3-t10"
                },
                {
                    "begin": 682,
                    "text": "a",
                    "end": 683,
                    "id": "s3-t11"
                },
                {
                    "begin": 684,
                    "text": "transfer",
                    "end": 692,
                    "id": "s3-t12"
                },
                {
                    "begin": 692,
                    "text": ",",
                    "end": 693,
                    "id": "s3-t13"
                },
                {
                    "begin": 694,
                    "text": "comparing",
                    "end": 703,
                    "id": "s3-t14"
                },
                {
                    "begin": 704,
                    "text": "the",
                    "end": 707,
                    "id": "s3-t15"
                },
                {
                    "begin": 708,
                    "text": "possibilities",
                    "end": 721,
                    "id": "s3-t16"
                },
                {
                    "begin": 722,
                    "text": "the",
                    "end": 725,
                    "id": "s3-t17"
                },
                {
                    "begin": 726,
                    "text": "Praguian",
                    "end": 734,
                    "id": "s3-t18"
                },
                {
                    "begin": 735,
                    "text": "dependency-based",
                    "end": 751,
                    "id": "s3-t19"
                },
                {
                    "begin": 752,
                    "text": "approach",
                    "end": 760,
                    "id": "s3-t20"
                },
                {
                    "begin": 761,
                    "text": "offers",
                    "end": 767,
                    "id": "s3-t21"
                },
                {
                    "begin": 768,
                    "text": "with",
                    "end": 772,
                    "id": "s3-t22"
                },
                {
                    "begin": 773,
                    "text": "the",
                    "end": 776,
                    "id": "s3-t23"
                },
                {
                    "begin": 777,
                    "text": "Penn",
                    "end": 781,
                    "id": "s3-t24"
                },
                {
                    "begin": 782,
                    "text": "discourse",
                    "end": 791,
                    "id": "s3-t25"
                },
                {
                    "begin": 792,
                    "text": "annotation",
                    "end": 802,
                    "id": "s3-t26"
                },
                {
                    "begin": 803,
                    "text": "based",
                    "end": 808,
                    "id": "s3-t27"
                },
                {
                    "begin": 809,
                    "text": "primarily",
                    "end": 818,
                    "id": "s3-t28"
                },
                {
                    "begin": 819,
                    "text": "on",
                    "end": 821,
                    "id": "s3-t29"
                },
                {
                    "begin": 822,
                    "text": "the",
                    "end": 825,
                    "id": "s3-t30"
                },
                {
                    "begin": 826,
                    "text": "analysis",
                    "end": 834,
                    "id": "s3-t31"
                },
                {
                    "begin": 835,
                    "text": "and",
                    "end": 838,
                    "id": "s3-t32"
                },
                {
                    "begin": 839,
                    "text": "classification",
                    "end": 853,
                    "id": "s3-t33"
                },
                {
                    "begin": 854,
                    "text": "of",
                    "end": 856,
                    "id": "s3-t34"
                },
                {
                    "begin": 857,
                    "text": "discourse",
                    "end": 866,
                    "id": "s3-t35"
                },
                {
                    "begin": 867,
                    "text": "connectives",
                    "end": 878,
                    "id": "s3-t36"
                },
                {
                    "begin": 878,
                    "text": ".",
                    "end": 879,
                    "id": "s3-t37"
                }
            ],
            "id": "s3"
        }
    ],
    "text": "The present paper reports on a preparatory research for building a language corpus annotation scenario capturing the discourse relations in Czech. We primarily focus on the description of the syntactically motivated relations in discourse, basing our findings on the theoretical background of the Prague Dependency Treebank 2.0 and the Penn Discourse Treebank 2. Our aim is to revisit the present-day syntactico-semantic-LRB-tectogrammatical-RRB-annotation in the Prague Dependency Treebank, extend it for the purposes of a sentence-boundary-crossing representation and eventually to design a new, discourse level of annotation. In this paper, we propose a feasible process of such a transfer, comparing the possibilities the Praguian dependency-based approach offers with the Penn discourse annotation based primarily on the analysis and classification of discourse connectives.",
    "id": "bac34a97-3a8a-4402-8e53-8bbfe922c5af"
}