{
    "mentions": [
        {
            "begin": 31,
            "id": "m0",
            "end": 54,
            "type": "Method",
            "text": "Tree Adjoining Grammars"
        },
        {
            "begin": 63,
            "id": "m1",
            "end": 67,
            "type": "Generic",
            "text": "they"
        },
        {
            "begin": 76,
            "id": "m2",
            "end": 117,
            "type": "OtherScientificTerm",
            "text": "extended domain of locality-LRB-EDOL-RRB-"
        },
        {
            "begin": 179,
            "id": "m3",
            "end": 208,
            "type": "Method",
            "text": "feature structure unification"
        },
        {
            "begin": 216,
            "id": "m4",
            "end": 223,
            "type": "Task",
            "text": "parsing"
        },
        {
            "begin": 254,
            "id": "m5",
            "end": 285,
            "type": "Method",
            "text": "lexicalized grammars of English"
        },
        {
            "begin": 287,
            "id": "m6",
            "end": 293,
            "type": "Method",
            "text": "LEXSYS"
        },
        {
            "begin": 298,
            "id": "m7",
            "end": 302,
            "type": "Method",
            "text": "XTAG"
        },
        {
            "begin": 325,
            "id": "m8",
            "end": 333,
            "type": "Method",
            "text": "grammars"
        },
        {
            "begin": 342,
            "id": "m9",
            "end": 346,
            "type": "OtherScientificTerm",
            "text": "EDOL"
        }
    ],
    "relations": [
        {
            "args": [
                "m0",
                "m2"
            ],
            "type": "FEATURE-OF",
            "id": "r0"
        },
        {
            "args": [
                "m3",
                "m4"
            ],
            "type": "USED-FOR",
            "id": "r1"
        },
        {
            "args": [
                "m6",
                "m5"
            ],
            "type": "HYPONYM-OF",
            "id": "r2"
        },
        {
            "args": [
                "m6",
                "m7"
            ],
            "type": "COMPARE",
            "id": "r3"
        },
        {
            "args": [
                "m7",
                "m5"
            ],
            "type": "HYPONYM-OF",
            "id": "r4"
        },
        {
            "args": [
                "m8",
                "m9"
            ],
            "type": "USED-FOR",
            "id": "r5"
        }
    ],
    "sentences": [
        {
            "begin": 0,
            "text": "One of the claimed benefits of Tree Adjoining Grammars is that they have an extended domain of locality-LRB-EDOL-RRB-.",
            "end": 118,
            "tokens": [
                {
                    "begin": 0,
                    "text": "One",
                    "end": 3,
                    "id": "s0-t0"
                },
                {
                    "begin": 4,
                    "text": "of",
                    "end": 6,
                    "id": "s0-t1"
                },
                {
                    "begin": 7,
                    "text": "the",
                    "end": 10,
                    "id": "s0-t2"
                },
                {
                    "begin": 11,
                    "text": "claimed",
                    "end": 18,
                    "id": "s0-t3"
                },
                {
                    "begin": 19,
                    "text": "benefits",
                    "end": 27,
                    "id": "s0-t4"
                },
                {
                    "begin": 28,
                    "text": "of",
                    "end": 30,
                    "id": "s0-t5"
                },
                {
                    "begin": 31,
                    "text": "Tree",
                    "end": 35,
                    "id": "s0-t6"
                },
                {
                    "begin": 36,
                    "text": "Adjoining",
                    "end": 45,
                    "id": "s0-t7"
                },
                {
                    "begin": 46,
                    "text": "Grammars",
                    "end": 54,
                    "id": "s0-t8"
                },
                {
                    "begin": 55,
                    "text": "is",
                    "end": 57,
                    "id": "s0-t9"
                },
                {
                    "begin": 58,
                    "text": "that",
                    "end": 62,
                    "id": "s0-t10"
                },
                {
                    "begin": 63,
                    "text": "they",
                    "end": 67,
                    "id": "s0-t11"
                },
                {
                    "begin": 68,
                    "text": "have",
                    "end": 72,
                    "id": "s0-t12"
                },
                {
                    "begin": 73,
                    "text": "an",
                    "end": 75,
                    "id": "s0-t13"
                },
                {
                    "begin": 76,
                    "text": "extended",
                    "end": 84,
                    "id": "s0-t14"
                },
                {
                    "begin": 85,
                    "text": "domain",
                    "end": 91,
                    "id": "s0-t15"
                },
                {
                    "begin": 92,
                    "text": "of",
                    "end": 94,
                    "id": "s0-t16"
                },
                {
                    "begin": 95,
                    "text": "locality",
                    "end": 103,
                    "id": "s0-t17"
                },
                {
                    "begin": 103,
                    "text": "-LRB-",
                    "end": 108,
                    "id": "s0-t18"
                },
                {
                    "begin": 108,
                    "text": "EDOL",
                    "end": 112,
                    "id": "s0-t19"
                },
                {
                    "begin": 112,
                    "text": "-RRB-",
                    "end": 117,
                    "id": "s0-t20"
                },
                {
                    "begin": 117,
                    "text": ".",
                    "end": 118,
                    "id": "s0-t21"
                }
            ],
            "id": "s0"
        },
        {
            "begin": 118,
            "text": " We consider how this can be exploited to limit the need for feature structure unification during parsing.",
            "end": 224,
            "tokens": [
                {
                    "begin": 119,
                    "text": "We",
                    "end": 121,
                    "id": "s1-t0"
                },
                {
                    "begin": 122,
                    "text": "consider",
                    "end": 130,
                    "id": "s1-t1"
                },
                {
                    "begin": 131,
                    "text": "how",
                    "end": 134,
                    "id": "s1-t2"
                },
                {
                    "begin": 135,
                    "text": "this",
                    "end": 139,
                    "id": "s1-t3"
                },
                {
                    "begin": 140,
                    "text": "can",
                    "end": 143,
                    "id": "s1-t4"
                },
                {
                    "begin": 144,
                    "text": "be",
                    "end": 146,
                    "id": "s1-t5"
                },
                {
                    "begin": 147,
                    "text": "exploited",
                    "end": 156,
                    "id": "s1-t6"
                },
                {
                    "begin": 157,
                    "text": "to",
                    "end": 159,
                    "id": "s1-t7"
                },
                {
                    "begin": 160,
                    "text": "limit",
                    "end": 165,
                    "id": "s1-t8"
                },
                {
                    "begin": 166,
                    "text": "the",
                    "end": 169,
                    "id": "s1-t9"
                },
                {
                    "begin": 170,
                    "text": "need",
                    "end": 174,
                    "id": "s1-t10"
                },
                {
                    "begin": 175,
                    "text": "for",
                    "end": 178,
                    "id": "s1-t11"
                },
                {
                    "begin": 179,
                    "text": "feature",
                    "end": 186,
                    "id": "s1-t12"
                },
                {
                    "begin": 187,
                    "text": "structure",
                    "end": 196,
                    "id": "s1-t13"
                },
                {
                    "begin": 197,
                    "text": "unification",
                    "end": 208,
                    "id": "s1-t14"
                },
                {
                    "begin": 209,
                    "text": "during",
                    "end": 215,
                    "id": "s1-t15"
                },
                {
                    "begin": 216,
                    "text": "parsing",
                    "end": 223,
                    "id": "s1-t16"
                },
                {
                    "begin": 223,
                    "text": ".",
                    "end": 224,
                    "id": "s1-t17"
                }
            ],
            "id": "s1"
        },
        {
            "begin": 224,
            "text": " We compare two wide-coverage lexicalized grammars of English, LEXSYS and XTAG, finding that the two grammars exploit EDOL in different ways.",
            "end": 365,
            "tokens": [
                {
                    "begin": 225,
                    "text": "We",
                    "end": 227,
                    "id": "s2-t0"
                },
                {
                    "begin": 228,
                    "text": "compare",
                    "end": 235,
                    "id": "s2-t1"
                },
                {
                    "begin": 236,
                    "text": "two",
                    "end": 239,
                    "id": "s2-t2"
                },
                {
                    "begin": 240,
                    "text": "wide-coverage",
                    "end": 253,
                    "id": "s2-t3"
                },
                {
                    "begin": 254,
                    "text": "lexicalized",
                    "end": 265,
                    "id": "s2-t4"
                },
                {
                    "begin": 266,
                    "text": "grammars",
                    "end": 274,
                    "id": "s2-t5"
                },
                {
                    "begin": 275,
                    "text": "of",
                    "end": 277,
                    "id": "s2-t6"
                },
                {
                    "begin": 278,
                    "text": "English",
                    "end": 285,
                    "id": "s2-t7"
                },
                {
                    "begin": 285,
                    "text": ",",
                    "end": 286,
                    "id": "s2-t8"
                },
                {
                    "begin": 287,
                    "text": "LEXSYS",
                    "end": 293,
                    "id": "s2-t9"
                },
                {
                    "begin": 294,
                    "text": "and",
                    "end": 297,
                    "id": "s2-t10"
                },
                {
                    "begin": 298,
                    "text": "XTAG",
                    "end": 302,
                    "id": "s2-t11"
                },
                {
                    "begin": 302,
                    "text": ",",
                    "end": 303,
                    "id": "s2-t12"
                },
                {
                    "begin": 304,
                    "text": "finding",
                    "end": 311,
                    "id": "s2-t13"
                },
                {
                    "begin": 312,
                    "text": "that",
                    "end": 316,
                    "id": "s2-t14"
                },
                {
                    "begin": 317,
                    "text": "the",
                    "end": 320,
                    "id": "s2-t15"
                },
                {
                    "begin": 321,
                    "text": "two",
                    "end": 324,
                    "id": "s2-t16"
                },
                {
                    "begin": 325,
                    "text": "grammars",
                    "end": 333,
                    "id": "s2-t17"
                },
                {
                    "begin": 334,
                    "text": "exploit",
                    "end": 341,
                    "id": "s2-t18"
                },
                {
                    "begin": 342,
                    "text": "EDOL",
                    "end": 346,
                    "id": "s2-t19"
                },
                {
                    "begin": 347,
                    "text": "in",
                    "end": 349,
                    "id": "s2-t20"
                },
                {
                    "begin": 350,
                    "text": "different",
                    "end": 359,
                    "id": "s2-t21"
                },
                {
                    "begin": 360,
                    "text": "ways",
                    "end": 364,
                    "id": "s2-t22"
                },
                {
                    "begin": 364,
                    "text": ".",
                    "end": 365,
                    "id": "s2-t23"
                }
            ],
            "id": "s2"
        }
    ],
    "text": "One of the claimed benefits of Tree Adjoining Grammars is that they have an extended domain of locality-LRB-EDOL-RRB-. We consider how this can be exploited to limit the need for feature structure unification during parsing. We compare two wide-coverage lexicalized grammars of English, LEXSYS and XTAG, finding that the two grammars exploit EDOL in different ways.",
    "id": "4512e0b8-b4fa-475d-bc70-fe3699e4c45c"
}