{
    "mentions": [
        {
            "begin": 0,
            "id": "m0",
            "end": 28,
            "type": "Metric",
            "text": "Automatic evaluation metrics"
        },
        {
            "begin": 33,
            "id": "m1",
            "end": 71,
            "type": "Task",
            "text": "Machine Translation-LRB-MT-RRB-systems"
        },
        {
            "begin": 81,
            "id": "m2",
            "end": 85,
            "type": "Metric",
            "text": "BLEU"
        },
        {
            "begin": 89,
            "id": "m3",
            "end": 93,
            "type": "Metric",
            "text": "NIST"
        },
        {
            "begin": 126,
            "id": "m4",
            "end": 130,
            "type": "Generic",
            "text": "they"
        },
        {
            "begin": 157,
            "id": "m5",
            "end": 185,
            "type": "Task",
            "text": "assessment of language pairs"
        },
        {
            "begin": 191,
            "id": "m6",
            "end": 206,
            "type": "OtherScientificTerm",
            "text": "English-Chinese"
        },
        {
            "begin": 210,
            "id": "m7",
            "end": 226,
            "type": "OtherScientificTerm",
            "text": "English-Japanese"
        },
        {
            "begin": 243,
            "id": "m8",
            "end": 268,
            "type": "Task",
            "text": "word segmentation problem"
        },
        {
            "begin": 337,
            "id": "m9",
            "end": 341,
            "type": "Metric",
            "text": "BLEU"
        },
        {
            "begin": 345,
            "id": "m10",
            "end": 357,
            "type": "Method",
            "text": "word n-grams"
        },
        {
            "begin": 385,
            "id": "m11",
            "end": 400,
            "type": "OtherScientificTerm",
            "text": "character level"
        },
        {
            "begin": 413,
            "id": "m12",
            "end": 417,
            "type": "Metric",
            "text": "BLEU"
        },
        {
            "begin": 425,
            "id": "m13",
            "end": 440,
            "type": "OtherScientificTerm",
            "text": "character level"
        },
        {
            "begin": 456,
            "id": "m14",
            "end": 481,
            "type": "Task",
            "text": "word segmentation problem"
        },
        {
            "begin": 483,
            "id": "m15",
            "end": 485,
            "type": "Generic",
            "text": "it"
        },
        {
            "begin": 524,
            "id": "m16",
            "end": 542,
            "type": "Method",
            "text": "commercial systems"
        },
        {
            "begin": 592,
            "id": "m17",
            "end": 614,
            "type": "Method",
            "text": "statistical MT systems"
        }
    ],
    "relations": [
        {
            "args": [
                "m0",
                "m1"
            ],
            "type": "EVALUATE-FOR",
            "id": "r0"
        },
        {
            "args": [
                "m2",
                "m0"
            ],
            "type": "HYPONYM-OF",
            "id": "r1"
        },
        {
            "args": [
                "m2",
                "m3"
            ],
            "type": "CONJUNCTION",
            "id": "r2"
        },
        {
            "args": [
                "m3",
                "m0"
            ],
            "type": "HYPONYM-OF",
            "id": "r3"
        },
        {
            "args": [
                "m4",
                "m5"
            ],
            "type": "USED-FOR",
            "id": "r4"
        },
        {
            "args": [
                "m6",
                "m7"
            ],
            "type": "CONJUNCTION",
            "id": "r6"
        },
        {
            "args": [
                "m9",
                "m10"
            ],
            "type": "USED-FOR",
            "id": "r8"
        },
        {
            "args": [
                "m9",
                "m11"
            ],
            "type": "USED-FOR",
            "id": "r9"
        },
        {
            "args": [
                "m10",
                "m11"
            ],
            "type": "CONJUNCTION",
            "id": "r10"
        },
        {
            "args": [
                "m12",
                "m13"
            ],
            "type": "USED-FOR",
            "id": "r11"
        },
        {
            "args": [
                "m12",
                "m14"
            ],
            "type": "USED-FOR",
            "id": "r12"
        },
        {
            "args": [
                "m15",
                "m16"
            ],
            "type": "EVALUATE-FOR",
            "id": "r13"
        },
        {
            "args": [
                "m15",
                "m17"
            ],
            "type": "EVALUATE-FOR",
            "id": "r14"
        },
        {
            "args": [
                "m16",
                "m17"
            ],
            "type": "COMPARE",
            "id": "r15"
        }
    ],
    "sentences": [
        {
            "begin": 0,
            "text": "Automatic evaluation metrics for Machine Translation-LRB-MT-RRB-systems, such as BLEU or NIST, are now well established.",
            "end": 120,
            "tokens": [
                {
                    "begin": 0,
                    "text": "Automatic",
                    "end": 9,
                    "id": "s0-t0"
                },
                {
                    "begin": 10,
                    "text": "evaluation",
                    "end": 20,
                    "id": "s0-t1"
                },
                {
                    "begin": 21,
                    "text": "metrics",
                    "end": 28,
                    "id": "s0-t2"
                },
                {
                    "begin": 29,
                    "text": "for",
                    "end": 32,
                    "id": "s0-t3"
                },
                {
                    "begin": 33,
                    "text": "Machine",
                    "end": 40,
                    "id": "s0-t4"
                },
                {
                    "begin": 41,
                    "text": "Translation",
                    "end": 52,
                    "id": "s0-t5"
                },
                {
                    "begin": 52,
                    "text": "-LRB-",
                    "end": 57,
                    "id": "s0-t6"
                },
                {
                    "begin": 57,
                    "text": "MT",
                    "end": 59,
                    "id": "s0-t7"
                },
                {
                    "begin": 59,
                    "text": "-RRB-",
                    "end": 64,
                    "id": "s0-t8"
                },
                {
                    "begin": 64,
                    "text": "systems",
                    "end": 71,
                    "id": "s0-t9"
                },
                {
                    "begin": 71,
                    "text": ",",
                    "end": 72,
                    "id": "s0-t10"
                },
                {
                    "begin": 73,
                    "text": "such",
                    "end": 77,
                    "id": "s0-t11"
                },
                {
                    "begin": 78,
                    "text": "as",
                    "end": 80,
                    "id": "s0-t12"
                },
                {
                    "begin": 81,
                    "text": "BLEU",
                    "end": 85,
                    "id": "s0-t13"
                },
                {
                    "begin": 86,
                    "text": "or",
                    "end": 88,
                    "id": "s0-t14"
                },
                {
                    "begin": 89,
                    "text": "NIST",
                    "end": 93,
                    "id": "s0-t15"
                },
                {
                    "begin": 93,
                    "text": ",",
                    "end": 94,
                    "id": "s0-t16"
                },
                {
                    "begin": 95,
                    "text": "are",
                    "end": 98,
                    "id": "s0-t17"
                },
                {
                    "begin": 99,
                    "text": "now",
                    "end": 102,
                    "id": "s0-t18"
                },
                {
                    "begin": 103,
                    "text": "well",
                    "end": 107,
                    "id": "s0-t19"
                },
                {
                    "begin": 108,
                    "text": "established",
                    "end": 119,
                    "id": "s0-t20"
                },
                {
                    "begin": 119,
                    "text": ".",
                    "end": 120,
                    "id": "s0-t21"
                }
            ],
            "id": "s0"
        },
        {
            "begin": 120,
            "text": " Yet, they are scarcely used for the assessment of language pairs like English-Chinese or English-Japanese, because of the word segmentation problem.",
            "end": 269,
            "tokens": [
                {
                    "begin": 121,
                    "text": "Yet",
                    "end": 124,
                    "id": "s1-t0"
                },
                {
                    "begin": 124,
                    "text": ",",
                    "end": 125,
                    "id": "s1-t1"
                },
                {
                    "begin": 126,
                    "text": "they",
                    "end": 130,
                    "id": "s1-t2"
                },
                {
                    "begin": 131,
                    "text": "are",
                    "end": 134,
                    "id": "s1-t3"
                },
                {
                    "begin": 135,
                    "text": "scarcely",
                    "end": 143,
                    "id": "s1-t4"
                },
                {
                    "begin": 144,
                    "text": "used",
                    "end": 148,
                    "id": "s1-t5"
                },
                {
                    "begin": 149,
                    "text": "for",
                    "end": 152,
                    "id": "s1-t6"
                },
                {
                    "begin": 153,
                    "text": "the",
                    "end": 156,
                    "id": "s1-t7"
                },
                {
                    "begin": 157,
                    "text": "assessment",
                    "end": 167,
                    "id": "s1-t8"
                },
                {
                    "begin": 168,
                    "text": "of",
                    "end": 170,
                    "id": "s1-t9"
                },
                {
                    "begin": 171,
                    "text": "language",
                    "end": 179,
                    "id": "s1-t10"
                },
                {
                    "begin": 180,
                    "text": "pairs",
                    "end": 185,
                    "id": "s1-t11"
                },
                {
                    "begin": 186,
                    "text": "like",
                    "end": 190,
                    "id": "s1-t12"
                },
                {
                    "begin": 191,
                    "text": "English-Chinese",
                    "end": 206,
                    "id": "s1-t13"
                },
                {
                    "begin": 207,
                    "text": "or",
                    "end": 209,
                    "id": "s1-t14"
                },
                {
                    "begin": 210,
                    "text": "English-Japanese",
                    "end": 226,
                    "id": "s1-t15"
                },
                {
                    "begin": 226,
                    "text": ",",
                    "end": 227,
                    "id": "s1-t16"
                },
                {
                    "begin": 228,
                    "text": "because",
                    "end": 235,
                    "id": "s1-t17"
                },
                {
                    "begin": 236,
                    "text": "of",
                    "end": 238,
                    "id": "s1-t18"
                },
                {
                    "begin": 239,
                    "text": "the",
                    "end": 242,
                    "id": "s1-t19"
                },
                {
                    "begin": 243,
                    "text": "word",
                    "end": 247,
                    "id": "s1-t20"
                },
                {
                    "begin": 248,
                    "text": "segmentation",
                    "end": 260,
                    "id": "s1-t21"
                },
                {
                    "begin": 261,
                    "text": "problem",
                    "end": 268,
                    "id": "s1-t22"
                },
                {
                    "begin": 268,
                    "text": ".",
                    "end": 269,
                    "id": "s1-t23"
                }
            ],
            "id": "s1"
        },
        {
            "begin": 269,
            "text": " This study establishes the equivalence between the standard use of BLEU in word n-grams and its application at the character level.",
            "end": 401,
            "tokens": [
                {
                    "begin": 270,
                    "text": "This",
                    "end": 274,
                    "id": "s2-t0"
                },
                {
                    "begin": 275,
                    "text": "study",
                    "end": 280,
                    "id": "s2-t1"
                },
                {
                    "begin": 281,
                    "text": "establishes",
                    "end": 292,
                    "id": "s2-t2"
                },
                {
                    "begin": 293,
                    "text": "the",
                    "end": 296,
                    "id": "s2-t3"
                },
                {
                    "begin": 297,
                    "text": "equivalence",
                    "end": 308,
                    "id": "s2-t4"
                },
                {
                    "begin": 309,
                    "text": "between",
                    "end": 316,
                    "id": "s2-t5"
                },
                {
                    "begin": 317,
                    "text": "the",
                    "end": 320,
                    "id": "s2-t6"
                },
                {
                    "begin": 321,
                    "text": "standard",
                    "end": 329,
                    "id": "s2-t7"
                },
                {
                    "begin": 330,
                    "text": "use",
                    "end": 333,
                    "id": "s2-t8"
                },
                {
                    "begin": 334,
                    "text": "of",
                    "end": 336,
                    "id": "s2-t9"
                },
                {
                    "begin": 337,
                    "text": "BLEU",
                    "end": 341,
                    "id": "s2-t10"
                },
                {
                    "begin": 342,
                    "text": "in",
                    "end": 344,
                    "id": "s2-t11"
                },
                {
                    "begin": 345,
                    "text": "word",
                    "end": 349,
                    "id": "s2-t12"
                },
                {
                    "begin": 350,
                    "text": "n-grams",
                    "end": 357,
                    "id": "s2-t13"
                },
                {
                    "begin": 358,
                    "text": "and",
                    "end": 361,
                    "id": "s2-t14"
                },
                {
                    "begin": 362,
                    "text": "its",
                    "end": 365,
                    "id": "s2-t15"
                },
                {
                    "begin": 366,
                    "text": "application",
                    "end": 377,
                    "id": "s2-t16"
                },
                {
                    "begin": 378,
                    "text": "at",
                    "end": 380,
                    "id": "s2-t17"
                },
                {
                    "begin": 381,
                    "text": "the",
                    "end": 384,
                    "id": "s2-t18"
                },
                {
                    "begin": 385,
                    "text": "character",
                    "end": 394,
                    "id": "s2-t19"
                },
                {
                    "begin": 395,
                    "text": "level",
                    "end": 400,
                    "id": "s2-t20"
                },
                {
                    "begin": 400,
                    "text": ".",
                    "end": 401,
                    "id": "s2-t21"
                }
            ],
            "id": "s2"
        },
        {
            "begin": 401,
            "text": " The use of BLEU at the character level eliminates the word segmentation problem: it makes it possible to directly compare commercial systems outputting unsegmented texts with, for instance, statistical MT systems which usually segment their outputs.",
            "end": 651,
            "tokens": [
                {
                    "begin": 402,
                    "text": "The",
                    "end": 405,
                    "id": "s3-t0"
                },
                {
                    "begin": 406,
                    "text": "use",
                    "end": 409,
                    "id": "s3-t1"
                },
                {
                    "begin": 410,
                    "text": "of",
                    "end": 412,
                    "id": "s3-t2"
                },
                {
                    "begin": 413,
                    "text": "BLEU",
                    "end": 417,
                    "id": "s3-t3"
                },
                {
                    "begin": 418,
                    "text": "at",
                    "end": 420,
                    "id": "s3-t4"
                },
                {
                    "begin": 421,
                    "text": "the",
                    "end": 424,
                    "id": "s3-t5"
                },
                {
                    "begin": 425,
                    "text": "character",
                    "end": 434,
                    "id": "s3-t6"
                },
                {
                    "begin": 435,
                    "text": "level",
                    "end": 440,
                    "id": "s3-t7"
                },
                {
                    "begin": 441,
                    "text": "eliminates",
                    "end": 451,
                    "id": "s3-t8"
                },
                {
                    "begin": 452,
                    "text": "the",
                    "end": 455,
                    "id": "s3-t9"
                },
                {
                    "begin": 456,
                    "text": "word",
                    "end": 460,
                    "id": "s3-t10"
                },
                {
                    "begin": 461,
                    "text": "segmentation",
                    "end": 473,
                    "id": "s3-t11"
                },
                {
                    "begin": 474,
                    "text": "problem",
                    "end": 481,
                    "id": "s3-t12"
                },
                {
                    "begin": 481,
                    "text": ":",
                    "end": 482,
                    "id": "s3-t13"
                },
                {
                    "begin": 483,
                    "text": "it",
                    "end": 485,
                    "id": "s3-t14"
                },
                {
                    "begin": 486,
                    "text": "makes",
                    "end": 491,
                    "id": "s3-t15"
                },
                {
                    "begin": 492,
                    "text": "it",
                    "end": 494,
                    "id": "s3-t16"
                },
                {
                    "begin": 495,
                    "text": "possible",
                    "end": 503,
                    "id": "s3-t17"
                },
                {
                    "begin": 504,
                    "text": "to",
                    "end": 506,
                    "id": "s3-t18"
                },
                {
                    "begin": 507,
                    "text": "directly",
                    "end": 515,
                    "id": "s3-t19"
                },
                {
                    "begin": 516,
                    "text": "compare",
                    "end": 523,
                    "id": "s3-t20"
                },
                {
                    "begin": 524,
                    "text": "commercial",
                    "end": 534,
                    "id": "s3-t21"
                },
                {
                    "begin": 535,
                    "text": "systems",
                    "end": 542,
                    "id": "s3-t22"
                },
                {
                    "begin": 543,
                    "text": "outputting",
                    "end": 553,
                    "id": "s3-t23"
                },
                {
                    "begin": 554,
                    "text": "unsegmented",
                    "end": 565,
                    "id": "s3-t24"
                },
                {
                    "begin": 566,
                    "text": "texts",
                    "end": 571,
                    "id": "s3-t25"
                },
                {
                    "begin": 572,
                    "text": "with",
                    "end": 576,
                    "id": "s3-t26"
                },
                {
                    "begin": 576,
                    "text": ",",
                    "end": 577,
                    "id": "s3-t27"
                },
                {
                    "begin": 578,
                    "text": "for",
                    "end": 581,
                    "id": "s3-t28"
                },
                {
                    "begin": 582,
                    "text": "instance",
                    "end": 590,
                    "id": "s3-t29"
                },
                {
                    "begin": 590,
                    "text": ",",
                    "end": 591,
                    "id": "s3-t30"
                },
                {
                    "begin": 592,
                    "text": "statistical",
                    "end": 603,
                    "id": "s3-t31"
                },
                {
                    "begin": 604,
                    "text": "MT",
                    "end": 606,
                    "id": "s3-t32"
                },
                {
                    "begin": 607,
                    "text": "systems",
                    "end": 614,
                    "id": "s3-t33"
                },
                {
                    "begin": 615,
                    "text": "which",
                    "end": 620,
                    "id": "s3-t34"
                },
                {
                    "begin": 621,
                    "text": "usually",
                    "end": 628,
                    "id": "s3-t35"
                },
                {
                    "begin": 629,
                    "text": "segment",
                    "end": 636,
                    "id": "s3-t36"
                },
                {
                    "begin": 637,
                    "text": "their",
                    "end": 642,
                    "id": "s3-t37"
                },
                {
                    "begin": 643,
                    "text": "outputs",
                    "end": 650,
                    "id": "s3-t38"
                },
                {
                    "begin": 650,
                    "text": ".",
                    "end": 651,
                    "id": "s3-t39"
                }
            ],
            "id": "s3"
        }
    ],
    "text": "Automatic evaluation metrics for Machine Translation-LRB-MT-RRB-systems, such as BLEU or NIST, are now well established. Yet, they are scarcely used for the assessment of language pairs like English-Chinese or English-Japanese, because of the word segmentation problem. This study establishes the equivalence between the standard use of BLEU in word n-grams and its application at the character level. The use of BLEU at the character level eliminates the word segmentation problem: it makes it possible to directly compare commercial systems outputting unsegmented texts with, for instance, statistical MT systems which usually segment their outputs.",
    "id": "33af26d3-1e3a-4e5a-a2dc-77d5043d7f2d"
}