{
    "mentions": [
        {
            "begin": 13,
            "id": "m0",
            "end": 65,
            "type": "Method",
            "text": "Czech-English statistical machine translation system"
        },
        {
            "begin": 81,
            "id": "m1",
            "end": 130,
            "type": "Task",
            "text": "tree-to-tree translation of dependency structures"
        },
        {
            "begin": 141,
            "id": "m2",
            "end": 159,
            "type": "Material",
            "text": "bilingual resource"
        },
        {
            "begin": 174,
            "id": "m3",
            "end": 206,
            "type": "Material",
            "text": "sentence-aligned parallel corpus"
        },
        {
            "begin": 307,
            "id": "m4",
            "end": 313,
            "type": "Generic",
            "text": "system"
        },
        {
            "begin": 330,
            "id": "m5",
            "end": 346,
            "type": "Generic",
            "text": "benchmark system"
        }
    ],
    "relations": [
        {
            "args": [
                "m0",
                "m1"
            ],
            "type": "USED-FOR",
            "id": "r0"
        },
        {
            "args": [
                "m3",
                "m2"
            ],
            "type": "USED-FOR",
            "id": "r1"
        },
        {
            "args": [
                "m4",
                "m5"
            ],
            "type": "COMPARE",
            "id": "r2"
        }
    ],
    "sentences": [
        {
            "begin": 0,
            "text": "We present a Czech-English statistical machine translation system which performs tree-to-tree translation of dependency structures.",
            "end": 131,
            "tokens": [
                {
                    "begin": 0,
                    "text": "We",
                    "end": 2,
                    "id": "s0-t0"
                },
                {
                    "begin": 3,
                    "text": "present",
                    "end": 10,
                    "id": "s0-t1"
                },
                {
                    "begin": 11,
                    "text": "a",
                    "end": 12,
                    "id": "s0-t2"
                },
                {
                    "begin": 13,
                    "text": "Czech-English",
                    "end": 26,
                    "id": "s0-t3"
                },
                {
                    "begin": 27,
                    "text": "statistical",
                    "end": 38,
                    "id": "s0-t4"
                },
                {
                    "begin": 39,
                    "text": "machine",
                    "end": 46,
                    "id": "s0-t5"
                },
                {
                    "begin": 47,
                    "text": "translation",
                    "end": 58,
                    "id": "s0-t6"
                },
                {
                    "begin": 59,
                    "text": "system",
                    "end": 65,
                    "id": "s0-t7"
                },
                {
                    "begin": 66,
                    "text": "which",
                    "end": 71,
                    "id": "s0-t8"
                },
                {
                    "begin": 72,
                    "text": "performs",
                    "end": 80,
                    "id": "s0-t9"
                },
                {
                    "begin": 81,
                    "text": "tree-to-tree",
                    "end": 93,
                    "id": "s0-t10"
                },
                {
                    "begin": 94,
                    "text": "translation",
                    "end": 105,
                    "id": "s0-t11"
                },
                {
                    "begin": 106,
                    "text": "of",
                    "end": 108,
                    "id": "s0-t12"
                },
                {
                    "begin": 109,
                    "text": "dependency",
                    "end": 119,
                    "id": "s0-t13"
                },
                {
                    "begin": 120,
                    "text": "structures",
                    "end": 130,
                    "id": "s0-t14"
                },
                {
                    "begin": 130,
                    "text": ".",
                    "end": 131,
                    "id": "s0-t15"
                }
            ],
            "id": "s0"
        },
        {
            "begin": 131,
            "text": " The only bilingual resource required is a sentence-aligned parallel corpus.",
            "end": 207,
            "tokens": [
                {
                    "begin": 132,
                    "text": "The",
                    "end": 135,
                    "id": "s1-t0"
                },
                {
                    "begin": 136,
                    "text": "only",
                    "end": 140,
                    "id": "s1-t1"
                },
                {
                    "begin": 141,
                    "text": "bilingual",
                    "end": 150,
                    "id": "s1-t2"
                },
                {
                    "begin": 151,
                    "text": "resource",
                    "end": 159,
                    "id": "s1-t3"
                },
                {
                    "begin": 160,
                    "text": "required",
                    "end": 168,
                    "id": "s1-t4"
                },
                {
                    "begin": 169,
                    "text": "is",
                    "end": 171,
                    "id": "s1-t5"
                },
                {
                    "begin": 172,
                    "text": "a",
                    "end": 173,
                    "id": "s1-t6"
                },
                {
                    "begin": 174,
                    "text": "sentence-aligned",
                    "end": 190,
                    "id": "s1-t7"
                },
                {
                    "begin": 191,
                    "text": "parallel",
                    "end": 199,
                    "id": "s1-t8"
                },
                {
                    "begin": 200,
                    "text": "corpus",
                    "end": 206,
                    "id": "s1-t9"
                },
                {
                    "begin": 206,
                    "text": ".",
                    "end": 207,
                    "id": "s1-t10"
                }
            ],
            "id": "s1"
        },
        {
            "begin": 207,
            "text": " All other resources are monolingual.",
            "end": 244,
            "tokens": [
                {
                    "begin": 208,
                    "text": "All",
                    "end": 211,
                    "id": "s2-t0"
                },
                {
                    "begin": 212,
                    "text": "other",
                    "end": 217,
                    "id": "s2-t1"
                },
                {
                    "begin": 218,
                    "text": "resources",
                    "end": 227,
                    "id": "s2-t2"
                },
                {
                    "begin": 228,
                    "text": "are",
                    "end": 231,
                    "id": "s2-t3"
                },
                {
                    "begin": 232,
                    "text": "monolingual",
                    "end": 243,
                    "id": "s2-t4"
                },
                {
                    "begin": 243,
                    "text": ".",
                    "end": 244,
                    "id": "s2-t5"
                }
            ],
            "id": "s2"
        },
        {
            "begin": 244,
            "text": " We also refer to an evaluation method and plan to compare our system's output with a benchmark system.",
            "end": 347,
            "tokens": [
                {
                    "begin": 245,
                    "text": "We",
                    "end": 247,
                    "id": "s3-t0"
                },
                {
                    "begin": 248,
                    "text": "also",
                    "end": 252,
                    "id": "s3-t1"
                },
                {
                    "begin": 253,
                    "text": "refer",
                    "end": 258,
                    "id": "s3-t2"
                },
                {
                    "begin": 259,
                    "text": "to",
                    "end": 261,
                    "id": "s3-t3"
                },
                {
                    "begin": 262,
                    "text": "an",
                    "end": 264,
                    "id": "s3-t4"
                },
                {
                    "begin": 265,
                    "text": "evaluation",
                    "end": 275,
                    "id": "s3-t5"
                },
                {
                    "begin": 276,
                    "text": "method",
                    "end": 282,
                    "id": "s3-t6"
                },
                {
                    "begin": 283,
                    "text": "and",
                    "end": 286,
                    "id": "s3-t7"
                },
                {
                    "begin": 287,
                    "text": "plan",
                    "end": 291,
                    "id": "s3-t8"
                },
                {
                    "begin": 292,
                    "text": "to",
                    "end": 294,
                    "id": "s3-t9"
                },
                {
                    "begin": 295,
                    "text": "compare",
                    "end": 302,
                    "id": "s3-t10"
                },
                {
                    "begin": 303,
                    "text": "our",
                    "end": 306,
                    "id": "s3-t11"
                },
                {
                    "begin": 307,
                    "text": "system",
                    "end": 313,
                    "id": "s3-t12"
                },
                {
                    "begin": 313,
                    "text": "'s",
                    "end": 315,
                    "id": "s3-t13"
                },
                {
                    "begin": 316,
                    "text": "output",
                    "end": 322,
                    "id": "s3-t14"
                },
                {
                    "begin": 323,
                    "text": "with",
                    "end": 327,
                    "id": "s3-t15"
                },
                {
                    "begin": 328,
                    "text": "a",
                    "end": 329,
                    "id": "s3-t16"
                },
                {
                    "begin": 330,
                    "text": "benchmark",
                    "end": 339,
                    "id": "s3-t17"
                },
                {
                    "begin": 340,
                    "text": "system",
                    "end": 346,
                    "id": "s3-t18"
                },
                {
                    "begin": 346,
                    "text": ".",
                    "end": 347,
                    "id": "s3-t19"
                }
            ],
            "id": "s3"
        }
    ],
    "text": "We present a Czech-English statistical machine translation system which performs tree-to-tree translation of dependency structures. The only bilingual resource required is a sentence-aligned parallel corpus. All other resources are monolingual. We also refer to an evaluation method and plan to compare our system's output with a benchmark system.",
    "id": "dccc5006-079f-43ac-a54f-1eba8fbf520a"
}