{
    "mentions": [
        {
            "begin": 33,
            "id": "m0",
            "end": 57,
            "type": "OtherScientificTerm",
            "text": "similarity between words"
        },
        {
            "begin": 93,
            "id": "m1",
            "end": 105,
            "type": "OtherScientificTerm",
            "text": "word vectors"
        },
        {
            "begin": 113,
            "id": "m2",
            "end": 131,
            "type": "Method",
            "text": "vector space model"
        },
        {
            "begin": 164,
            "id": "m3",
            "end": 171,
            "type": "Generic",
            "text": "methods"
        },
        {
            "begin": 176,
            "id": "m4",
            "end": 201,
            "type": "Task",
            "text": "constructing word vectors"
        },
        {
            "begin": 209,
            "id": "m5",
            "end": 267,
            "type": "Method",
            "text": "LSA-based, cooccurrence-based and dictionary-based methods"
        },
        {
            "begin": 333,
            "id": "m6",
            "end": 343,
            "type": "Generic",
            "text": "similarity"
        },
        {
            "begin": 351,
            "id": "m7",
            "end": 371,
            "type": "OtherScientificTerm",
            "text": "taxonomic similarity"
        },
        {
            "begin": 376,
            "id": "m8",
            "end": 398,
            "type": "OtherScientificTerm",
            "text": "associative similarity"
        },
        {
            "begin": 442,
            "id": "m9",
            "end": 471,
            "type": "OtherScientificTerm",
            "text": "dictionary-based word vectors"
        },
        {
            "begin": 487,
            "id": "m10",
            "end": 507,
            "type": "OtherScientificTerm",
            "text": "taxonomic similarity"
        },
        {
            "begin": 519,
            "id": "m11",
            "end": 568,
            "type": "OtherScientificTerm",
            "text": "LSA-based and the cooccurrence-based word vectors"
        },
        {
            "begin": 584,
            "id": "m12",
            "end": 606,
            "type": "OtherScientificTerm",
            "text": "associative similarity"
        }
    ],
    "relations": [
        {
            "args": [
                "m1",
                "m0"
            ],
            "type": "USED-FOR",
            "id": "r0"
        },
        {
            "args": [
                "m2",
                "m1"
            ],
            "type": "USED-FOR",
            "id": "r1"
        },
        {
            "args": [
                "m3",
                "m4"
            ],
            "type": "USED-FOR",
            "id": "r2"
        },
        {
            "args": [
                "m5",
                "m6"
            ],
            "type": "USED-FOR",
            "id": "r3"
        },
        {
            "args": [
                "m7",
                "m6"
            ],
            "type": "HYPONYM-OF",
            "id": "r4"
        },
        {
            "args": [
                "m7",
                "m8"
            ],
            "type": "CONJUNCTION",
            "id": "r5"
        },
        {
            "args": [
                "m8",
                "m6"
            ],
            "type": "HYPONYM-OF",
            "id": "r6"
        },
        {
            "args": [
                "m9",
                "m10"
            ],
            "type": "USED-FOR",
            "id": "r7"
        },
        {
            "args": [
                "m11",
                "m12"
            ],
            "type": "USED-FOR",
            "id": "r8"
        }
    ],
    "sentences": [
        {
            "begin": 0,
            "text": "This paper examines what kind of similarity between words can be represented by what kind of word vectors in the vector space model.",
            "end": 132,
            "tokens": [
                {
                    "begin": 0,
                    "text": "This",
                    "end": 4,
                    "id": "s0-t0"
                },
                {
                    "begin": 5,
                    "text": "paper",
                    "end": 10,
                    "id": "s0-t1"
                },
                {
                    "begin": 11,
                    "text": "examines",
                    "end": 19,
                    "id": "s0-t2"
                },
                {
                    "begin": 20,
                    "text": "what",
                    "end": 24,
                    "id": "s0-t3"
                },
                {
                    "begin": 25,
                    "text": "kind",
                    "end": 29,
                    "id": "s0-t4"
                },
                {
                    "begin": 30,
                    "text": "of",
                    "end": 32,
                    "id": "s0-t5"
                },
                {
                    "begin": 33,
                    "text": "similarity",
                    "end": 43,
                    "id": "s0-t6"
                },
                {
                    "begin": 44,
                    "text": "between",
                    "end": 51,
                    "id": "s0-t7"
                },
                {
                    "begin": 52,
                    "text": "words",
                    "end": 57,
                    "id": "s0-t8"
                },
                {
                    "begin": 58,
                    "text": "can",
                    "end": 61,
                    "id": "s0-t9"
                },
                {
                    "begin": 62,
                    "text": "be",
                    "end": 64,
                    "id": "s0-t10"
                },
                {
                    "begin": 65,
                    "text": "represented",
                    "end": 76,
                    "id": "s0-t11"
                },
                {
                    "begin": 77,
                    "text": "by",
                    "end": 79,
                    "id": "s0-t12"
                },
                {
                    "begin": 80,
                    "text": "what",
                    "end": 84,
                    "id": "s0-t13"
                },
                {
                    "begin": 85,
                    "text": "kind",
                    "end": 89,
                    "id": "s0-t14"
                },
                {
                    "begin": 90,
                    "text": "of",
                    "end": 92,
                    "id": "s0-t15"
                },
                {
                    "begin": 93,
                    "text": "word",
                    "end": 97,
                    "id": "s0-t16"
                },
                {
                    "begin": 98,
                    "text": "vectors",
                    "end": 105,
                    "id": "s0-t17"
                },
                {
                    "begin": 106,
                    "text": "in",
                    "end": 108,
                    "id": "s0-t18"
                },
                {
                    "begin": 109,
                    "text": "the",
                    "end": 112,
                    "id": "s0-t19"
                },
                {
                    "begin": 113,
                    "text": "vector",
                    "end": 119,
                    "id": "s0-t20"
                },
                {
                    "begin": 120,
                    "text": "space",
                    "end": 125,
                    "id": "s0-t21"
                },
                {
                    "begin": 126,
                    "text": "model",
                    "end": 131,
                    "id": "s0-t22"
                },
                {
                    "begin": 131,
                    "text": ".",
                    "end": 132,
                    "id": "s0-t23"
                }
            ],
            "id": "s0"
        },
        {
            "begin": 132,
            "text": " Through two experiments, three methods for constructing word vectors, i.e., LSA-based, cooccurrence-based and dictionary-based methods, were compared in terms of the ability to represent two kinds of similarity, i.e., taxonomic similarity and associative similarity.",
            "end": 399,
            "tokens": [
                {
                    "begin": 133,
                    "text": "Through",
                    "end": 140,
                    "id": "s1-t0"
                },
                {
                    "begin": 141,
                    "text": "two",
                    "end": 144,
                    "id": "s1-t1"
                },
                {
                    "begin": 145,
                    "text": "experiments",
                    "end": 156,
                    "id": "s1-t2"
                },
                {
                    "begin": 156,
                    "text": ",",
                    "end": 157,
                    "id": "s1-t3"
                },
                {
                    "begin": 158,
                    "text": "three",
                    "end": 163,
                    "id": "s1-t4"
                },
                {
                    "begin": 164,
                    "text": "methods",
                    "end": 171,
                    "id": "s1-t5"
                },
                {
                    "begin": 172,
                    "text": "for",
                    "end": 175,
                    "id": "s1-t6"
                },
                {
                    "begin": 176,
                    "text": "constructing",
                    "end": 188,
                    "id": "s1-t7"
                },
                {
                    "begin": 189,
                    "text": "word",
                    "end": 193,
                    "id": "s1-t8"
                },
                {
                    "begin": 194,
                    "text": "vectors",
                    "end": 201,
                    "id": "s1-t9"
                },
                {
                    "begin": 201,
                    "text": ",",
                    "end": 202,
                    "id": "s1-t10"
                },
                {
                    "begin": 203,
                    "text": "i.e.",
                    "end": 207,
                    "id": "s1-t11"
                },
                {
                    "begin": 207,
                    "text": ",",
                    "end": 208,
                    "id": "s1-t12"
                },
                {
                    "begin": 209,
                    "text": "LSA-based",
                    "end": 218,
                    "id": "s1-t13"
                },
                {
                    "begin": 218,
                    "text": ",",
                    "end": 219,
                    "id": "s1-t14"
                },
                {
                    "begin": 220,
                    "text": "cooccurrence-based",
                    "end": 238,
                    "id": "s1-t15"
                },
                {
                    "begin": 239,
                    "text": "and",
                    "end": 242,
                    "id": "s1-t16"
                },
                {
                    "begin": 243,
                    "text": "dictionary-based",
                    "end": 259,
                    "id": "s1-t17"
                },
                {
                    "begin": 260,
                    "text": "methods",
                    "end": 267,
                    "id": "s1-t18"
                },
                {
                    "begin": 267,
                    "text": ",",
                    "end": 268,
                    "id": "s1-t19"
                },
                {
                    "begin": 269,
                    "text": "were",
                    "end": 273,
                    "id": "s1-t20"
                },
                {
                    "begin": 274,
                    "text": "compared",
                    "end": 282,
                    "id": "s1-t21"
                },
                {
                    "begin": 283,
                    "text": "in",
                    "end": 285,
                    "id": "s1-t22"
                },
                {
                    "begin": 286,
                    "text": "terms",
                    "end": 291,
                    "id": "s1-t23"
                },
                {
                    "begin": 292,
                    "text": "of",
                    "end": 294,
                    "id": "s1-t24"
                },
                {
                    "begin": 295,
                    "text": "the",
                    "end": 298,
                    "id": "s1-t25"
                },
                {
                    "begin": 299,
                    "text": "ability",
                    "end": 306,
                    "id": "s1-t26"
                },
                {
                    "begin": 307,
                    "text": "to",
                    "end": 309,
                    "id": "s1-t27"
                },
                {
                    "begin": 310,
                    "text": "represent",
                    "end": 319,
                    "id": "s1-t28"
                },
                {
                    "begin": 320,
                    "text": "two",
                    "end": 323,
                    "id": "s1-t29"
                },
                {
                    "begin": 324,
                    "text": "kinds",
                    "end": 329,
                    "id": "s1-t30"
                },
                {
                    "begin": 330,
                    "text": "of",
                    "end": 332,
                    "id": "s1-t31"
                },
                {
                    "begin": 333,
                    "text": "similarity",
                    "end": 343,
                    "id": "s1-t32"
                },
                {
                    "begin": 343,
                    "text": ",",
                    "end": 344,
                    "id": "s1-t33"
                },
                {
                    "begin": 345,
                    "text": "i.e.",
                    "end": 349,
                    "id": "s1-t34"
                },
                {
                    "begin": 349,
                    "text": ",",
                    "end": 350,
                    "id": "s1-t35"
                },
                {
                    "begin": 351,
                    "text": "taxonomic",
                    "end": 360,
                    "id": "s1-t36"
                },
                {
                    "begin": 361,
                    "text": "similarity",
                    "end": 371,
                    "id": "s1-t37"
                },
                {
                    "begin": 372,
                    "text": "and",
                    "end": 375,
                    "id": "s1-t38"
                },
                {
                    "begin": 376,
                    "text": "associative",
                    "end": 387,
                    "id": "s1-t39"
                },
                {
                    "begin": 388,
                    "text": "similarity",
                    "end": 398,
                    "id": "s1-t40"
                },
                {
                    "begin": 398,
                    "text": ".",
                    "end": 399,
                    "id": "s1-t41"
                }
            ],
            "id": "s1"
        },
        {
            "begin": 399,
            "text": " The result of the comparison was that the dictionary-based word vectors better reflect taxonomic similarity, while the LSA-based and the cooccurrence-based word vectors better reflect associative similarity.",
            "end": 607,
            "tokens": [
                {
                    "begin": 400,
                    "text": "The",
                    "end": 403,
                    "id": "s2-t0"
                },
                {
                    "begin": 404,
                    "text": "result",
                    "end": 410,
                    "id": "s2-t1"
                },
                {
                    "begin": 411,
                    "text": "of",
                    "end": 413,
                    "id": "s2-t2"
                },
                {
                    "begin": 414,
                    "text": "the",
                    "end": 417,
                    "id": "s2-t3"
                },
                {
                    "begin": 418,
                    "text": "comparison",
                    "end": 428,
                    "id": "s2-t4"
                },
                {
                    "begin": 429,
                    "text": "was",
                    "end": 432,
                    "id": "s2-t5"
                },
                {
                    "begin": 433,
                    "text": "that",
                    "end": 437,
                    "id": "s2-t6"
                },
                {
                    "begin": 438,
                    "text": "the",
                    "end": 441,
                    "id": "s2-t7"
                },
                {
                    "begin": 442,
                    "text": "dictionary-based",
                    "end": 458,
                    "id": "s2-t8"
                },
                {
                    "begin": 459,
                    "text": "word",
                    "end": 463,
                    "id": "s2-t9"
                },
                {
                    "begin": 464,
                    "text": "vectors",
                    "end": 471,
                    "id": "s2-t10"
                },
                {
                    "begin": 472,
                    "text": "better",
                    "end": 478,
                    "id": "s2-t11"
                },
                {
                    "begin": 479,
                    "text": "reflect",
                    "end": 486,
                    "id": "s2-t12"
                },
                {
                    "begin": 487,
                    "text": "taxonomic",
                    "end": 496,
                    "id": "s2-t13"
                },
                {
                    "begin": 497,
                    "text": "similarity",
                    "end": 507,
                    "id": "s2-t14"
                },
                {
                    "begin": 507,
                    "text": ",",
                    "end": 508,
                    "id": "s2-t15"
                },
                {
                    "begin": 509,
                    "text": "while",
                    "end": 514,
                    "id": "s2-t16"
                },
                {
                    "begin": 515,
                    "text": "the",
                    "end": 518,
                    "id": "s2-t17"
                },
                {
                    "begin": 519,
                    "text": "LSA-based",
                    "end": 528,
                    "id": "s2-t18"
                },
                {
                    "begin": 529,
                    "text": "and",
                    "end": 532,
                    "id": "s2-t19"
                },
                {
                    "begin": 533,
                    "text": "the",
                    "end": 536,
                    "id": "s2-t20"
                },
                {
                    "begin": 537,
                    "text": "cooccurrence-based",
                    "end": 555,
                    "id": "s2-t21"
                },
                {
                    "begin": 556,
                    "text": "word",
                    "end": 560,
                    "id": "s2-t22"
                },
                {
                    "begin": 561,
                    "text": "vectors",
                    "end": 568,
                    "id": "s2-t23"
                },
                {
                    "begin": 569,
                    "text": "better",
                    "end": 575,
                    "id": "s2-t24"
                },
                {
                    "begin": 576,
                    "text": "reflect",
                    "end": 583,
                    "id": "s2-t25"
                },
                {
                    "begin": 584,
                    "text": "associative",
                    "end": 595,
                    "id": "s2-t26"
                },
                {
                    "begin": 596,
                    "text": "similarity",
                    "end": 606,
                    "id": "s2-t27"
                },
                {
                    "begin": 606,
                    "text": ".",
                    "end": 607,
                    "id": "s2-t28"
                }
            ],
            "id": "s2"
        }
    ],
    "text": "This paper examines what kind of similarity between words can be represented by what kind of word vectors in the vector space model. Through two experiments, three methods for constructing word vectors, i.e., LSA-based, cooccurrence-based and dictionary-based methods, were compared in terms of the ability to represent two kinds of similarity, i.e., taxonomic similarity and associative similarity. The result of the comparison was that the dictionary-based word vectors better reflect taxonomic similarity, while the LSA-based and the cooccurrence-based word vectors better reflect associative similarity.",
    "id": "345abc6d-6ef2-48b2-a038-6be662eb7efb"
}