{
    "mentions": [
        {
            "begin": 0,
            "id": "m0",
            "end": 20,
            "type": "Task",
            "text": "Uncertainty handling"
        },
        {
            "begin": 52,
            "id": "m1",
            "end": 66,
            "type": "Task",
            "text": "shape tracking"
        },
        {
            "begin": 100,
            "id": "m2",
            "end": 171,
            "type": "Method",
            "text": "fusion of measurement information with system dynamics and shape priors"
        },
        {
            "begin": 193,
            "id": "m3",
            "end": 201,
            "type": "Task",
            "text": "tracking"
        },
        {
            "begin": 223,
            "id": "m4",
            "end": 235,
            "type": "Material",
            "text": "noisy images"
        },
        {
            "begin": 244,
            "id": "m5",
            "end": 264,
            "type": "Material",
            "text": "ultrasound sequences"
        },
        {
            "begin": 297,
            "id": "m6",
            "end": 305,
            "type": "Generic",
            "text": "approach"
        },
        {
            "begin": 315,
            "id": "m7",
            "end": 334,
            "type": "OtherScientificTerm",
            "text": "user initialization"
        },
        {
            "begin": 342,
            "id": "m8",
            "end": 358,
            "type": "Method",
            "text": "tracking process"
        },
        {
            "begin": 382,
            "id": "m9",
            "end": 415,
            "type": "Task",
            "text": "automatic initial-ization problem"
        },
        {
            "begin": 430,
            "id": "m10",
            "end": 453,
            "type": "Method",
            "text": "boosted shape detection"
        },
        {
            "begin": 459,
            "id": "m11",
            "end": 486,
            "type": "Method",
            "text": "generic measurement process"
        },
        {
            "begin": 503,
            "id": "m12",
            "end": 505,
            "type": "Generic",
            "text": "it"
        },
        {
            "begin": 513,
            "id": "m13",
            "end": 531,
            "type": "Method",
            "text": "tracking framework"
        },
        {
            "begin": 562,
            "id": "m14",
            "end": 591,
            "type": "OtherScientificTerm",
            "text": "local detection uncertainties"
        },
        {
            "begin": 628,
            "id": "m15",
            "end": 643,
            "type": "OtherScientificTerm",
            "text": "shape alignment"
        },
        {
            "begin": 661,
            "id": "m16",
            "end": 682,
            "type": "OtherScientificTerm",
            "text": "predicted shape prior"
        },
        {
            "begin": 700,
            "id": "m17",
            "end": 720,
            "type": "OtherScientificTerm",
            "text": "subspace constraints"
        },
        {
            "begin": 803,
            "id": "m18",
            "end": 824,
            "type": "Method",
            "text": "posterior shape model"
        },
        {
            "begin": 847,
            "id": "m19",
            "end": 865,
            "type": "OtherScientificTerm",
            "text": "maximum likelihood"
        },
        {
            "begin": 871,
            "id": "m20",
            "end": 880,
            "type": "Generic",
            "text": "framework"
        },
        {
            "begin": 900,
            "id": "m21",
            "end": 933,
            "type": "Task",
            "text": "automatic tracking of endocardium"
        },
        {
            "begin": 937,
            "id": "m22",
            "end": 976,
            "type": "Material",
            "text": "ultrasound sequences of the human heart"
        },
        {
            "begin": 987,
            "id": "m23",
            "end": 996,
            "type": "Task",
            "text": "detection"
        },
        {
            "begin": 1008,
            "id": "m24",
            "end": 1016,
            "type": "Task",
            "text": "tracking"
        },
        {
            "begin": 1064,
            "id": "m25",
            "end": 1074,
            "type": "Generic",
            "text": "approaches"
        },
        {
            "begin": 1079,
            "id": "m26",
            "end": 1102,
            "type": "OtherScientificTerm",
            "text": "inter-expert variations"
        }
    ],
    "relations": [
        {
            "args": [
                "m0",
                "m1"
            ],
            "type": "USED-FOR",
            "id": "r0"
        },
        {
            "args": [
                "m2",
                "m3"
            ],
            "type": "USED-FOR",
            "id": "r1"
        },
        {
            "args": [
                "m3",
                "m4"
            ],
            "type": "USED-FOR",
            "id": "r2"
        },
        {
            "args": [
                "m5",
                "m4"
            ],
            "type": "HYPONYM-OF",
            "id": "r3"
        },
        {
            "args": [
                "m7",
                "m6"
            ],
            "type": "USED-FOR",
            "id": "r4"
        },
        {
            "args": [
                "m7",
                "m8"
            ],
            "type": "USED-FOR",
            "id": "r5"
        },
        {
            "args": [
                "m10",
                "m9"
            ],
            "type": "USED-FOR",
            "id": "r6"
        },
        {
            "args": [
                "m11",
                "m10"
            ],
            "type": "USED-FOR",
            "id": "r7"
        },
        {
            "args": [
                "m12",
                "m13"
            ],
            "type": "PART-OF",
            "id": "r8"
        },
        {
            "args": [
                "m19",
                "m18"
            ],
            "type": "USED-FOR",
            "id": "r9"
        },
        {
            "args": [
                "m20",
                "m21"
            ],
            "type": "USED-FOR",
            "id": "r10"
        },
        {
            "args": [
                "m23",
                "m24"
            ],
            "type": "CONJUNCTION",
            "id": "r12"
        },
        {
            "args": [
                "m25",
                "m26"
            ],
            "type": "CONJUNCTION",
            "id": "r13"
        }
    ],
    "sentences": [
        {
            "begin": 0,
            "text": "Uncertainty handling plays an important role during shape tracking.",
            "end": 67,
            "tokens": [
                {
                    "begin": 0,
                    "text": "Uncertainty",
                    "end": 11,
                    "id": "s0-t0"
                },
                {
                    "begin": 12,
                    "text": "handling",
                    "end": 20,
                    "id": "s0-t1"
                },
                {
                    "begin": 21,
                    "text": "plays",
                    "end": 26,
                    "id": "s0-t2"
                },
                {
                    "begin": 27,
                    "text": "an",
                    "end": 29,
                    "id": "s0-t3"
                },
                {
                    "begin": 30,
                    "text": "important",
                    "end": 39,
                    "id": "s0-t4"
                },
                {
                    "begin": 40,
                    "text": "role",
                    "end": 44,
                    "id": "s0-t5"
                },
                {
                    "begin": 45,
                    "text": "during",
                    "end": 51,
                    "id": "s0-t6"
                },
                {
                    "begin": 52,
                    "text": "shape",
                    "end": 57,
                    "id": "s0-t7"
                },
                {
                    "begin": 58,
                    "text": "tracking",
                    "end": 66,
                    "id": "s0-t8"
                },
                {
                    "begin": 66,
                    "text": ".",
                    "end": 67,
                    "id": "s0-t9"
                }
            ],
            "id": "s0"
        },
        {
            "begin": 67,
            "text": " We have recently shown that the fusion of measurement information with system dynamics and shape priors greatly improves the tracking performance for very noisy images such as ultrasound sequences-LSB-22-RSB-.",
            "end": 277,
            "tokens": [
                {
                    "begin": 68,
                    "text": "We",
                    "end": 70,
                    "id": "s1-t0"
                },
                {
                    "begin": 71,
                    "text": "have",
                    "end": 75,
                    "id": "s1-t1"
                },
                {
                    "begin": 76,
                    "text": "recently",
                    "end": 84,
                    "id": "s1-t2"
                },
                {
                    "begin": 85,
                    "text": "shown",
                    "end": 90,
                    "id": "s1-t3"
                },
                {
                    "begin": 91,
                    "text": "that",
                    "end": 95,
                    "id": "s1-t4"
                },
                {
                    "begin": 96,
                    "text": "the",
                    "end": 99,
                    "id": "s1-t5"
                },
                {
                    "begin": 100,
                    "text": "fusion",
                    "end": 106,
                    "id": "s1-t6"
                },
                {
                    "begin": 107,
                    "text": "of",
                    "end": 109,
                    "id": "s1-t7"
                },
                {
                    "begin": 110,
                    "text": "measurement",
                    "end": 121,
                    "id": "s1-t8"
                },
                {
                    "begin": 122,
                    "text": "information",
                    "end": 133,
                    "id": "s1-t9"
                },
                {
                    "begin": 134,
                    "text": "with",
                    "end": 138,
                    "id": "s1-t10"
                },
                {
                    "begin": 139,
                    "text": "system",
                    "end": 145,
                    "id": "s1-t11"
                },
                {
                    "begin": 146,
                    "text": "dynamics",
                    "end": 154,
                    "id": "s1-t12"
                },
                {
                    "begin": 155,
                    "text": "and",
                    "end": 158,
                    "id": "s1-t13"
                },
                {
                    "begin": 159,
                    "text": "shape",
                    "end": 164,
                    "id": "s1-t14"
                },
                {
                    "begin": 165,
                    "text": "priors",
                    "end": 171,
                    "id": "s1-t15"
                },
                {
                    "begin": 172,
                    "text": "greatly",
                    "end": 179,
                    "id": "s1-t16"
                },
                {
                    "begin": 180,
                    "text": "improves",
                    "end": 188,
                    "id": "s1-t17"
                },
                {
                    "begin": 189,
                    "text": "the",
                    "end": 192,
                    "id": "s1-t18"
                },
                {
                    "begin": 193,
                    "text": "tracking",
                    "end": 201,
                    "id": "s1-t19"
                },
                {
                    "begin": 202,
                    "text": "performance",
                    "end": 213,
                    "id": "s1-t20"
                },
                {
                    "begin": 214,
                    "text": "for",
                    "end": 217,
                    "id": "s1-t21"
                },
                {
                    "begin": 218,
                    "text": "very",
                    "end": 222,
                    "id": "s1-t22"
                },
                {
                    "begin": 223,
                    "text": "noisy",
                    "end": 228,
                    "id": "s1-t23"
                },
                {
                    "begin": 229,
                    "text": "images",
                    "end": 235,
                    "id": "s1-t24"
                },
                {
                    "begin": 236,
                    "text": "such",
                    "end": 240,
                    "id": "s1-t25"
                },
                {
                    "begin": 241,
                    "text": "as",
                    "end": 243,
                    "id": "s1-t26"
                },
                {
                    "begin": 244,
                    "text": "ultrasound",
                    "end": 254,
                    "id": "s1-t27"
                },
                {
                    "begin": 255,
                    "text": "sequences",
                    "end": 264,
                    "id": "s1-t28"
                },
                {
                    "begin": 264,
                    "text": "-LSB-",
                    "end": 269,
                    "id": "s1-t29"
                },
                {
                    "begin": 269,
                    "text": "22",
                    "end": 271,
                    "id": "s1-t30"
                },
                {
                    "begin": 271,
                    "text": "-RSB-",
                    "end": 276,
                    "id": "s1-t31"
                },
                {
                    "begin": 276,
                    "text": ".",
                    "end": 277,
                    "id": "s1-t32"
                }
            ],
            "id": "s1"
        },
        {
            "begin": 277,
            "text": " Nevertheless, this approach required user initialization of the tracking process.",
            "end": 359,
            "tokens": [
                {
                    "begin": 278,
                    "text": "Nevertheless",
                    "end": 290,
                    "id": "s2-t0"
                },
                {
                    "begin": 290,
                    "text": ",",
                    "end": 291,
                    "id": "s2-t1"
                },
                {
                    "begin": 292,
                    "text": "this",
                    "end": 296,
                    "id": "s2-t2"
                },
                {
                    "begin": 297,
                    "text": "approach",
                    "end": 305,
                    "id": "s2-t3"
                },
                {
                    "begin": 306,
                    "text": "required",
                    "end": 314,
                    "id": "s2-t4"
                },
                {
                    "begin": 315,
                    "text": "user",
                    "end": 319,
                    "id": "s2-t5"
                },
                {
                    "begin": 320,
                    "text": "initialization",
                    "end": 334,
                    "id": "s2-t6"
                },
                {
                    "begin": 335,
                    "text": "of",
                    "end": 337,
                    "id": "s2-t7"
                },
                {
                    "begin": 338,
                    "text": "the",
                    "end": 341,
                    "id": "s2-t8"
                },
                {
                    "begin": 342,
                    "text": "tracking",
                    "end": 350,
                    "id": "s2-t9"
                },
                {
                    "begin": 351,
                    "text": "process",
                    "end": 358,
                    "id": "s2-t10"
                },
                {
                    "begin": 358,
                    "text": ".",
                    "end": 359,
                    "id": "s2-t11"
                }
            ],
            "id": "s2"
        },
        {
            "begin": 359,
            "text": " This paper solves the automatic initial-ization problem by performing boosted shape detection as a generic measurement process and integrating it in our tracking framework.",
            "end": 532,
            "tokens": [
                {
                    "begin": 360,
                    "text": "This",
                    "end": 364,
                    "id": "s3-t0"
                },
                {
                    "begin": 365,
                    "text": "paper",
                    "end": 370,
                    "id": "s3-t1"
                },
                {
                    "begin": 371,
                    "text": "solves",
                    "end": 377,
                    "id": "s3-t2"
                },
                {
                    "begin": 378,
                    "text": "the",
                    "end": 381,
                    "id": "s3-t3"
                },
                {
                    "begin": 382,
                    "text": "automatic",
                    "end": 391,
                    "id": "s3-t4"
                },
                {
                    "begin": 392,
                    "text": "initial-ization",
                    "end": 407,
                    "id": "s3-t5"
                },
                {
                    "begin": 408,
                    "text": "problem",
                    "end": 415,
                    "id": "s3-t6"
                },
                {
                    "begin": 416,
                    "text": "by",
                    "end": 418,
                    "id": "s3-t7"
                },
                {
                    "begin": 419,
                    "text": "performing",
                    "end": 429,
                    "id": "s3-t8"
                },
                {
                    "begin": 430,
                    "text": "boosted",
                    "end": 437,
                    "id": "s3-t9"
                },
                {
                    "begin": 438,
                    "text": "shape",
                    "end": 443,
                    "id": "s3-t10"
                },
                {
                    "begin": 444,
                    "text": "detection",
                    "end": 453,
                    "id": "s3-t11"
                },
                {
                    "begin": 454,
                    "text": "as",
                    "end": 456,
                    "id": "s3-t12"
                },
                {
                    "begin": 457,
                    "text": "a",
                    "end": 458,
                    "id": "s3-t13"
                },
                {
                    "begin": 459,
                    "text": "generic",
                    "end": 466,
                    "id": "s3-t14"
                },
                {
                    "begin": 467,
                    "text": "measurement",
                    "end": 478,
                    "id": "s3-t15"
                },
                {
                    "begin": 479,
                    "text": "process",
                    "end": 486,
                    "id": "s3-t16"
                },
                {
                    "begin": 487,
                    "text": "and",
                    "end": 490,
                    "id": "s3-t17"
                },
                {
                    "begin": 491,
                    "text": "integrating",
                    "end": 502,
                    "id": "s3-t18"
                },
                {
                    "begin": 503,
                    "text": "it",
                    "end": 505,
                    "id": "s3-t19"
                },
                {
                    "begin": 506,
                    "text": "in",
                    "end": 508,
                    "id": "s3-t20"
                },
                {
                    "begin": 509,
                    "text": "our",
                    "end": 512,
                    "id": "s3-t21"
                },
                {
                    "begin": 513,
                    "text": "tracking",
                    "end": 521,
                    "id": "s3-t22"
                },
                {
                    "begin": 522,
                    "text": "framework",
                    "end": 531,
                    "id": "s3-t23"
                },
                {
                    "begin": 531,
                    "text": ".",
                    "end": 532,
                    "id": "s3-t24"
                }
            ],
            "id": "s3"
        },
        {
            "begin": 532,
            "text": " We show how to propagate the local detection uncertainties of multiple shape candidates during shape alignment, fusion with the predicted shape prior, and fusion with subspace constraints.",
            "end": 721,
            "tokens": [
                {
                    "begin": 533,
                    "text": "We",
                    "end": 535,
                    "id": "s4-t0"
                },
                {
                    "begin": 536,
                    "text": "show",
                    "end": 540,
                    "id": "s4-t1"
                },
                {
                    "begin": 541,
                    "text": "how",
                    "end": 544,
                    "id": "s4-t2"
                },
                {
                    "begin": 545,
                    "text": "to",
                    "end": 547,
                    "id": "s4-t3"
                },
                {
                    "begin": 548,
                    "text": "propagate",
                    "end": 557,
                    "id": "s4-t4"
                },
                {
                    "begin": 558,
                    "text": "the",
                    "end": 561,
                    "id": "s4-t5"
                },
                {
                    "begin": 562,
                    "text": "local",
                    "end": 567,
                    "id": "s4-t6"
                },
                {
                    "begin": 568,
                    "text": "detection",
                    "end": 577,
                    "id": "s4-t7"
                },
                {
                    "begin": 578,
                    "text": "uncertainties",
                    "end": 591,
                    "id": "s4-t8"
                },
                {
                    "begin": 592,
                    "text": "of",
                    "end": 594,
                    "id": "s4-t9"
                },
                {
                    "begin": 595,
                    "text": "multiple",
                    "end": 603,
                    "id": "s4-t10"
                },
                {
                    "begin": 604,
                    "text": "shape",
                    "end": 609,
                    "id": "s4-t11"
                },
                {
                    "begin": 610,
                    "text": "candidates",
                    "end": 620,
                    "id": "s4-t12"
                },
                {
                    "begin": 621,
                    "text": "during",
                    "end": 627,
                    "id": "s4-t13"
                },
                {
                    "begin": 628,
                    "text": "shape",
                    "end": 633,
                    "id": "s4-t14"
                },
                {
                    "begin": 634,
                    "text": "alignment",
                    "end": 643,
                    "id": "s4-t15"
                },
                {
                    "begin": 643,
                    "text": ",",
                    "end": 644,
                    "id": "s4-t16"
                },
                {
                    "begin": 645,
                    "text": "fusion",
                    "end": 651,
                    "id": "s4-t17"
                },
                {
                    "begin": 652,
                    "text": "with",
                    "end": 656,
                    "id": "s4-t18"
                },
                {
                    "begin": 657,
                    "text": "the",
                    "end": 660,
                    "id": "s4-t19"
                },
                {
                    "begin": 661,
                    "text": "predicted",
                    "end": 670,
                    "id": "s4-t20"
                },
                {
                    "begin": 671,
                    "text": "shape",
                    "end": 676,
                    "id": "s4-t21"
                },
                {
                    "begin": 677,
                    "text": "prior",
                    "end": 682,
                    "id": "s4-t22"
                },
                {
                    "begin": 682,
                    "text": ",",
                    "end": 683,
                    "id": "s4-t23"
                },
                {
                    "begin": 684,
                    "text": "and",
                    "end": 687,
                    "id": "s4-t24"
                },
                {
                    "begin": 688,
                    "text": "fusion",
                    "end": 694,
                    "id": "s4-t25"
                },
                {
                    "begin": 695,
                    "text": "with",
                    "end": 699,
                    "id": "s4-t26"
                },
                {
                    "begin": 700,
                    "text": "subspace",
                    "end": 708,
                    "id": "s4-t27"
                },
                {
                    "begin": 709,
                    "text": "constraints",
                    "end": 720,
                    "id": "s4-t28"
                },
                {
                    "begin": 720,
                    "text": ".",
                    "end": 721,
                    "id": "s4-t29"
                }
            ],
            "id": "s4"
        },
        {
            "begin": 721,
            "text": " As a result, we treat all sources of information in a unified way and derive the posterior shape model as the shape with the maximum likelihood.",
            "end": 866,
            "tokens": [
                {
                    "begin": 722,
                    "text": "As",
                    "end": 724,
                    "id": "s5-t0"
                },
                {
                    "begin": 725,
                    "text": "a",
                    "end": 726,
                    "id": "s5-t1"
                },
                {
                    "begin": 727,
                    "text": "result",
                    "end": 733,
                    "id": "s5-t2"
                },
                {
                    "begin": 733,
                    "text": ",",
                    "end": 734,
                    "id": "s5-t3"
                },
                {
                    "begin": 735,
                    "text": "we",
                    "end": 737,
                    "id": "s5-t4"
                },
                {
                    "begin": 738,
                    "text": "treat",
                    "end": 743,
                    "id": "s5-t5"
                },
                {
                    "begin": 744,
                    "text": "all",
                    "end": 747,
                    "id": "s5-t6"
                },
                {
                    "begin": 748,
                    "text": "sources",
                    "end": 755,
                    "id": "s5-t7"
                },
                {
                    "begin": 756,
                    "text": "of",
                    "end": 758,
                    "id": "s5-t8"
                },
                {
                    "begin": 759,
                    "text": "information",
                    "end": 770,
                    "id": "s5-t9"
                },
                {
                    "begin": 771,
                    "text": "in",
                    "end": 773,
                    "id": "s5-t10"
                },
                {
                    "begin": 774,
                    "text": "a",
                    "end": 775,
                    "id": "s5-t11"
                },
                {
                    "begin": 776,
                    "text": "unified",
                    "end": 783,
                    "id": "s5-t12"
                },
                {
                    "begin": 784,
                    "text": "way",
                    "end": 787,
                    "id": "s5-t13"
                },
                {
                    "begin": 788,
                    "text": "and",
                    "end": 791,
                    "id": "s5-t14"
                },
                {
                    "begin": 792,
                    "text": "derive",
                    "end": 798,
                    "id": "s5-t15"
                },
                {
                    "begin": 799,
                    "text": "the",
                    "end": 802,
                    "id": "s5-t16"
                },
                {
                    "begin": 803,
                    "text": "posterior",
                    "end": 812,
                    "id": "s5-t17"
                },
                {
                    "begin": 813,
                    "text": "shape",
                    "end": 818,
                    "id": "s5-t18"
                },
                {
                    "begin": 819,
                    "text": "model",
                    "end": 824,
                    "id": "s5-t19"
                },
                {
                    "begin": 825,
                    "text": "as",
                    "end": 827,
                    "id": "s5-t20"
                },
                {
                    "begin": 828,
                    "text": "the",
                    "end": 831,
                    "id": "s5-t21"
                },
                {
                    "begin": 832,
                    "text": "shape",
                    "end": 837,
                    "id": "s5-t22"
                },
                {
                    "begin": 838,
                    "text": "with",
                    "end": 842,
                    "id": "s5-t23"
                },
                {
                    "begin": 843,
                    "text": "the",
                    "end": 846,
                    "id": "s5-t24"
                },
                {
                    "begin": 847,
                    "text": "maximum",
                    "end": 854,
                    "id": "s5-t25"
                },
                {
                    "begin": 855,
                    "text": "likelihood",
                    "end": 865,
                    "id": "s5-t26"
                },
                {
                    "begin": 865,
                    "text": ".",
                    "end": 866,
                    "id": "s5-t27"
                }
            ],
            "id": "s5"
        },
        {
            "begin": 866,
            "text": " Our framework is applied for the automatic tracking of endocardium in ultrasound sequences of the human heart.",
            "end": 977,
            "tokens": [
                {
                    "begin": 867,
                    "text": "Our",
                    "end": 870,
                    "id": "s6-t0"
                },
                {
                    "begin": 871,
                    "text": "framework",
                    "end": 880,
                    "id": "s6-t1"
                },
                {
                    "begin": 881,
                    "text": "is",
                    "end": 883,
                    "id": "s6-t2"
                },
                {
                    "begin": 884,
                    "text": "applied",
                    "end": 891,
                    "id": "s6-t3"
                },
                {
                    "begin": 892,
                    "text": "for",
                    "end": 895,
                    "id": "s6-t4"
                },
                {
                    "begin": 896,
                    "text": "the",
                    "end": 899,
                    "id": "s6-t5"
                },
                {
                    "begin": 900,
                    "text": "automatic",
                    "end": 909,
                    "id": "s6-t6"
                },
                {
                    "begin": 910,
                    "text": "tracking",
                    "end": 918,
                    "id": "s6-t7"
                },
                {
                    "begin": 919,
                    "text": "of",
                    "end": 921,
                    "id": "s6-t8"
                },
                {
                    "begin": 922,
                    "text": "endocardium",
                    "end": 933,
                    "id": "s6-t9"
                },
                {
                    "begin": 934,
                    "text": "in",
                    "end": 936,
                    "id": "s6-t10"
                },
                {
                    "begin": 937,
                    "text": "ultrasound",
                    "end": 947,
                    "id": "s6-t11"
                },
                {
                    "begin": 948,
                    "text": "sequences",
                    "end": 957,
                    "id": "s6-t12"
                },
                {
                    "begin": 958,
                    "text": "of",
                    "end": 960,
                    "id": "s6-t13"
                },
                {
                    "begin": 961,
                    "text": "the",
                    "end": 964,
                    "id": "s6-t14"
                },
                {
                    "begin": 965,
                    "text": "human",
                    "end": 970,
                    "id": "s6-t15"
                },
                {
                    "begin": 971,
                    "text": "heart",
                    "end": 976,
                    "id": "s6-t16"
                },
                {
                    "begin": 976,
                    "text": ".",
                    "end": 977,
                    "id": "s6-t17"
                }
            ],
            "id": "s6"
        },
        {
            "begin": 977,
            "text": " Reliable detection and robust tracking results are achieved when compared to existing approaches and inter-expert variations.",
            "end": 1103,
            "tokens": [
                {
                    "begin": 978,
                    "text": "Reliable",
                    "end": 986,
                    "id": "s7-t0"
                },
                {
                    "begin": 987,
                    "text": "detection",
                    "end": 996,
                    "id": "s7-t1"
                },
                {
                    "begin": 997,
                    "text": "and",
                    "end": 1000,
                    "id": "s7-t2"
                },
                {
                    "begin": 1001,
                    "text": "robust",
                    "end": 1007,
                    "id": "s7-t3"
                },
                {
                    "begin": 1008,
                    "text": "tracking",
                    "end": 1016,
                    "id": "s7-t4"
                },
                {
                    "begin": 1017,
                    "text": "results",
                    "end": 1024,
                    "id": "s7-t5"
                },
                {
                    "begin": 1025,
                    "text": "are",
                    "end": 1028,
                    "id": "s7-t6"
                },
                {
                    "begin": 1029,
                    "text": "achieved",
                    "end": 1037,
                    "id": "s7-t7"
                },
                {
                    "begin": 1038,
                    "text": "when",
                    "end": 1042,
                    "id": "s7-t8"
                },
                {
                    "begin": 1043,
                    "text": "compared",
                    "end": 1051,
                    "id": "s7-t9"
                },
                {
                    "begin": 1052,
                    "text": "to",
                    "end": 1054,
                    "id": "s7-t10"
                },
                {
                    "begin": 1055,
                    "text": "existing",
                    "end": 1063,
                    "id": "s7-t11"
                },
                {
                    "begin": 1064,
                    "text": "approaches",
                    "end": 1074,
                    "id": "s7-t12"
                },
                {
                    "begin": 1075,
                    "text": "and",
                    "end": 1078,
                    "id": "s7-t13"
                },
                {
                    "begin": 1079,
                    "text": "inter-expert",
                    "end": 1091,
                    "id": "s7-t14"
                },
                {
                    "begin": 1092,
                    "text": "variations",
                    "end": 1102,
                    "id": "s7-t15"
                },
                {
                    "begin": 1102,
                    "text": ".",
                    "end": 1103,
                    "id": "s7-t16"
                }
            ],
            "id": "s7"
        }
    ],
    "text": "Uncertainty handling plays an important role during shape tracking. We have recently shown that the fusion of measurement information with system dynamics and shape priors greatly improves the tracking performance for very noisy images such as ultrasound sequences-LSB-22-RSB-. Nevertheless, this approach required user initialization of the tracking process. This paper solves the automatic initial-ization problem by performing boosted shape detection as a generic measurement process and integrating it in our tracking framework. We show how to propagate the local detection uncertainties of multiple shape candidates during shape alignment, fusion with the predicted shape prior, and fusion with subspace constraints. As a result, we treat all sources of information in a unified way and derive the posterior shape model as the shape with the maximum likelihood. Our framework is applied for the automatic tracking of endocardium in ultrasound sequences of the human heart. Reliable detection and robust tracking results are achieved when compared to existing approaches and inter-expert variations.",
    "id": "28112c2c-b0ef-4a70-804f-82d145aec75b"
}