{
    "mentions": [
        {
            "begin": 21,
            "id": "m0",
            "end": 48,
            "type": "Method",
            "text": "supervised machine learning"
        },
        {
            "begin": 94,
            "id": "m1",
            "end": 128,
            "type": "Method",
            "text": "statistical models of WH-questions"
        },
        {
            "begin": 136,
            "id": "m2",
            "end": 142,
            "type": "Generic",
            "text": "models"
        },
        {
            "begin": 165,
            "id": "m3",
            "end": 205,
            "type": "OtherScientificTerm",
            "text": "shallow linguistic features of questions"
        },
        {
            "begin": 266,
            "id": "m4",
            "end": 292,
            "type": "OtherScientificTerm",
            "text": "user's informational goals"
        },
        {
            "begin": 362,
            "id": "m5",
            "end": 368,
            "type": "Generic",
            "text": "models"
        },
        {
            "begin": 405,
            "id": "m6",
            "end": 433,
            "type": "OtherScientificTerm",
            "text": "training and testing factors"
        }
    ],
    "relations": [
        {
            "args": [
                "m0",
                "m1"
            ],
            "type": "USED-FOR",
            "id": "r0"
        },
        {
            "args": [
                "m3",
                "m2"
            ],
            "type": "USED-FOR",
            "id": "r1"
        }
    ],
    "sentences": [
        {
            "begin": 0,
            "text": "We describe a set of supervised machine learning experiments centering on the construction of statistical models of WH-questions.",
            "end": 129,
            "tokens": [
                {
                    "begin": 0,
                    "text": "We",
                    "end": 2,
                    "id": "s0-t0"
                },
                {
                    "begin": 3,
                    "text": "describe",
                    "end": 11,
                    "id": "s0-t1"
                },
                {
                    "begin": 12,
                    "text": "a",
                    "end": 13,
                    "id": "s0-t2"
                },
                {
                    "begin": 14,
                    "text": "set",
                    "end": 17,
                    "id": "s0-t3"
                },
                {
                    "begin": 18,
                    "text": "of",
                    "end": 20,
                    "id": "s0-t4"
                },
                {
                    "begin": 21,
                    "text": "supervised",
                    "end": 31,
                    "id": "s0-t5"
                },
                {
                    "begin": 32,
                    "text": "machine",
                    "end": 39,
                    "id": "s0-t6"
                },
                {
                    "begin": 40,
                    "text": "learning",
                    "end": 48,
                    "id": "s0-t7"
                },
                {
                    "begin": 49,
                    "text": "experiments",
                    "end": 60,
                    "id": "s0-t8"
                },
                {
                    "begin": 61,
                    "text": "centering",
                    "end": 70,
                    "id": "s0-t9"
                },
                {
                    "begin": 71,
                    "text": "on",
                    "end": 73,
                    "id": "s0-t10"
                },
                {
                    "begin": 74,
                    "text": "the",
                    "end": 77,
                    "id": "s0-t11"
                },
                {
                    "begin": 78,
                    "text": "construction",
                    "end": 90,
                    "id": "s0-t12"
                },
                {
                    "begin": 91,
                    "text": "of",
                    "end": 93,
                    "id": "s0-t13"
                },
                {
                    "begin": 94,
                    "text": "statistical",
                    "end": 105,
                    "id": "s0-t14"
                },
                {
                    "begin": 106,
                    "text": "models",
                    "end": 112,
                    "id": "s0-t15"
                },
                {
                    "begin": 113,
                    "text": "of",
                    "end": 115,
                    "id": "s0-t16"
                },
                {
                    "begin": 116,
                    "text": "WH-questions",
                    "end": 128,
                    "id": "s0-t17"
                },
                {
                    "begin": 128,
                    "text": ".",
                    "end": 129,
                    "id": "s0-t18"
                }
            ],
            "id": "s0"
        },
        {
            "begin": 129,
            "text": " These models, which are built from shallow linguistic features of questions, are employed to predict target variables which represent a user's informational goals.",
            "end": 293,
            "tokens": [
                {
                    "begin": 130,
                    "text": "These",
                    "end": 135,
                    "id": "s1-t0"
                },
                {
                    "begin": 136,
                    "text": "models",
                    "end": 142,
                    "id": "s1-t1"
                },
                {
                    "begin": 142,
                    "text": ",",
                    "end": 143,
                    "id": "s1-t2"
                },
                {
                    "begin": 144,
                    "text": "which",
                    "end": 149,
                    "id": "s1-t3"
                },
                {
                    "begin": 150,
                    "text": "are",
                    "end": 153,
                    "id": "s1-t4"
                },
                {
                    "begin": 154,
                    "text": "built",
                    "end": 159,
                    "id": "s1-t5"
                },
                {
                    "begin": 160,
                    "text": "from",
                    "end": 164,
                    "id": "s1-t6"
                },
                {
                    "begin": 165,
                    "text": "shallow",
                    "end": 172,
                    "id": "s1-t7"
                },
                {
                    "begin": 173,
                    "text": "linguistic",
                    "end": 183,
                    "id": "s1-t8"
                },
                {
                    "begin": 184,
                    "text": "features",
                    "end": 192,
                    "id": "s1-t9"
                },
                {
                    "begin": 193,
                    "text": "of",
                    "end": 195,
                    "id": "s1-t10"
                },
                {
                    "begin": 196,
                    "text": "questions",
                    "end": 205,
                    "id": "s1-t11"
                },
                {
                    "begin": 205,
                    "text": ",",
                    "end": 206,
                    "id": "s1-t12"
                },
                {
                    "begin": 207,
                    "text": "are",
                    "end": 210,
                    "id": "s1-t13"
                },
                {
                    "begin": 211,
                    "text": "employed",
                    "end": 219,
                    "id": "s1-t14"
                },
                {
                    "begin": 220,
                    "text": "to",
                    "end": 222,
                    "id": "s1-t15"
                },
                {
                    "begin": 223,
                    "text": "predict",
                    "end": 230,
                    "id": "s1-t16"
                },
                {
                    "begin": 231,
                    "text": "target",
                    "end": 237,
                    "id": "s1-t17"
                },
                {
                    "begin": 238,
                    "text": "variables",
                    "end": 247,
                    "id": "s1-t18"
                },
                {
                    "begin": 248,
                    "text": "which",
                    "end": 253,
                    "id": "s1-t19"
                },
                {
                    "begin": 254,
                    "text": "represent",
                    "end": 263,
                    "id": "s1-t20"
                },
                {
                    "begin": 264,
                    "text": "a",
                    "end": 265,
                    "id": "s1-t21"
                },
                {
                    "begin": 266,
                    "text": "user",
                    "end": 270,
                    "id": "s1-t22"
                },
                {
                    "begin": 270,
                    "text": "'s",
                    "end": 272,
                    "id": "s1-t23"
                },
                {
                    "begin": 273,
                    "text": "informational",
                    "end": 286,
                    "id": "s1-t24"
                },
                {
                    "begin": 287,
                    "text": "goals",
                    "end": 292,
                    "id": "s1-t25"
                },
                {
                    "begin": 292,
                    "text": ".",
                    "end": 293,
                    "id": "s1-t26"
                }
            ],
            "id": "s1"
        },
        {
            "begin": 293,
            "text": " We report on different aspects of the predictive performance of our models, including the influence of various training and testing factors on predictive performance, and examine the relationships among the target variables.",
            "end": 518,
            "tokens": [
                {
                    "begin": 294,
                    "text": "We",
                    "end": 296,
                    "id": "s2-t0"
                },
                {
                    "begin": 297,
                    "text": "report",
                    "end": 303,
                    "id": "s2-t1"
                },
                {
                    "begin": 304,
                    "text": "on",
                    "end": 306,
                    "id": "s2-t2"
                },
                {
                    "begin": 307,
                    "text": "different",
                    "end": 316,
                    "id": "s2-t3"
                },
                {
                    "begin": 317,
                    "text": "aspects",
                    "end": 324,
                    "id": "s2-t4"
                },
                {
                    "begin": 325,
                    "text": "of",
                    "end": 327,
                    "id": "s2-t5"
                },
                {
                    "begin": 328,
                    "text": "the",
                    "end": 331,
                    "id": "s2-t6"
                },
                {
                    "begin": 332,
                    "text": "predictive",
                    "end": 342,
                    "id": "s2-t7"
                },
                {
                    "begin": 343,
                    "text": "performance",
                    "end": 354,
                    "id": "s2-t8"
                },
                {
                    "begin": 355,
                    "text": "of",
                    "end": 357,
                    "id": "s2-t9"
                },
                {
                    "begin": 358,
                    "text": "our",
                    "end": 361,
                    "id": "s2-t10"
                },
                {
                    "begin": 362,
                    "text": "models",
                    "end": 368,
                    "id": "s2-t11"
                },
                {
                    "begin": 368,
                    "text": ",",
                    "end": 369,
                    "id": "s2-t12"
                },
                {
                    "begin": 370,
                    "text": "including",
                    "end": 379,
                    "id": "s2-t13"
                },
                {
                    "begin": 380,
                    "text": "the",
                    "end": 383,
                    "id": "s2-t14"
                },
                {
                    "begin": 384,
                    "text": "influence",
                    "end": 393,
                    "id": "s2-t15"
                },
                {
                    "begin": 394,
                    "text": "of",
                    "end": 396,
                    "id": "s2-t16"
                },
                {
                    "begin": 397,
                    "text": "various",
                    "end": 404,
                    "id": "s2-t17"
                },
                {
                    "begin": 405,
                    "text": "training",
                    "end": 413,
                    "id": "s2-t18"
                },
                {
                    "begin": 414,
                    "text": "and",
                    "end": 417,
                    "id": "s2-t19"
                },
                {
                    "begin": 418,
                    "text": "testing",
                    "end": 425,
                    "id": "s2-t20"
                },
                {
                    "begin": 426,
                    "text": "factors",
                    "end": 433,
                    "id": "s2-t21"
                },
                {
                    "begin": 434,
                    "text": "on",
                    "end": 436,
                    "id": "s2-t22"
                },
                {
                    "begin": 437,
                    "text": "predictive",
                    "end": 447,
                    "id": "s2-t23"
                },
                {
                    "begin": 448,
                    "text": "performance",
                    "end": 459,
                    "id": "s2-t24"
                },
                {
                    "begin": 459,
                    "text": ",",
                    "end": 460,
                    "id": "s2-t25"
                },
                {
                    "begin": 461,
                    "text": "and",
                    "end": 464,
                    "id": "s2-t26"
                },
                {
                    "begin": 465,
                    "text": "examine",
                    "end": 472,
                    "id": "s2-t27"
                },
                {
                    "begin": 473,
                    "text": "the",
                    "end": 476,
                    "id": "s2-t28"
                },
                {
                    "begin": 477,
                    "text": "relationships",
                    "end": 490,
                    "id": "s2-t29"
                },
                {
                    "begin": 491,
                    "text": "among",
                    "end": 496,
                    "id": "s2-t30"
                },
                {
                    "begin": 497,
                    "text": "the",
                    "end": 500,
                    "id": "s2-t31"
                },
                {
                    "begin": 501,
                    "text": "target",
                    "end": 507,
                    "id": "s2-t32"
                },
                {
                    "begin": 508,
                    "text": "variables",
                    "end": 517,
                    "id": "s2-t33"
                },
                {
                    "begin": 517,
                    "text": ".",
                    "end": 518,
                    "id": "s2-t34"
                }
            ],
            "id": "s2"
        }
    ],
    "text": "We describe a set of supervised machine learning experiments centering on the construction of statistical models of WH-questions. These models, which are built from shallow linguistic features of questions, are employed to predict target variables which represent a user's informational goals. We report on different aspects of the predictive performance of our models, including the influence of various training and testing factors on predictive performance, and examine the relationships among the target variables.",
    "id": "c08bc805-98dc-4988-bf7c-35379718d52c"
}