{
    "mentions": [
        {
            "begin": 17,
            "id": "m0",
            "end": 27,
            "type": "Method",
            "text": "HMM tagger"
        },
        {
            "begin": 38,
            "id": "m1",
            "end": 40,
            "type": "Generic",
            "text": "it"
        },
        {
            "begin": 116,
            "id": "m2",
            "end": 148,
            "type": "Task",
            "text": "unsupervised and supervised case"
        },
        {
            "begin": 214,
            "id": "m3",
            "end": 234,
            "type": "Method",
            "text": "unsupervised methods"
        },
        {
            "begin": 239,
            "id": "m4",
            "end": 261,
            "type": "Task",
            "text": "part-of-speech tagging"
        },
        {
            "begin": 416,
            "id": "m5",
            "end": 424,
            "type": "Metric",
            "text": "accuracy"
        },
        {
            "begin": 453,
            "id": "m6",
            "end": 463,
            "type": "Generic",
            "text": "algorithms"
        },
        {
            "begin": 488,
            "id": "m7",
            "end": 500,
            "type": "Method",
            "text": "HMM training"
        },
        {
            "begin": 541,
            "id": "m8",
            "end": 562,
            "type": "OtherScientificTerm",
            "text": "lexical probabilities"
        },
        {
            "begin": 606,
            "id": "m9",
            "end": 612,
            "type": "Generic",
            "text": "tagger"
        },
        {
            "begin": 652,
            "id": "m10",
            "end": 696,
            "type": "Task",
            "text": "supervised, non-training intensive framework"
        }
    ],
    "relations": [
        {
            "args": [
                "m2",
                "m1"
            ],
            "type": "EVALUATE-FOR",
            "id": "r0"
        },
        {
            "args": [
                "m3",
                "m4"
            ],
            "type": "USED-FOR",
            "id": "r1"
        },
        {
            "args": [
                "m5",
                "m6"
            ],
            "type": "EVALUATE-FOR",
            "id": "r2"
        },
        {
            "args": [
                "m10",
                "m9"
            ],
            "type": "EVALUATE-FOR",
            "id": "r3"
        }
    ],
    "sentences": [
        {
            "begin": 0,
            "text": "We present a new HMM tagger that exploits context on both sides of a word to be tagged, and evaluate it in both the unsupervised and supervised case.",
            "end": 149,
            "tokens": [
                {
                    "begin": 0,
                    "text": "We",
                    "end": 2,
                    "id": "s0-t0"
                },
                {
                    "begin": 3,
                    "text": "present",
                    "end": 10,
                    "id": "s0-t1"
                },
                {
                    "begin": 11,
                    "text": "a",
                    "end": 12,
                    "id": "s0-t2"
                },
                {
                    "begin": 13,
                    "text": "new",
                    "end": 16,
                    "id": "s0-t3"
                },
                {
                    "begin": 17,
                    "text": "HMM",
                    "end": 20,
                    "id": "s0-t4"
                },
                {
                    "begin": 21,
                    "text": "tagger",
                    "end": 27,
                    "id": "s0-t5"
                },
                {
                    "begin": 28,
                    "text": "that",
                    "end": 32,
                    "id": "s0-t6"
                },
                {
                    "begin": 33,
                    "text": "exploits",
                    "end": 41,
                    "id": "s0-t7"
                },
                {
                    "begin": 42,
                    "text": "context",
                    "end": 49,
                    "id": "s0-t8"
                },
                {
                    "begin": 50,
                    "text": "on",
                    "end": 52,
                    "id": "s0-t9"
                },
                {
                    "begin": 53,
                    "text": "both",
                    "end": 57,
                    "id": "s0-t10"
                },
                {
                    "begin": 58,
                    "text": "sides",
                    "end": 63,
                    "id": "s0-t11"
                },
                {
                    "begin": 64,
                    "text": "of",
                    "end": 66,
                    "id": "s0-t12"
                },
                {
                    "begin": 67,
                    "text": "a",
                    "end": 68,
                    "id": "s0-t13"
                },
                {
                    "begin": 69,
                    "text": "word",
                    "end": 73,
                    "id": "s0-t14"
                },
                {
                    "begin": 74,
                    "text": "to",
                    "end": 76,
                    "id": "s0-t15"
                },
                {
                    "begin": 77,
                    "text": "be",
                    "end": 79,
                    "id": "s0-t16"
                },
                {
                    "begin": 80,
                    "text": "tagged",
                    "end": 86,
                    "id": "s0-t17"
                },
                {
                    "begin": 86,
                    "text": ",",
                    "end": 87,
                    "id": "s0-t18"
                },
                {
                    "begin": 88,
                    "text": "and",
                    "end": 91,
                    "id": "s0-t19"
                },
                {
                    "begin": 92,
                    "text": "evaluate",
                    "end": 100,
                    "id": "s0-t20"
                },
                {
                    "begin": 101,
                    "text": "it",
                    "end": 103,
                    "id": "s0-t21"
                },
                {
                    "begin": 104,
                    "text": "in",
                    "end": 106,
                    "id": "s0-t22"
                },
                {
                    "begin": 107,
                    "text": "both",
                    "end": 111,
                    "id": "s0-t23"
                },
                {
                    "begin": 112,
                    "text": "the",
                    "end": 115,
                    "id": "s0-t24"
                },
                {
                    "begin": 116,
                    "text": "unsupervised",
                    "end": 128,
                    "id": "s0-t25"
                },
                {
                    "begin": 129,
                    "text": "and",
                    "end": 132,
                    "id": "s0-t26"
                },
                {
                    "begin": 133,
                    "text": "supervised",
                    "end": 143,
                    "id": "s0-t27"
                },
                {
                    "begin": 144,
                    "text": "case",
                    "end": 148,
                    "id": "s0-t28"
                },
                {
                    "begin": 148,
                    "text": ".",
                    "end": 149,
                    "id": "s0-t29"
                }
            ],
            "id": "s0"
        },
        {
            "begin": 149,
            "text": " Along the way, we present the first comprehensive comparison of unsupervised methods for part-of-speech tagging, noting that published results to date have not been comparable across corpora or lexicons.",
            "end": 353,
            "tokens": [
                {
                    "begin": 150,
                    "text": "Along",
                    "end": 155,
                    "id": "s1-t0"
                },
                {
                    "begin": 156,
                    "text": "the",
                    "end": 159,
                    "id": "s1-t1"
                },
                {
                    "begin": 160,
                    "text": "way",
                    "end": 163,
                    "id": "s1-t2"
                },
                {
                    "begin": 163,
                    "text": ",",
                    "end": 164,
                    "id": "s1-t3"
                },
                {
                    "begin": 165,
                    "text": "we",
                    "end": 167,
                    "id": "s1-t4"
                },
                {
                    "begin": 168,
                    "text": "present",
                    "end": 175,
                    "id": "s1-t5"
                },
                {
                    "begin": 176,
                    "text": "the",
                    "end": 179,
                    "id": "s1-t6"
                },
                {
                    "begin": 180,
                    "text": "first",
                    "end": 185,
                    "id": "s1-t7"
                },
                {
                    "begin": 186,
                    "text": "comprehensive",
                    "end": 199,
                    "id": "s1-t8"
                },
                {
                    "begin": 200,
                    "text": "comparison",
                    "end": 210,
                    "id": "s1-t9"
                },
                {
                    "begin": 211,
                    "text": "of",
                    "end": 213,
                    "id": "s1-t10"
                },
                {
                    "begin": 214,
                    "text": "unsupervised",
                    "end": 226,
                    "id": "s1-t11"
                },
                {
                    "begin": 227,
                    "text": "methods",
                    "end": 234,
                    "id": "s1-t12"
                },
                {
                    "begin": 235,
                    "text": "for",
                    "end": 238,
                    "id": "s1-t13"
                },
                {
                    "begin": 239,
                    "text": "part-of-speech",
                    "end": 253,
                    "id": "s1-t14"
                },
                {
                    "begin": 254,
                    "text": "tagging",
                    "end": 261,
                    "id": "s1-t15"
                },
                {
                    "begin": 261,
                    "text": ",",
                    "end": 262,
                    "id": "s1-t16"
                },
                {
                    "begin": 263,
                    "text": "noting",
                    "end": 269,
                    "id": "s1-t17"
                },
                {
                    "begin": 270,
                    "text": "that",
                    "end": 274,
                    "id": "s1-t18"
                },
                {
                    "begin": 275,
                    "text": "published",
                    "end": 284,
                    "id": "s1-t19"
                },
                {
                    "begin": 285,
                    "text": "results",
                    "end": 292,
                    "id": "s1-t20"
                },
                {
                    "begin": 293,
                    "text": "to",
                    "end": 295,
                    "id": "s1-t21"
                },
                {
                    "begin": 296,
                    "text": "date",
                    "end": 300,
                    "id": "s1-t22"
                },
                {
                    "begin": 301,
                    "text": "have",
                    "end": 305,
                    "id": "s1-t23"
                },
                {
                    "begin": 306,
                    "text": "not",
                    "end": 309,
                    "id": "s1-t24"
                },
                {
                    "begin": 310,
                    "text": "been",
                    "end": 314,
                    "id": "s1-t25"
                },
                {
                    "begin": 315,
                    "text": "comparable",
                    "end": 325,
                    "id": "s1-t26"
                },
                {
                    "begin": 326,
                    "text": "across",
                    "end": 332,
                    "id": "s1-t27"
                },
                {
                    "begin": 333,
                    "text": "corpora",
                    "end": 340,
                    "id": "s1-t28"
                },
                {
                    "begin": 341,
                    "text": "or",
                    "end": 343,
                    "id": "s1-t29"
                },
                {
                    "begin": 344,
                    "text": "lexicons",
                    "end": 352,
                    "id": "s1-t30"
                },
                {
                    "begin": 352,
                    "text": ".",
                    "end": 353,
                    "id": "s1-t31"
                }
            ],
            "id": "s1"
        },
        {
            "begin": 353,
            "text": " Observing that the quality of the lexicon greatly impacts the accuracy that can be achieved by the algorithms, we present a method of HMM training that improves accuracy when training of lexical probabilities is unstable.",
            "end": 575,
            "tokens": [
                {
                    "begin": 354,
                    "text": "Observing",
                    "end": 363,
                    "id": "s2-t0"
                },
                {
                    "begin": 364,
                    "text": "that",
                    "end": 368,
                    "id": "s2-t1"
                },
                {
                    "begin": 369,
                    "text": "the",
                    "end": 372,
                    "id": "s2-t2"
                },
                {
                    "begin": 373,
                    "text": "quality",
                    "end": 380,
                    "id": "s2-t3"
                },
                {
                    "begin": 381,
                    "text": "of",
                    "end": 383,
                    "id": "s2-t4"
                },
                {
                    "begin": 384,
                    "text": "the",
                    "end": 387,
                    "id": "s2-t5"
                },
                {
                    "begin": 388,
                    "text": "lexicon",
                    "end": 395,
                    "id": "s2-t6"
                },
                {
                    "begin": 396,
                    "text": "greatly",
                    "end": 403,
                    "id": "s2-t7"
                },
                {
                    "begin": 404,
                    "text": "impacts",
                    "end": 411,
                    "id": "s2-t8"
                },
                {
                    "begin": 412,
                    "text": "the",
                    "end": 415,
                    "id": "s2-t9"
                },
                {
                    "begin": 416,
                    "text": "accuracy",
                    "end": 424,
                    "id": "s2-t10"
                },
                {
                    "begin": 425,
                    "text": "that",
                    "end": 429,
                    "id": "s2-t11"
                },
                {
                    "begin": 430,
                    "text": "can",
                    "end": 433,
                    "id": "s2-t12"
                },
                {
                    "begin": 434,
                    "text": "be",
                    "end": 436,
                    "id": "s2-t13"
                },
                {
                    "begin": 437,
                    "text": "achieved",
                    "end": 445,
                    "id": "s2-t14"
                },
                {
                    "begin": 446,
                    "text": "by",
                    "end": 448,
                    "id": "s2-t15"
                },
                {
                    "begin": 449,
                    "text": "the",
                    "end": 452,
                    "id": "s2-t16"
                },
                {
                    "begin": 453,
                    "text": "algorithms",
                    "end": 463,
                    "id": "s2-t17"
                },
                {
                    "begin": 463,
                    "text": ",",
                    "end": 464,
                    "id": "s2-t18"
                },
                {
                    "begin": 465,
                    "text": "we",
                    "end": 467,
                    "id": "s2-t19"
                },
                {
                    "begin": 468,
                    "text": "present",
                    "end": 475,
                    "id": "s2-t20"
                },
                {
                    "begin": 476,
                    "text": "a",
                    "end": 477,
                    "id": "s2-t21"
                },
                {
                    "begin": 478,
                    "text": "method",
                    "end": 484,
                    "id": "s2-t22"
                },
                {
                    "begin": 485,
                    "text": "of",
                    "end": 487,
                    "id": "s2-t23"
                },
                {
                    "begin": 488,
                    "text": "HMM",
                    "end": 491,
                    "id": "s2-t24"
                },
                {
                    "begin": 492,
                    "text": "training",
                    "end": 500,
                    "id": "s2-t25"
                },
                {
                    "begin": 501,
                    "text": "that",
                    "end": 505,
                    "id": "s2-t26"
                },
                {
                    "begin": 506,
                    "text": "improves",
                    "end": 514,
                    "id": "s2-t27"
                },
                {
                    "begin": 515,
                    "text": "accuracy",
                    "end": 523,
                    "id": "s2-t28"
                },
                {
                    "begin": 524,
                    "text": "when",
                    "end": 528,
                    "id": "s2-t29"
                },
                {
                    "begin": 529,
                    "text": "training",
                    "end": 537,
                    "id": "s2-t30"
                },
                {
                    "begin": 538,
                    "text": "of",
                    "end": 540,
                    "id": "s2-t31"
                },
                {
                    "begin": 541,
                    "text": "lexical",
                    "end": 548,
                    "id": "s2-t32"
                },
                {
                    "begin": 549,
                    "text": "probabilities",
                    "end": 562,
                    "id": "s2-t33"
                },
                {
                    "begin": 563,
                    "text": "is",
                    "end": 565,
                    "id": "s2-t34"
                },
                {
                    "begin": 566,
                    "text": "unstable",
                    "end": 574,
                    "id": "s2-t35"
                },
                {
                    "begin": 574,
                    "text": ".",
                    "end": 575,
                    "id": "s2-t36"
                }
            ],
            "id": "s2"
        },
        {
            "begin": 575,
            "text": " Finally, we show how this new tagger achieves state-of-the-art results in a supervised, non-training intensive framework.",
            "end": 697,
            "tokens": [
                {
                    "begin": 576,
                    "text": "Finally",
                    "end": 583,
                    "id": "s3-t0"
                },
                {
                    "begin": 583,
                    "text": ",",
                    "end": 584,
                    "id": "s3-t1"
                },
                {
                    "begin": 585,
                    "text": "we",
                    "end": 587,
                    "id": "s3-t2"
                },
                {
                    "begin": 588,
                    "text": "show",
                    "end": 592,
                    "id": "s3-t3"
                },
                {
                    "begin": 593,
                    "text": "how",
                    "end": 596,
                    "id": "s3-t4"
                },
                {
                    "begin": 597,
                    "text": "this",
                    "end": 601,
                    "id": "s3-t5"
                },
                {
                    "begin": 602,
                    "text": "new",
                    "end": 605,
                    "id": "s3-t6"
                },
                {
                    "begin": 606,
                    "text": "tagger",
                    "end": 612,
                    "id": "s3-t7"
                },
                {
                    "begin": 613,
                    "text": "achieves",
                    "end": 621,
                    "id": "s3-t8"
                },
                {
                    "begin": 622,
                    "text": "state-of-the-art",
                    "end": 638,
                    "id": "s3-t9"
                },
                {
                    "begin": 639,
                    "text": "results",
                    "end": 646,
                    "id": "s3-t10"
                },
                {
                    "begin": 647,
                    "text": "in",
                    "end": 649,
                    "id": "s3-t11"
                },
                {
                    "begin": 650,
                    "text": "a",
                    "end": 651,
                    "id": "s3-t12"
                },
                {
                    "begin": 652,
                    "text": "supervised",
                    "end": 662,
                    "id": "s3-t13"
                },
                {
                    "begin": 662,
                    "text": ",",
                    "end": 663,
                    "id": "s3-t14"
                },
                {
                    "begin": 664,
                    "text": "non-training",
                    "end": 676,
                    "id": "s3-t15"
                },
                {
                    "begin": 677,
                    "text": "intensive",
                    "end": 686,
                    "id": "s3-t16"
                },
                {
                    "begin": 687,
                    "text": "framework",
                    "end": 696,
                    "id": "s3-t17"
                },
                {
                    "begin": 696,
                    "text": ".",
                    "end": 697,
                    "id": "s3-t18"
                }
            ],
            "id": "s3"
        }
    ],
    "text": "We present a new HMM tagger that exploits context on both sides of a word to be tagged, and evaluate it in both the unsupervised and supervised case. Along the way, we present the first comprehensive comparison of unsupervised methods for part-of-speech tagging, noting that published results to date have not been comparable across corpora or lexicons. Observing that the quality of the lexicon greatly impacts the accuracy that can be achieved by the algorithms, we present a method of HMM training that improves accuracy when training of lexical probabilities is unstable. Finally, we show how this new tagger achieves state-of-the-art results in a supervised, non-training intensive framework.",
    "id": "5c5147e6-6dec-4494-bbd9-eb215fb6f235"
}