{
    "mentions": [
        {
            "begin": 60,
            "id": "m0",
            "end": 91,
            "type": "Method",
            "text": "word sense disambigation models"
        },
        {
            "begin": 97,
            "id": "m1",
            "end": 136,
            "type": "Metric",
            "text": "statistical machine translation quality"
        },
        {
            "begin": 248,
            "id": "m2",
            "end": 287,
            "type": "Method",
            "text": "Chinese word sense disambiguation model"
        },
        {
            "begin": 298,
            "id": "m3",
            "end": 320,
            "type": "OtherScientificTerm",
            "text": "translation candidates"
        },
        {
            "begin": 335,
            "id": "m4",
            "end": 360,
            "type": "Method",
            "text": "IBM statistical MT system"
        },
        {
            "begin": 375,
            "id": "m5",
            "end": 400,
            "type": "Method",
            "text": "word sense disambiguation"
        },
        {
            "begin": 437,
            "id": "m6",
            "end": 456,
            "type": "Metric",
            "text": "translation quality"
        },
        {
            "begin": 466,
            "id": "m7",
            "end": 504,
            "type": "Method",
            "text": "statistical machine translation system"
        },
        {
            "begin": 512,
            "id": "m8",
            "end": 526,
            "type": "Method",
            "text": "Error analysis"
        },
        {
            "begin": 630,
            "id": "m9",
            "end": 658,
            "type": "Method",
            "text": "statistical MT architectures"
        }
    ],
    "relations": [
        {
            "args": [
                "m0",
                "m1"
            ],
            "type": "USED-FOR",
            "id": "r0"
        },
        {
            "args": [
                "m2",
                "m3"
            ],
            "type": "USED-FOR",
            "id": "r1"
        },
        {
            "args": [
                "m3",
                "m4"
            ],
            "type": "USED-FOR",
            "id": "r2"
        },
        {
            "args": [
                "m5",
                "m7"
            ],
            "type": "COMPARE",
            "id": "r3"
        },
        {
            "args": [
                "m6",
                "m5"
            ],
            "type": "EVALUATE-FOR",
            "id": "r4"
        },
        {
            "args": [
                "m6",
                "m7"
            ],
            "type": "EVALUATE-FOR",
            "id": "r5"
        }
    ],
    "sentences": [
        {
            "begin": 0,
            "text": "We directly investigate a subject of much recent debate: do word sense disambigation models help statistical machine translation quality?",
            "end": 137,
            "tokens": [
                {
                    "begin": 0,
                    "text": "We",
                    "end": 2,
                    "id": "s0-t0"
                },
                {
                    "begin": 3,
                    "text": "directly",
                    "end": 11,
                    "id": "s0-t1"
                },
                {
                    "begin": 12,
                    "text": "investigate",
                    "end": 23,
                    "id": "s0-t2"
                },
                {
                    "begin": 24,
                    "text": "a",
                    "end": 25,
                    "id": "s0-t3"
                },
                {
                    "begin": 26,
                    "text": "subject",
                    "end": 33,
                    "id": "s0-t4"
                },
                {
                    "begin": 34,
                    "text": "of",
                    "end": 36,
                    "id": "s0-t5"
                },
                {
                    "begin": 37,
                    "text": "much",
                    "end": 41,
                    "id": "s0-t6"
                },
                {
                    "begin": 42,
                    "text": "recent",
                    "end": 48,
                    "id": "s0-t7"
                },
                {
                    "begin": 49,
                    "text": "debate",
                    "end": 55,
                    "id": "s0-t8"
                },
                {
                    "begin": 55,
                    "text": ":",
                    "end": 56,
                    "id": "s0-t9"
                },
                {
                    "begin": 57,
                    "text": "do",
                    "end": 59,
                    "id": "s0-t10"
                },
                {
                    "begin": 60,
                    "text": "word",
                    "end": 64,
                    "id": "s0-t11"
                },
                {
                    "begin": 65,
                    "text": "sense",
                    "end": 70,
                    "id": "s0-t12"
                },
                {
                    "begin": 71,
                    "text": "disambigation",
                    "end": 84,
                    "id": "s0-t13"
                },
                {
                    "begin": 85,
                    "text": "models",
                    "end": 91,
                    "id": "s0-t14"
                },
                {
                    "begin": 92,
                    "text": "help",
                    "end": 96,
                    "id": "s0-t15"
                },
                {
                    "begin": 97,
                    "text": "statistical",
                    "end": 108,
                    "id": "s0-t16"
                },
                {
                    "begin": 109,
                    "text": "machine",
                    "end": 116,
                    "id": "s0-t17"
                },
                {
                    "begin": 117,
                    "text": "translation",
                    "end": 128,
                    "id": "s0-t18"
                },
                {
                    "begin": 129,
                    "text": "quality",
                    "end": 136,
                    "id": "s0-t19"
                },
                {
                    "begin": 136,
                    "text": "?",
                    "end": 137,
                    "id": "s0-t20"
                }
            ],
            "id": "s0"
        },
        {
            "begin": 137,
            "text": " We present empirical results casting doubt on this common, but unproved, assumption.",
            "end": 222,
            "tokens": [
                {
                    "begin": 138,
                    "text": "We",
                    "end": 140,
                    "id": "s1-t0"
                },
                {
                    "begin": 141,
                    "text": "present",
                    "end": 148,
                    "id": "s1-t1"
                },
                {
                    "begin": 149,
                    "text": "empirical",
                    "end": 158,
                    "id": "s1-t2"
                },
                {
                    "begin": 159,
                    "text": "results",
                    "end": 166,
                    "id": "s1-t3"
                },
                {
                    "begin": 167,
                    "text": "casting",
                    "end": 174,
                    "id": "s1-t4"
                },
                {
                    "begin": 175,
                    "text": "doubt",
                    "end": 180,
                    "id": "s1-t5"
                },
                {
                    "begin": 181,
                    "text": "on",
                    "end": 183,
                    "id": "s1-t6"
                },
                {
                    "begin": 184,
                    "text": "this",
                    "end": 188,
                    "id": "s1-t7"
                },
                {
                    "begin": 189,
                    "text": "common",
                    "end": 195,
                    "id": "s1-t8"
                },
                {
                    "begin": 195,
                    "text": ",",
                    "end": 196,
                    "id": "s1-t9"
                },
                {
                    "begin": 197,
                    "text": "but",
                    "end": 200,
                    "id": "s1-t10"
                },
                {
                    "begin": 201,
                    "text": "unproved",
                    "end": 209,
                    "id": "s1-t11"
                },
                {
                    "begin": 209,
                    "text": ",",
                    "end": 210,
                    "id": "s1-t12"
                },
                {
                    "begin": 211,
                    "text": "assumption",
                    "end": 221,
                    "id": "s1-t13"
                },
                {
                    "begin": 221,
                    "text": ".",
                    "end": 222,
                    "id": "s1-t14"
                }
            ],
            "id": "s1"
        },
        {
            "begin": 222,
            "text": " Using a state-of-the-art Chinese word sense disambiguation model to choose translation candidates for a typical IBM statistical MT system, we find that word sense disambiguation does not yield significantly better translation quality than the statistical machine translation system alone.",
            "end": 511,
            "tokens": [
                {
                    "begin": 223,
                    "text": "Using",
                    "end": 228,
                    "id": "s2-t0"
                },
                {
                    "begin": 229,
                    "text": "a",
                    "end": 230,
                    "id": "s2-t1"
                },
                {
                    "begin": 231,
                    "text": "state-of-the-art",
                    "end": 247,
                    "id": "s2-t2"
                },
                {
                    "begin": 248,
                    "text": "Chinese",
                    "end": 255,
                    "id": "s2-t3"
                },
                {
                    "begin": 256,
                    "text": "word",
                    "end": 260,
                    "id": "s2-t4"
                },
                {
                    "begin": 261,
                    "text": "sense",
                    "end": 266,
                    "id": "s2-t5"
                },
                {
                    "begin": 267,
                    "text": "disambiguation",
                    "end": 281,
                    "id": "s2-t6"
                },
                {
                    "begin": 282,
                    "text": "model",
                    "end": 287,
                    "id": "s2-t7"
                },
                {
                    "begin": 288,
                    "text": "to",
                    "end": 290,
                    "id": "s2-t8"
                },
                {
                    "begin": 291,
                    "text": "choose",
                    "end": 297,
                    "id": "s2-t9"
                },
                {
                    "begin": 298,
                    "text": "translation",
                    "end": 309,
                    "id": "s2-t10"
                },
                {
                    "begin": 310,
                    "text": "candidates",
                    "end": 320,
                    "id": "s2-t11"
                },
                {
                    "begin": 321,
                    "text": "for",
                    "end": 324,
                    "id": "s2-t12"
                },
                {
                    "begin": 325,
                    "text": "a",
                    "end": 326,
                    "id": "s2-t13"
                },
                {
                    "begin": 327,
                    "text": "typical",
                    "end": 334,
                    "id": "s2-t14"
                },
                {
                    "begin": 335,
                    "text": "IBM",
                    "end": 338,
                    "id": "s2-t15"
                },
                {
                    "begin": 339,
                    "text": "statistical",
                    "end": 350,
                    "id": "s2-t16"
                },
                {
                    "begin": 351,
                    "text": "MT",
                    "end": 353,
                    "id": "s2-t17"
                },
                {
                    "begin": 354,
                    "text": "system",
                    "end": 360,
                    "id": "s2-t18"
                },
                {
                    "begin": 360,
                    "text": ",",
                    "end": 361,
                    "id": "s2-t19"
                },
                {
                    "begin": 362,
                    "text": "we",
                    "end": 364,
                    "id": "s2-t20"
                },
                {
                    "begin": 365,
                    "text": "find",
                    "end": 369,
                    "id": "s2-t21"
                },
                {
                    "begin": 370,
                    "text": "that",
                    "end": 374,
                    "id": "s2-t22"
                },
                {
                    "begin": 375,
                    "text": "word",
                    "end": 379,
                    "id": "s2-t23"
                },
                {
                    "begin": 380,
                    "text": "sense",
                    "end": 385,
                    "id": "s2-t24"
                },
                {
                    "begin": 386,
                    "text": "disambiguation",
                    "end": 400,
                    "id": "s2-t25"
                },
                {
                    "begin": 401,
                    "text": "does",
                    "end": 405,
                    "id": "s2-t26"
                },
                {
                    "begin": 406,
                    "text": "not",
                    "end": 409,
                    "id": "s2-t27"
                },
                {
                    "begin": 410,
                    "text": "yield",
                    "end": 415,
                    "id": "s2-t28"
                },
                {
                    "begin": 416,
                    "text": "significantly",
                    "end": 429,
                    "id": "s2-t29"
                },
                {
                    "begin": 430,
                    "text": "better",
                    "end": 436,
                    "id": "s2-t30"
                },
                {
                    "begin": 437,
                    "text": "translation",
                    "end": 448,
                    "id": "s2-t31"
                },
                {
                    "begin": 449,
                    "text": "quality",
                    "end": 456,
                    "id": "s2-t32"
                },
                {
                    "begin": 457,
                    "text": "than",
                    "end": 461,
                    "id": "s2-t33"
                },
                {
                    "begin": 462,
                    "text": "the",
                    "end": 465,
                    "id": "s2-t34"
                },
                {
                    "begin": 466,
                    "text": "statistical",
                    "end": 477,
                    "id": "s2-t35"
                },
                {
                    "begin": 478,
                    "text": "machine",
                    "end": 485,
                    "id": "s2-t36"
                },
                {
                    "begin": 486,
                    "text": "translation",
                    "end": 497,
                    "id": "s2-t37"
                },
                {
                    "begin": 498,
                    "text": "system",
                    "end": 504,
                    "id": "s2-t38"
                },
                {
                    "begin": 505,
                    "text": "alone",
                    "end": 510,
                    "id": "s2-t39"
                },
                {
                    "begin": 510,
                    "text": ".",
                    "end": 511,
                    "id": "s2-t40"
                }
            ],
            "id": "s2"
        },
        {
            "begin": 511,
            "text": " Error analysis suggests several key factors behind this surprising finding, including inherent limitations of current statistical MT architectures.",
            "end": 659,
            "tokens": [
                {
                    "begin": 512,
                    "text": "Error",
                    "end": 517,
                    "id": "s3-t0"
                },
                {
                    "begin": 518,
                    "text": "analysis",
                    "end": 526,
                    "id": "s3-t1"
                },
                {
                    "begin": 527,
                    "text": "suggests",
                    "end": 535,
                    "id": "s3-t2"
                },
                {
                    "begin": 536,
                    "text": "several",
                    "end": 543,
                    "id": "s3-t3"
                },
                {
                    "begin": 544,
                    "text": "key",
                    "end": 547,
                    "id": "s3-t4"
                },
                {
                    "begin": 548,
                    "text": "factors",
                    "end": 555,
                    "id": "s3-t5"
                },
                {
                    "begin": 556,
                    "text": "behind",
                    "end": 562,
                    "id": "s3-t6"
                },
                {
                    "begin": 563,
                    "text": "this",
                    "end": 567,
                    "id": "s3-t7"
                },
                {
                    "begin": 568,
                    "text": "surprising",
                    "end": 578,
                    "id": "s3-t8"
                },
                {
                    "begin": 579,
                    "text": "finding",
                    "end": 586,
                    "id": "s3-t9"
                },
                {
                    "begin": 586,
                    "text": ",",
                    "end": 587,
                    "id": "s3-t10"
                },
                {
                    "begin": 588,
                    "text": "including",
                    "end": 597,
                    "id": "s3-t11"
                },
                {
                    "begin": 598,
                    "text": "inherent",
                    "end": 606,
                    "id": "s3-t12"
                },
                {
                    "begin": 607,
                    "text": "limitations",
                    "end": 618,
                    "id": "s3-t13"
                },
                {
                    "begin": 619,
                    "text": "of",
                    "end": 621,
                    "id": "s3-t14"
                },
                {
                    "begin": 622,
                    "text": "current",
                    "end": 629,
                    "id": "s3-t15"
                },
                {
                    "begin": 630,
                    "text": "statistical",
                    "end": 641,
                    "id": "s3-t16"
                },
                {
                    "begin": 642,
                    "text": "MT",
                    "end": 644,
                    "id": "s3-t17"
                },
                {
                    "begin": 645,
                    "text": "architectures",
                    "end": 658,
                    "id": "s3-t18"
                },
                {
                    "begin": 658,
                    "text": ".",
                    "end": 659,
                    "id": "s3-t19"
                }
            ],
            "id": "s3"
        }
    ],
    "text": "We directly investigate a subject of much recent debate: do word sense disambigation models help statistical machine translation quality? We present empirical results casting doubt on this common, but unproved, assumption. Using a state-of-the-art Chinese word sense disambiguation model to choose translation candidates for a typical IBM statistical MT system, we find that word sense disambiguation does not yield significantly better translation quality than the statistical machine translation system alone. Error analysis suggests several key factors behind this surprising finding, including inherent limitations of current statistical MT architectures.",
    "id": "dc2d4929-99d2-4a28-a712-add0b6093bd8"
}