{
    "mentions": [
        {
            "begin": 6,
            "id": "m0",
            "end": 18,
            "type": "Method",
            "text": "paraphrasing"
        },
        {
            "begin": 40,
            "id": "m1",
            "end": 89,
            "type": "Task",
            "text": "interpretation and generation of natural language"
        },
        {
            "begin": 99,
            "id": "m2",
            "end": 106,
            "type": "Generic",
            "text": "systems"
        },
        {
            "begin": 111,
            "id": "m3",
            "end": 143,
            "type": "Method",
            "text": "manual or semi-automatic methods"
        },
        {
            "begin": 155,
            "id": "m4",
            "end": 166,
            "type": "OtherScientificTerm",
            "text": "paraphrases"
        },
        {
            "begin": 182,
            "id": "m5",
            "end": 213,
            "type": "Method",
            "text": "unsupervised learning algorithm"
        },
        {
            "begin": 218,
            "id": "m6",
            "end": 247,
            "type": "Task",
            "text": "identification of paraphrases"
        },
        {
            "begin": 255,
            "id": "m7",
            "end": 294,
            "type": "Material",
            "text": "corpus of multiple English translations"
        },
        {
            "begin": 324,
            "id": "m8",
            "end": 332,
            "type": "Generic",
            "text": "approach"
        },
        {
            "begin": 340,
            "id": "m9",
            "end": 383,
            "type": "OtherScientificTerm",
            "text": "phrasal and single word lexical paraphrases"
        },
        {
            "begin": 395,
            "id": "m10",
            "end": 416,
            "type": "OtherScientificTerm",
            "text": "syntactic paraphrases"
        }
    ],
    "relations": [
        {
            "args": [
                "m0",
                "m1"
            ],
            "type": "USED-FOR",
            "id": "r0"
        },
        {
            "args": [
                "m2",
                "m4"
            ],
            "type": "USED-FOR",
            "id": "r1"
        },
        {
            "args": [
                "m3",
                "m2"
            ],
            "type": "USED-FOR",
            "id": "r2"
        },
        {
            "args": [
                "m5",
                "m6"
            ],
            "type": "USED-FOR",
            "id": "r3"
        },
        {
            "args": [
                "m7",
                "m6"
            ],
            "type": "USED-FOR",
            "id": "r4"
        },
        {
            "args": [
                "m8",
                "m9"
            ],
            "type": "USED-FOR",
            "id": "r5"
        },
        {
            "args": [
                "m8",
                "m10"
            ],
            "type": "USED-FOR",
            "id": "r6"
        },
        {
            "args": [
                "m9",
                "m10"
            ],
            "type": "CONJUNCTION",
            "id": "r7"
        }
    ],
    "sentences": [
        {
            "begin": 0,
            "text": "While paraphrasing is critical both for interpretation and generation of natural language, current systems use manual or semi-automatic methods to collect paraphrases.",
            "end": 167,
            "tokens": [
                {
                    "begin": 0,
                    "text": "While",
                    "end": 5,
                    "id": "s0-t0"
                },
                {
                    "begin": 6,
                    "text": "paraphrasing",
                    "end": 18,
                    "id": "s0-t1"
                },
                {
                    "begin": 19,
                    "text": "is",
                    "end": 21,
                    "id": "s0-t2"
                },
                {
                    "begin": 22,
                    "text": "critical",
                    "end": 30,
                    "id": "s0-t3"
                },
                {
                    "begin": 31,
                    "text": "both",
                    "end": 35,
                    "id": "s0-t4"
                },
                {
                    "begin": 36,
                    "text": "for",
                    "end": 39,
                    "id": "s0-t5"
                },
                {
                    "begin": 40,
                    "text": "interpretation",
                    "end": 54,
                    "id": "s0-t6"
                },
                {
                    "begin": 55,
                    "text": "and",
                    "end": 58,
                    "id": "s0-t7"
                },
                {
                    "begin": 59,
                    "text": "generation",
                    "end": 69,
                    "id": "s0-t8"
                },
                {
                    "begin": 70,
                    "text": "of",
                    "end": 72,
                    "id": "s0-t9"
                },
                {
                    "begin": 73,
                    "text": "natural",
                    "end": 80,
                    "id": "s0-t10"
                },
                {
                    "begin": 81,
                    "text": "language",
                    "end": 89,
                    "id": "s0-t11"
                },
                {
                    "begin": 89,
                    "text": ",",
                    "end": 90,
                    "id": "s0-t12"
                },
                {
                    "begin": 91,
                    "text": "current",
                    "end": 98,
                    "id": "s0-t13"
                },
                {
                    "begin": 99,
                    "text": "systems",
                    "end": 106,
                    "id": "s0-t14"
                },
                {
                    "begin": 107,
                    "text": "use",
                    "end": 110,
                    "id": "s0-t15"
                },
                {
                    "begin": 111,
                    "text": "manual",
                    "end": 117,
                    "id": "s0-t16"
                },
                {
                    "begin": 118,
                    "text": "or",
                    "end": 120,
                    "id": "s0-t17"
                },
                {
                    "begin": 121,
                    "text": "semi-automatic",
                    "end": 135,
                    "id": "s0-t18"
                },
                {
                    "begin": 136,
                    "text": "methods",
                    "end": 143,
                    "id": "s0-t19"
                },
                {
                    "begin": 144,
                    "text": "to",
                    "end": 146,
                    "id": "s0-t20"
                },
                {
                    "begin": 147,
                    "text": "collect",
                    "end": 154,
                    "id": "s0-t21"
                },
                {
                    "begin": 155,
                    "text": "paraphrases",
                    "end": 166,
                    "id": "s0-t22"
                },
                {
                    "begin": 166,
                    "text": ".",
                    "end": 167,
                    "id": "s0-t23"
                }
            ],
            "id": "s0"
        },
        {
            "begin": 167,
            "text": " We present an unsupervised learning algorithm for identification of paraphrases from a corpus of multiple English translations of the same source text.",
            "end": 319,
            "tokens": [
                {
                    "begin": 168,
                    "text": "We",
                    "end": 170,
                    "id": "s1-t0"
                },
                {
                    "begin": 171,
                    "text": "present",
                    "end": 178,
                    "id": "s1-t1"
                },
                {
                    "begin": 179,
                    "text": "an",
                    "end": 181,
                    "id": "s1-t2"
                },
                {
                    "begin": 182,
                    "text": "unsupervised",
                    "end": 194,
                    "id": "s1-t3"
                },
                {
                    "begin": 195,
                    "text": "learning",
                    "end": 203,
                    "id": "s1-t4"
                },
                {
                    "begin": 204,
                    "text": "algorithm",
                    "end": 213,
                    "id": "s1-t5"
                },
                {
                    "begin": 214,
                    "text": "for",
                    "end": 217,
                    "id": "s1-t6"
                },
                {
                    "begin": 218,
                    "text": "identification",
                    "end": 232,
                    "id": "s1-t7"
                },
                {
                    "begin": 233,
                    "text": "of",
                    "end": 235,
                    "id": "s1-t8"
                },
                {
                    "begin": 236,
                    "text": "paraphrases",
                    "end": 247,
                    "id": "s1-t9"
                },
                {
                    "begin": 248,
                    "text": "from",
                    "end": 252,
                    "id": "s1-t10"
                },
                {
                    "begin": 253,
                    "text": "a",
                    "end": 254,
                    "id": "s1-t11"
                },
                {
                    "begin": 255,
                    "text": "corpus",
                    "end": 261,
                    "id": "s1-t12"
                },
                {
                    "begin": 262,
                    "text": "of",
                    "end": 264,
                    "id": "s1-t13"
                },
                {
                    "begin": 265,
                    "text": "multiple",
                    "end": 273,
                    "id": "s1-t14"
                },
                {
                    "begin": 274,
                    "text": "English",
                    "end": 281,
                    "id": "s1-t15"
                },
                {
                    "begin": 282,
                    "text": "translations",
                    "end": 294,
                    "id": "s1-t16"
                },
                {
                    "begin": 295,
                    "text": "of",
                    "end": 297,
                    "id": "s1-t17"
                },
                {
                    "begin": 298,
                    "text": "the",
                    "end": 301,
                    "id": "s1-t18"
                },
                {
                    "begin": 302,
                    "text": "same",
                    "end": 306,
                    "id": "s1-t19"
                },
                {
                    "begin": 307,
                    "text": "source",
                    "end": 313,
                    "id": "s1-t20"
                },
                {
                    "begin": 314,
                    "text": "text",
                    "end": 318,
                    "id": "s1-t21"
                },
                {
                    "begin": 318,
                    "text": ".",
                    "end": 319,
                    "id": "s1-t22"
                }
            ],
            "id": "s1"
        },
        {
            "begin": 319,
            "text": " Our approach yields phrasal and single word lexical paraphrases as well as syntactic paraphrases.",
            "end": 417,
            "tokens": [
                {
                    "begin": 320,
                    "text": "Our",
                    "end": 323,
                    "id": "s2-t0"
                },
                {
                    "begin": 324,
                    "text": "approach",
                    "end": 332,
                    "id": "s2-t1"
                },
                {
                    "begin": 333,
                    "text": "yields",
                    "end": 339,
                    "id": "s2-t2"
                },
                {
                    "begin": 340,
                    "text": "phrasal",
                    "end": 347,
                    "id": "s2-t3"
                },
                {
                    "begin": 348,
                    "text": "and",
                    "end": 351,
                    "id": "s2-t4"
                },
                {
                    "begin": 352,
                    "text": "single",
                    "end": 358,
                    "id": "s2-t5"
                },
                {
                    "begin": 359,
                    "text": "word",
                    "end": 363,
                    "id": "s2-t6"
                },
                {
                    "begin": 364,
                    "text": "lexical",
                    "end": 371,
                    "id": "s2-t7"
                },
                {
                    "begin": 372,
                    "text": "paraphrases",
                    "end": 383,
                    "id": "s2-t8"
                },
                {
                    "begin": 384,
                    "text": "as",
                    "end": 386,
                    "id": "s2-t9"
                },
                {
                    "begin": 387,
                    "text": "well",
                    "end": 391,
                    "id": "s2-t10"
                },
                {
                    "begin": 392,
                    "text": "as",
                    "end": 394,
                    "id": "s2-t11"
                },
                {
                    "begin": 395,
                    "text": "syntactic",
                    "end": 404,
                    "id": "s2-t12"
                },
                {
                    "begin": 405,
                    "text": "paraphrases",
                    "end": 416,
                    "id": "s2-t13"
                },
                {
                    "begin": 416,
                    "text": ".",
                    "end": 417,
                    "id": "s2-t14"
                }
            ],
            "id": "s2"
        }
    ],
    "text": "While paraphrasing is critical both for interpretation and generation of natural language, current systems use manual or semi-automatic methods to collect paraphrases. We present an unsupervised learning algorithm for identification of paraphrases from a corpus of multiple English translations of the same source text. Our approach yields phrasal and single word lexical paraphrases as well as syntactic paraphrases.",
    "id": "c1cc25dd-496a-45c3-902c-13660e010529"
}