{
    "mentions": [
        {
            "begin": 14,
            "id": "m0",
            "end": 64,
            "type": "Method",
            "text": "generative probabilistic model of natural language"
        },
        {
            "begin": 80,
            "id": "m1",
            "end": 83,
            "type": "Method",
            "text": "HBG"
        },
        {
            "begin": 118,
            "id": "m2",
            "end": 140,
            "type": "OtherScientificTerm",
            "text": "linguistic information"
        },
        {
            "begin": 152,
            "id": "m3",
            "end": 161,
            "type": "Task",
            "text": "ambiguity"
        },
        {
            "begin": 163,
            "id": "m4",
            "end": 166,
            "type": "Method",
            "text": "HBG"
        },
        {
            "begin": 180,
            "id": "m5",
            "end": 236,
            "type": "OtherScientificTerm",
            "text": "lexical, syntactic, semantic, and structural information"
        },
        {
            "begin": 246,
            "id": "m6",
            "end": 256,
            "type": "OtherScientificTerm",
            "text": "parse tree"
        },
        {
            "begin": 266,
            "id": "m7",
            "end": 288,
            "type": "Task",
            "text": "disambiguation process"
        },
        {
            "begin": 314,
            "id": "m8",
            "end": 343,
            "type": "Material",
            "text": "corpus of bracketed sentences"
        },
        {
            "begin": 354,
            "id": "m9",
            "end": 362,
            "type": "Material",
            "text": "Treebank"
        },
        {
            "begin": 384,
            "id": "m10",
            "end": 406,
            "type": "Method",
            "text": "decision tree building"
        },
        {
            "begin": 446,
            "id": "m11",
            "end": 456,
            "type": "OtherScientificTerm",
            "text": "parse tree"
        },
        {
            "begin": 489,
            "id": "m12",
            "end": 494,
            "type": "OtherScientificTerm",
            "text": "parse"
        },
        {
            "begin": 567,
            "id": "m13",
            "end": 584,
            "type": "Task",
            "text": "grammar tailoring"
        },
        {
            "begin": 599,
            "id": "m14",
            "end": 623,
            "type": "Method",
            "text": "linguistic introspection"
        },
        {
            "begin": 662,
            "id": "m15",
            "end": 667,
            "type": "OtherScientificTerm",
            "text": "parse"
        },
        {
            "begin": 672,
            "id": "m16",
            "end": 690,
            "type": "OtherScientificTerm",
            "text": "head-to-head tests"
        },
        {
            "begin": 724,
            "id": "m17",
            "end": 759,
            "type": "Method",
            "text": "robust probabilistic parsing models"
        },
        {
            "begin": 775,
            "id": "m18",
            "end": 780,
            "type": "Method",
            "text": "P-CFG"
        },
        {
            "begin": 786,
            "id": "m19",
            "end": 795,
            "type": "Method",
            "text": "HBG model"
        },
        {
            "begin": 822,
            "id": "m20",
            "end": 827,
            "type": "Method",
            "text": "P-CFG"
        },
        {
            "begin": 844,
            "id": "m21",
            "end": 865,
            "type": "Metric",
            "text": "parsing accuracy rate"
        }
    ],
    "relations": [
        {
            "args": [
                "m2",
                "m3"
            ],
            "type": "USED-FOR",
            "id": "r0"
        },
        {
            "args": [
                "m4",
                "m7"
            ],
            "type": "USED-FOR",
            "id": "r1"
        },
        {
            "args": [
                "m5",
                "m4"
            ],
            "type": "USED-FOR",
            "id": "r2"
        },
        {
            "args": [
                "m8",
                "m10"
            ],
            "type": "CONJUNCTION",
            "id": "r3"
        },
        {
            "args": [
                "m8",
                "m11"
            ],
            "type": "USED-FOR",
            "id": "r4"
        },
        {
            "args": [
                "m10",
                "m11"
            ],
            "type": "USED-FOR",
            "id": "r5"
        },
        {
            "args": [
                "m11",
                "m12"
            ],
            "type": "USED-FOR",
            "id": "r6"
        },
        {
            "args": [
                "m13",
                "m15"
            ],
            "type": "USED-FOR",
            "id": "r7"
        },
        {
            "args": [
                "m14",
                "m13"
            ],
            "type": "USED-FOR",
            "id": "r8"
        },
        {
            "args": [
                "m18",
                "m17"
            ],
            "type": "HYPONYM-OF",
            "id": "r9"
        },
        {
            "args": [
                "m19",
                "m20"
            ],
            "type": "COMPARE",
            "id": "r10"
        },
        {
            "args": [
                "m21",
                "m19"
            ],
            "type": "EVALUATE-FOR",
            "id": "r11"
        }
    ],
    "sentences": [
        {
            "begin": 0,
            "text": "We describe a generative probabilistic model of natural language, which we call HBG, that takes advantage of detailed linguistic information to resolve ambiguity.",
            "end": 162,
            "tokens": [
                {
                    "begin": 0,
                    "text": "We",
                    "end": 2,
                    "id": "s0-t0"
                },
                {
                    "begin": 3,
                    "text": "describe",
                    "end": 11,
                    "id": "s0-t1"
                },
                {
                    "begin": 12,
                    "text": "a",
                    "end": 13,
                    "id": "s0-t2"
                },
                {
                    "begin": 14,
                    "text": "generative",
                    "end": 24,
                    "id": "s0-t3"
                },
                {
                    "begin": 25,
                    "text": "probabilistic",
                    "end": 38,
                    "id": "s0-t4"
                },
                {
                    "begin": 39,
                    "text": "model",
                    "end": 44,
                    "id": "s0-t5"
                },
                {
                    "begin": 45,
                    "text": "of",
                    "end": 47,
                    "id": "s0-t6"
                },
                {
                    "begin": 48,
                    "text": "natural",
                    "end": 55,
                    "id": "s0-t7"
                },
                {
                    "begin": 56,
                    "text": "language",
                    "end": 64,
                    "id": "s0-t8"
                },
                {
                    "begin": 64,
                    "text": ",",
                    "end": 65,
                    "id": "s0-t9"
                },
                {
                    "begin": 66,
                    "text": "which",
                    "end": 71,
                    "id": "s0-t10"
                },
                {
                    "begin": 72,
                    "text": "we",
                    "end": 74,
                    "id": "s0-t11"
                },
                {
                    "begin": 75,
                    "text": "call",
                    "end": 79,
                    "id": "s0-t12"
                },
                {
                    "begin": 80,
                    "text": "HBG",
                    "end": 83,
                    "id": "s0-t13"
                },
                {
                    "begin": 83,
                    "text": ",",
                    "end": 84,
                    "id": "s0-t14"
                },
                {
                    "begin": 85,
                    "text": "that",
                    "end": 89,
                    "id": "s0-t15"
                },
                {
                    "begin": 90,
                    "text": "takes",
                    "end": 95,
                    "id": "s0-t16"
                },
                {
                    "begin": 96,
                    "text": "advantage",
                    "end": 105,
                    "id": "s0-t17"
                },
                {
                    "begin": 106,
                    "text": "of",
                    "end": 108,
                    "id": "s0-t18"
                },
                {
                    "begin": 109,
                    "text": "detailed",
                    "end": 117,
                    "id": "s0-t19"
                },
                {
                    "begin": 118,
                    "text": "linguistic",
                    "end": 128,
                    "id": "s0-t20"
                },
                {
                    "begin": 129,
                    "text": "information",
                    "end": 140,
                    "id": "s0-t21"
                },
                {
                    "begin": 141,
                    "text": "to",
                    "end": 143,
                    "id": "s0-t22"
                },
                {
                    "begin": 144,
                    "text": "resolve",
                    "end": 151,
                    "id": "s0-t23"
                },
                {
                    "begin": 152,
                    "text": "ambiguity",
                    "end": 161,
                    "id": "s0-t24"
                },
                {
                    "begin": 161,
                    "text": ".",
                    "end": 162,
                    "id": "s0-t25"
                }
            ],
            "id": "s0"
        },
        {
            "begin": 162,
            "text": " HBG incorporates lexical, syntactic, semantic, and structural information from the parse tree into the disambiguation process in a novel way.",
            "end": 304,
            "tokens": [
                {
                    "begin": 163,
                    "text": "HBG",
                    "end": 166,
                    "id": "s1-t0"
                },
                {
                    "begin": 167,
                    "text": "incorporates",
                    "end": 179,
                    "id": "s1-t1"
                },
                {
                    "begin": 180,
                    "text": "lexical",
                    "end": 187,
                    "id": "s1-t2"
                },
                {
                    "begin": 187,
                    "text": ",",
                    "end": 188,
                    "id": "s1-t3"
                },
                {
                    "begin": 189,
                    "text": "syntactic",
                    "end": 198,
                    "id": "s1-t4"
                },
                {
                    "begin": 198,
                    "text": ",",
                    "end": 199,
                    "id": "s1-t5"
                },
                {
                    "begin": 200,
                    "text": "semantic",
                    "end": 208,
                    "id": "s1-t6"
                },
                {
                    "begin": 208,
                    "text": ",",
                    "end": 209,
                    "id": "s1-t7"
                },
                {
                    "begin": 210,
                    "text": "and",
                    "end": 213,
                    "id": "s1-t8"
                },
                {
                    "begin": 214,
                    "text": "structural",
                    "end": 224,
                    "id": "s1-t9"
                },
                {
                    "begin": 225,
                    "text": "information",
                    "end": 236,
                    "id": "s1-t10"
                },
                {
                    "begin": 237,
                    "text": "from",
                    "end": 241,
                    "id": "s1-t11"
                },
                {
                    "begin": 242,
                    "text": "the",
                    "end": 245,
                    "id": "s1-t12"
                },
                {
                    "begin": 246,
                    "text": "parse",
                    "end": 251,
                    "id": "s1-t13"
                },
                {
                    "begin": 252,
                    "text": "tree",
                    "end": 256,
                    "id": "s1-t14"
                },
                {
                    "begin": 257,
                    "text": "into",
                    "end": 261,
                    "id": "s1-t15"
                },
                {
                    "begin": 262,
                    "text": "the",
                    "end": 265,
                    "id": "s1-t16"
                },
                {
                    "begin": 266,
                    "text": "disambiguation",
                    "end": 280,
                    "id": "s1-t17"
                },
                {
                    "begin": 281,
                    "text": "process",
                    "end": 288,
                    "id": "s1-t18"
                },
                {
                    "begin": 289,
                    "text": "in",
                    "end": 291,
                    "id": "s1-t19"
                },
                {
                    "begin": 292,
                    "text": "a",
                    "end": 293,
                    "id": "s1-t20"
                },
                {
                    "begin": 294,
                    "text": "novel",
                    "end": 299,
                    "id": "s1-t21"
                },
                {
                    "begin": 300,
                    "text": "way",
                    "end": 303,
                    "id": "s1-t22"
                },
                {
                    "begin": 303,
                    "text": ".",
                    "end": 304,
                    "id": "s1-t23"
                }
            ],
            "id": "s1"
        },
        {
            "begin": 304,
            "text": " We use a corpus of bracketed sentences, called a Treebank, in combination with decision tree building to tease out the relevant aspects of a parse tree that will determine the correct parse of a sentence.",
            "end": 509,
            "tokens": [
                {
                    "begin": 305,
                    "text": "We",
                    "end": 307,
                    "id": "s2-t0"
                },
                {
                    "begin": 308,
                    "text": "use",
                    "end": 311,
                    "id": "s2-t1"
                },
                {
                    "begin": 312,
                    "text": "a",
                    "end": 313,
                    "id": "s2-t2"
                },
                {
                    "begin": 314,
                    "text": "corpus",
                    "end": 320,
                    "id": "s2-t3"
                },
                {
                    "begin": 321,
                    "text": "of",
                    "end": 323,
                    "id": "s2-t4"
                },
                {
                    "begin": 324,
                    "text": "bracketed",
                    "end": 333,
                    "id": "s2-t5"
                },
                {
                    "begin": 334,
                    "text": "sentences",
                    "end": 343,
                    "id": "s2-t6"
                },
                {
                    "begin": 343,
                    "text": ",",
                    "end": 344,
                    "id": "s2-t7"
                },
                {
                    "begin": 345,
                    "text": "called",
                    "end": 351,
                    "id": "s2-t8"
                },
                {
                    "begin": 352,
                    "text": "a",
                    "end": 353,
                    "id": "s2-t9"
                },
                {
                    "begin": 354,
                    "text": "Treebank",
                    "end": 362,
                    "id": "s2-t10"
                },
                {
                    "begin": 362,
                    "text": ",",
                    "end": 363,
                    "id": "s2-t11"
                },
                {
                    "begin": 364,
                    "text": "in",
                    "end": 366,
                    "id": "s2-t12"
                },
                {
                    "begin": 367,
                    "text": "combination",
                    "end": 378,
                    "id": "s2-t13"
                },
                {
                    "begin": 379,
                    "text": "with",
                    "end": 383,
                    "id": "s2-t14"
                },
                {
                    "begin": 384,
                    "text": "decision",
                    "end": 392,
                    "id": "s2-t15"
                },
                {
                    "begin": 393,
                    "text": "tree",
                    "end": 397,
                    "id": "s2-t16"
                },
                {
                    "begin": 398,
                    "text": "building",
                    "end": 406,
                    "id": "s2-t17"
                },
                {
                    "begin": 407,
                    "text": "to",
                    "end": 409,
                    "id": "s2-t18"
                },
                {
                    "begin": 410,
                    "text": "tease",
                    "end": 415,
                    "id": "s2-t19"
                },
                {
                    "begin": 416,
                    "text": "out",
                    "end": 419,
                    "id": "s2-t20"
                },
                {
                    "begin": 420,
                    "text": "the",
                    "end": 423,
                    "id": "s2-t21"
                },
                {
                    "begin": 424,
                    "text": "relevant",
                    "end": 432,
                    "id": "s2-t22"
                },
                {
                    "begin": 433,
                    "text": "aspects",
                    "end": 440,
                    "id": "s2-t23"
                },
                {
                    "begin": 441,
                    "text": "of",
                    "end": 443,
                    "id": "s2-t24"
                },
                {
                    "begin": 444,
                    "text": "a",
                    "end": 445,
                    "id": "s2-t25"
                },
                {
                    "begin": 446,
                    "text": "parse",
                    "end": 451,
                    "id": "s2-t26"
                },
                {
                    "begin": 452,
                    "text": "tree",
                    "end": 456,
                    "id": "s2-t27"
                },
                {
                    "begin": 457,
                    "text": "that",
                    "end": 461,
                    "id": "s2-t28"
                },
                {
                    "begin": 462,
                    "text": "will",
                    "end": 466,
                    "id": "s2-t29"
                },
                {
                    "begin": 467,
                    "text": "determine",
                    "end": 476,
                    "id": "s2-t30"
                },
                {
                    "begin": 477,
                    "text": "the",
                    "end": 480,
                    "id": "s2-t31"
                },
                {
                    "begin": 481,
                    "text": "correct",
                    "end": 488,
                    "id": "s2-t32"
                },
                {
                    "begin": 489,
                    "text": "parse",
                    "end": 494,
                    "id": "s2-t33"
                },
                {
                    "begin": 495,
                    "text": "of",
                    "end": 497,
                    "id": "s2-t34"
                },
                {
                    "begin": 498,
                    "text": "a",
                    "end": 499,
                    "id": "s2-t35"
                },
                {
                    "begin": 500,
                    "text": "sentence",
                    "end": 508,
                    "id": "s2-t36"
                },
                {
                    "begin": 508,
                    "text": ".",
                    "end": 509,
                    "id": "s2-t37"
                }
            ],
            "id": "s2"
        },
        {
            "begin": 509,
            "text": " This stands in contrast to the usual approach of further grammar tailoring via the usual linguistic introspection in the hope of generating the correct parse.",
            "end": 668,
            "tokens": [
                {
                    "begin": 510,
                    "text": "This",
                    "end": 514,
                    "id": "s3-t0"
                },
                {
                    "begin": 515,
                    "text": "stands",
                    "end": 521,
                    "id": "s3-t1"
                },
                {
                    "begin": 522,
                    "text": "in",
                    "end": 524,
                    "id": "s3-t2"
                },
                {
                    "begin": 525,
                    "text": "contrast",
                    "end": 533,
                    "id": "s3-t3"
                },
                {
                    "begin": 534,
                    "text": "to",
                    "end": 536,
                    "id": "s3-t4"
                },
                {
                    "begin": 537,
                    "text": "the",
                    "end": 540,
                    "id": "s3-t5"
                },
                {
                    "begin": 541,
                    "text": "usual",
                    "end": 546,
                    "id": "s3-t6"
                },
                {
                    "begin": 547,
                    "text": "approach",
                    "end": 555,
                    "id": "s3-t7"
                },
                {
                    "begin": 556,
                    "text": "of",
                    "end": 558,
                    "id": "s3-t8"
                },
                {
                    "begin": 559,
                    "text": "further",
                    "end": 566,
                    "id": "s3-t9"
                },
                {
                    "begin": 567,
                    "text": "grammar",
                    "end": 574,
                    "id": "s3-t10"
                },
                {
                    "begin": 575,
                    "text": "tailoring",
                    "end": 584,
                    "id": "s3-t11"
                },
                {
                    "begin": 585,
                    "text": "via",
                    "end": 588,
                    "id": "s3-t12"
                },
                {
                    "begin": 589,
                    "text": "the",
                    "end": 592,
                    "id": "s3-t13"
                },
                {
                    "begin": 593,
                    "text": "usual",
                    "end": 598,
                    "id": "s3-t14"
                },
                {
                    "begin": 599,
                    "text": "linguistic",
                    "end": 609,
                    "id": "s3-t15"
                },
                {
                    "begin": 610,
                    "text": "introspection",
                    "end": 623,
                    "id": "s3-t16"
                },
                {
                    "begin": 624,
                    "text": "in",
                    "end": 626,
                    "id": "s3-t17"
                },
                {
                    "begin": 627,
                    "text": "the",
                    "end": 630,
                    "id": "s3-t18"
                },
                {
                    "begin": 631,
                    "text": "hope",
                    "end": 635,
                    "id": "s3-t19"
                },
                {
                    "begin": 636,
                    "text": "of",
                    "end": 638,
                    "id": "s3-t20"
                },
                {
                    "begin": 639,
                    "text": "generating",
                    "end": 649,
                    "id": "s3-t21"
                },
                {
                    "begin": 650,
                    "text": "the",
                    "end": 653,
                    "id": "s3-t22"
                },
                {
                    "begin": 654,
                    "text": "correct",
                    "end": 661,
                    "id": "s3-t23"
                },
                {
                    "begin": 662,
                    "text": "parse",
                    "end": 667,
                    "id": "s3-t24"
                },
                {
                    "begin": 667,
                    "text": ".",
                    "end": 668,
                    "id": "s3-t25"
                }
            ],
            "id": "s3"
        },
        {
            "begin": 668,
            "text": " In head-to-head tests against one of the best existing robust probabilistic parsing models, which we call P-CFG, the HBG model significantly outperforms P-CFG, increasing the parsing accuracy rate from 60% to 75%, a 37% reduction in error.",
            "end": 908,
            "tokens": [
                {
                    "begin": 669,
                    "text": "In",
                    "end": 671,
                    "id": "s4-t0"
                },
                {
                    "begin": 672,
                    "text": "head-to-head",
                    "end": 684,
                    "id": "s4-t1"
                },
                {
                    "begin": 685,
                    "text": "tests",
                    "end": 690,
                    "id": "s4-t2"
                },
                {
                    "begin": 691,
                    "text": "against",
                    "end": 698,
                    "id": "s4-t3"
                },
                {
                    "begin": 699,
                    "text": "one",
                    "end": 702,
                    "id": "s4-t4"
                },
                {
                    "begin": 703,
                    "text": "of",
                    "end": 705,
                    "id": "s4-t5"
                },
                {
                    "begin": 706,
                    "text": "the",
                    "end": 709,
                    "id": "s4-t6"
                },
                {
                    "begin": 710,
                    "text": "best",
                    "end": 714,
                    "id": "s4-t7"
                },
                {
                    "begin": 715,
                    "text": "existing",
                    "end": 723,
                    "id": "s4-t8"
                },
                {
                    "begin": 724,
                    "text": "robust",
                    "end": 730,
                    "id": "s4-t9"
                },
                {
                    "begin": 731,
                    "text": "probabilistic",
                    "end": 744,
                    "id": "s4-t10"
                },
                {
                    "begin": 745,
                    "text": "parsing",
                    "end": 752,
                    "id": "s4-t11"
                },
                {
                    "begin": 753,
                    "text": "models",
                    "end": 759,
                    "id": "s4-t12"
                },
                {
                    "begin": 759,
                    "text": ",",
                    "end": 760,
                    "id": "s4-t13"
                },
                {
                    "begin": 761,
                    "text": "which",
                    "end": 766,
                    "id": "s4-t14"
                },
                {
                    "begin": 767,
                    "text": "we",
                    "end": 769,
                    "id": "s4-t15"
                },
                {
                    "begin": 770,
                    "text": "call",
                    "end": 774,
                    "id": "s4-t16"
                },
                {
                    "begin": 775,
                    "text": "P-CFG",
                    "end": 780,
                    "id": "s4-t17"
                },
                {
                    "begin": 780,
                    "text": ",",
                    "end": 781,
                    "id": "s4-t18"
                },
                {
                    "begin": 782,
                    "text": "the",
                    "end": 785,
                    "id": "s4-t19"
                },
                {
                    "begin": 786,
                    "text": "HBG",
                    "end": 789,
                    "id": "s4-t20"
                },
                {
                    "begin": 790,
                    "text": "model",
                    "end": 795,
                    "id": "s4-t21"
                },
                {
                    "begin": 796,
                    "text": "significantly",
                    "end": 809,
                    "id": "s4-t22"
                },
                {
                    "begin": 810,
                    "text": "outperforms",
                    "end": 821,
                    "id": "s4-t23"
                },
                {
                    "begin": 822,
                    "text": "P-CFG",
                    "end": 827,
                    "id": "s4-t24"
                },
                {
                    "begin": 827,
                    "text": ",",
                    "end": 828,
                    "id": "s4-t25"
                },
                {
                    "begin": 829,
                    "text": "increasing",
                    "end": 839,
                    "id": "s4-t26"
                },
                {
                    "begin": 840,
                    "text": "the",
                    "end": 843,
                    "id": "s4-t27"
                },
                {
                    "begin": 844,
                    "text": "parsing",
                    "end": 851,
                    "id": "s4-t28"
                },
                {
                    "begin": 852,
                    "text": "accuracy",
                    "end": 860,
                    "id": "s4-t29"
                },
                {
                    "begin": 861,
                    "text": "rate",
                    "end": 865,
                    "id": "s4-t30"
                },
                {
                    "begin": 866,
                    "text": "from",
                    "end": 870,
                    "id": "s4-t31"
                },
                {
                    "begin": 871,
                    "text": "60",
                    "end": 873,
                    "id": "s4-t32"
                },
                {
                    "begin": 873,
                    "text": "%",
                    "end": 874,
                    "id": "s4-t33"
                },
                {
                    "begin": 875,
                    "text": "to",
                    "end": 877,
                    "id": "s4-t34"
                },
                {
                    "begin": 878,
                    "text": "75",
                    "end": 880,
                    "id": "s4-t35"
                },
                {
                    "begin": 880,
                    "text": "%",
                    "end": 881,
                    "id": "s4-t36"
                },
                {
                    "begin": 881,
                    "text": ",",
                    "end": 882,
                    "id": "s4-t37"
                },
                {
                    "begin": 883,
                    "text": "a",
                    "end": 884,
                    "id": "s4-t38"
                },
                {
                    "begin": 885,
                    "text": "37",
                    "end": 887,
                    "id": "s4-t39"
                },
                {
                    "begin": 887,
                    "text": "%",
                    "end": 888,
                    "id": "s4-t40"
                },
                {
                    "begin": 889,
                    "text": "reduction",
                    "end": 898,
                    "id": "s4-t41"
                },
                {
                    "begin": 899,
                    "text": "in",
                    "end": 901,
                    "id": "s4-t42"
                },
                {
                    "begin": 902,
                    "text": "error",
                    "end": 907,
                    "id": "s4-t43"
                },
                {
                    "begin": 907,
                    "text": ".",
                    "end": 908,
                    "id": "s4-t44"
                }
            ],
            "id": "s4"
        }
    ],
    "text": "We describe a generative probabilistic model of natural language, which we call HBG, that takes advantage of detailed linguistic information to resolve ambiguity. HBG incorporates lexical, syntactic, semantic, and structural information from the parse tree into the disambiguation process in a novel way. We use a corpus of bracketed sentences, called a Treebank, in combination with decision tree building to tease out the relevant aspects of a parse tree that will determine the correct parse of a sentence. This stands in contrast to the usual approach of further grammar tailoring via the usual linguistic introspection in the hope of generating the correct parse. In head-to-head tests against one of the best existing robust probabilistic parsing models, which we call P-CFG, the HBG model significantly outperforms P-CFG, increasing the parsing accuracy rate from 60% to 75%, a 37% reduction in error.",
    "id": "cff46362-c17c-4e61-9c5e-6e7be35ed4e7"
}