{
    "mentions": [
        {
            "begin": 0,
            "id": "m0",
            "end": 22,
            "type": "Task",
            "text": "Background maintenance"
        },
        {
            "begin": 48,
            "id": "m1",
            "end": 74,
            "type": "Task",
            "text": "video surveillance systems"
        },
        {
            "begin": 87,
            "id": "m2",
            "end": 97,
            "type": "Method",
            "text": "Wallflower"
        },
        {
            "begin": 101,
            "id": "m3",
            "end": 123,
            "type": "Generic",
            "text": "three-component system"
        },
        {
            "begin": 128,
            "id": "m4",
            "end": 150,
            "type": "Task",
            "text": "background maintenance"
        },
        {
            "begin": 156,
            "id": "m5",
            "end": 177,
            "type": "Method",
            "text": "pixel-level component"
        },
        {
            "begin": 187,
            "id": "m6",
            "end": 203,
            "type": "Method",
            "text": "Wiener filtering"
        },
        {
            "begin": 212,
            "id": "m7",
            "end": 264,
            "type": "Task",
            "text": "probabilistic predictions of the expected background"
        },
        {
            "begin": 270,
            "id": "m8",
            "end": 292,
            "type": "Method",
            "text": "region-level component"
        },
        {
            "begin": 302,
            "id": "m9",
            "end": 343,
            "type": "OtherScientificTerm",
            "text": "homogeneous regions of foreground objects"
        },
        {
            "begin": 353,
            "id": "m10",
            "end": 374,
            "type": "Method",
            "text": "frame-level component"
        },
        {
            "begin": 488,
            "id": "m11",
            "end": 494,
            "type": "Generic",
            "text": "system"
        },
        {
            "begin": 508,
            "id": "m12",
            "end": 541,
            "type": "Method",
            "text": "background subtraction algorithms"
        },
        {
            "begin": 543,
            "id": "m13",
            "end": 553,
            "type": "Method",
            "text": "Wallflower"
        },
        {
            "begin": 586,
            "id": "m14",
            "end": 596,
            "type": "Generic",
            "text": "algorithms"
        },
        {
            "begin": 724,
            "id": "m15",
            "end": 744,
            "type": "Method",
            "text": "normative principles"
        },
        {
            "begin": 749,
            "id": "m16",
            "end": 771,
            "type": "Task",
            "text": "background maintenance"
        }
    ],
    "relations": [
        {
            "args": [
                "m0",
                "m1"
            ],
            "type": "PART-OF",
            "id": "r0"
        },
        {
            "args": [
                "m3",
                "m4"
            ],
            "type": "USED-FOR",
            "id": "r1"
        },
        {
            "args": [
                "m5",
                "m3"
            ],
            "type": "PART-OF",
            "id": "r2"
        },
        {
            "args": [
                "m5",
                "m8"
            ],
            "type": "CONJUNCTION",
            "id": "r3"
        },
        {
            "args": [
                "m6",
                "m5"
            ],
            "type": "USED-FOR",
            "id": "r4"
        },
        {
            "args": [
                "m6",
                "m7"
            ],
            "type": "USED-FOR",
            "id": "r5"
        },
        {
            "args": [
                "m8",
                "m3"
            ],
            "type": "PART-OF",
            "id": "r6"
        },
        {
            "args": [
                "m8",
                "m9"
            ],
            "type": "USED-FOR",
            "id": "r7"
        },
        {
            "args": [
                "m8",
                "m10"
            ],
            "type": "CONJUNCTION",
            "id": "r8"
        },
        {
            "args": [
                "m10",
                "m3"
            ],
            "type": "PART-OF",
            "id": "r9"
        },
        {
            "args": [
                "m11",
                "m12"
            ],
            "type": "COMPARE",
            "id": "r10"
        },
        {
            "args": [
                "m13",
                "m14"
            ],
            "type": "COMPARE",
            "id": "r11"
        },
        {
            "args": [
                "m15",
                "m16"
            ],
            "type": "USED-FOR",
            "id": "r12"
        }
    ],
    "sentences": [
        {
            "begin": 0,
            "text": "Background maintenance is a frequent element of video surveillance systems.",
            "end": 75,
            "tokens": [
                {
                    "begin": 0,
                    "text": "Background",
                    "end": 10,
                    "id": "s0-t0"
                },
                {
                    "begin": 11,
                    "text": "maintenance",
                    "end": 22,
                    "id": "s0-t1"
                },
                {
                    "begin": 23,
                    "text": "is",
                    "end": 25,
                    "id": "s0-t2"
                },
                {
                    "begin": 26,
                    "text": "a",
                    "end": 27,
                    "id": "s0-t3"
                },
                {
                    "begin": 28,
                    "text": "frequent",
                    "end": 36,
                    "id": "s0-t4"
                },
                {
                    "begin": 37,
                    "text": "element",
                    "end": 44,
                    "id": "s0-t5"
                },
                {
                    "begin": 45,
                    "text": "of",
                    "end": 47,
                    "id": "s0-t6"
                },
                {
                    "begin": 48,
                    "text": "video",
                    "end": 53,
                    "id": "s0-t7"
                },
                {
                    "begin": 54,
                    "text": "surveillance",
                    "end": 66,
                    "id": "s0-t8"
                },
                {
                    "begin": 67,
                    "text": "systems",
                    "end": 74,
                    "id": "s0-t9"
                },
                {
                    "begin": 74,
                    "text": ".",
                    "end": 75,
                    "id": "s0-t10"
                }
            ],
            "id": "s0"
        },
        {
            "begin": 75,
            "text": " We develop Wallflower, a three-component system for background maintenance: the pixel-level component performs Wiener filtering to make probabilistic predictions of the expected background; the region-level component fills in homogeneous regions of foreground objects; and the frame-level component detects sudden, global changes in the image and swaps in better approximations of the background.",
            "end": 472,
            "tokens": [
                {
                    "begin": 76,
                    "text": "We",
                    "end": 78,
                    "id": "s1-t0"
                },
                {
                    "begin": 79,
                    "text": "develop",
                    "end": 86,
                    "id": "s1-t1"
                },
                {
                    "begin": 87,
                    "text": "Wallflower",
                    "end": 97,
                    "id": "s1-t2"
                },
                {
                    "begin": 97,
                    "text": ",",
                    "end": 98,
                    "id": "s1-t3"
                },
                {
                    "begin": 99,
                    "text": "a",
                    "end": 100,
                    "id": "s1-t4"
                },
                {
                    "begin": 101,
                    "text": "three-component",
                    "end": 116,
                    "id": "s1-t5"
                },
                {
                    "begin": 117,
                    "text": "system",
                    "end": 123,
                    "id": "s1-t6"
                },
                {
                    "begin": 124,
                    "text": "for",
                    "end": 127,
                    "id": "s1-t7"
                },
                {
                    "begin": 128,
                    "text": "background",
                    "end": 138,
                    "id": "s1-t8"
                },
                {
                    "begin": 139,
                    "text": "maintenance",
                    "end": 150,
                    "id": "s1-t9"
                },
                {
                    "begin": 150,
                    "text": ":",
                    "end": 151,
                    "id": "s1-t10"
                },
                {
                    "begin": 152,
                    "text": "the",
                    "end": 155,
                    "id": "s1-t11"
                },
                {
                    "begin": 156,
                    "text": "pixel-level",
                    "end": 167,
                    "id": "s1-t12"
                },
                {
                    "begin": 168,
                    "text": "component",
                    "end": 177,
                    "id": "s1-t13"
                },
                {
                    "begin": 178,
                    "text": "performs",
                    "end": 186,
                    "id": "s1-t14"
                },
                {
                    "begin": 187,
                    "text": "Wiener",
                    "end": 193,
                    "id": "s1-t15"
                },
                {
                    "begin": 194,
                    "text": "filtering",
                    "end": 203,
                    "id": "s1-t16"
                },
                {
                    "begin": 204,
                    "text": "to",
                    "end": 206,
                    "id": "s1-t17"
                },
                {
                    "begin": 207,
                    "text": "make",
                    "end": 211,
                    "id": "s1-t18"
                },
                {
                    "begin": 212,
                    "text": "probabilistic",
                    "end": 225,
                    "id": "s1-t19"
                },
                {
                    "begin": 226,
                    "text": "predictions",
                    "end": 237,
                    "id": "s1-t20"
                },
                {
                    "begin": 238,
                    "text": "of",
                    "end": 240,
                    "id": "s1-t21"
                },
                {
                    "begin": 241,
                    "text": "the",
                    "end": 244,
                    "id": "s1-t22"
                },
                {
                    "begin": 245,
                    "text": "expected",
                    "end": 253,
                    "id": "s1-t23"
                },
                {
                    "begin": 254,
                    "text": "background",
                    "end": 264,
                    "id": "s1-t24"
                },
                {
                    "begin": 264,
                    "text": ";",
                    "end": 265,
                    "id": "s1-t25"
                },
                {
                    "begin": 266,
                    "text": "the",
                    "end": 269,
                    "id": "s1-t26"
                },
                {
                    "begin": 270,
                    "text": "region-level",
                    "end": 282,
                    "id": "s1-t27"
                },
                {
                    "begin": 283,
                    "text": "component",
                    "end": 292,
                    "id": "s1-t28"
                },
                {
                    "begin": 293,
                    "text": "fills",
                    "end": 298,
                    "id": "s1-t29"
                },
                {
                    "begin": 299,
                    "text": "in",
                    "end": 301,
                    "id": "s1-t30"
                },
                {
                    "begin": 302,
                    "text": "homogeneous",
                    "end": 313,
                    "id": "s1-t31"
                },
                {
                    "begin": 314,
                    "text": "regions",
                    "end": 321,
                    "id": "s1-t32"
                },
                {
                    "begin": 322,
                    "text": "of",
                    "end": 324,
                    "id": "s1-t33"
                },
                {
                    "begin": 325,
                    "text": "foreground",
                    "end": 335,
                    "id": "s1-t34"
                },
                {
                    "begin": 336,
                    "text": "objects",
                    "end": 343,
                    "id": "s1-t35"
                },
                {
                    "begin": 343,
                    "text": ";",
                    "end": 344,
                    "id": "s1-t36"
                },
                {
                    "begin": 345,
                    "text": "and",
                    "end": 348,
                    "id": "s1-t37"
                },
                {
                    "begin": 349,
                    "text": "the",
                    "end": 352,
                    "id": "s1-t38"
                },
                {
                    "begin": 353,
                    "text": "frame-level",
                    "end": 364,
                    "id": "s1-t39"
                },
                {
                    "begin": 365,
                    "text": "component",
                    "end": 374,
                    "id": "s1-t40"
                },
                {
                    "begin": 375,
                    "text": "detects",
                    "end": 382,
                    "id": "s1-t41"
                },
                {
                    "begin": 383,
                    "text": "sudden",
                    "end": 389,
                    "id": "s1-t42"
                },
                {
                    "begin": 389,
                    "text": ",",
                    "end": 390,
                    "id": "s1-t43"
                },
                {
                    "begin": 391,
                    "text": "global",
                    "end": 397,
                    "id": "s1-t44"
                },
                {
                    "begin": 398,
                    "text": "changes",
                    "end": 405,
                    "id": "s1-t45"
                },
                {
                    "begin": 406,
                    "text": "in",
                    "end": 408,
                    "id": "s1-t46"
                },
                {
                    "begin": 409,
                    "text": "the",
                    "end": 412,
                    "id": "s1-t47"
                },
                {
                    "begin": 413,
                    "text": "image",
                    "end": 418,
                    "id": "s1-t48"
                },
                {
                    "begin": 419,
                    "text": "and",
                    "end": 422,
                    "id": "s1-t49"
                },
                {
                    "begin": 423,
                    "text": "swaps",
                    "end": 428,
                    "id": "s1-t50"
                },
                {
                    "begin": 429,
                    "text": "in",
                    "end": 431,
                    "id": "s1-t51"
                },
                {
                    "begin": 432,
                    "text": "better",
                    "end": 438,
                    "id": "s1-t52"
                },
                {
                    "begin": 439,
                    "text": "approximations",
                    "end": 453,
                    "id": "s1-t53"
                },
                {
                    "begin": 454,
                    "text": "of",
                    "end": 456,
                    "id": "s1-t54"
                },
                {
                    "begin": 457,
                    "text": "the",
                    "end": 460,
                    "id": "s1-t55"
                },
                {
                    "begin": 461,
                    "text": "background",
                    "end": 471,
                    "id": "s1-t56"
                },
                {
                    "begin": 471,
                    "text": ".",
                    "end": 472,
                    "id": "s1-t57"
                }
            ],
            "id": "s1"
        },
        {
            "begin": 472,
            "text": " We compare our system with 8 other background subtraction algorithms.",
            "end": 542,
            "tokens": [
                {
                    "begin": 473,
                    "text": "We",
                    "end": 475,
                    "id": "s2-t0"
                },
                {
                    "begin": 476,
                    "text": "compare",
                    "end": 483,
                    "id": "s2-t1"
                },
                {
                    "begin": 484,
                    "text": "our",
                    "end": 487,
                    "id": "s2-t2"
                },
                {
                    "begin": 488,
                    "text": "system",
                    "end": 494,
                    "id": "s2-t3"
                },
                {
                    "begin": 495,
                    "text": "with",
                    "end": 499,
                    "id": "s2-t4"
                },
                {
                    "begin": 500,
                    "text": "8",
                    "end": 501,
                    "id": "s2-t5"
                },
                {
                    "begin": 502,
                    "text": "other",
                    "end": 507,
                    "id": "s2-t6"
                },
                {
                    "begin": 508,
                    "text": "background",
                    "end": 518,
                    "id": "s2-t7"
                },
                {
                    "begin": 519,
                    "text": "subtraction",
                    "end": 530,
                    "id": "s2-t8"
                },
                {
                    "begin": 531,
                    "text": "algorithms",
                    "end": 541,
                    "id": "s2-t9"
                },
                {
                    "begin": 541,
                    "text": ".",
                    "end": 542,
                    "id": "s2-t10"
                }
            ],
            "id": "s2"
        },
        {
            "begin": 542,
            "text": " Wallflower is shown to outperform previous algorithms by handling a greater set of the difficult situations that can occur.",
            "end": 666,
            "tokens": [
                {
                    "begin": 543,
                    "text": "Wallflower",
                    "end": 553,
                    "id": "s3-t0"
                },
                {
                    "begin": 554,
                    "text": "is",
                    "end": 556,
                    "id": "s3-t1"
                },
                {
                    "begin": 557,
                    "text": "shown",
                    "end": 562,
                    "id": "s3-t2"
                },
                {
                    "begin": 563,
                    "text": "to",
                    "end": 565,
                    "id": "s3-t3"
                },
                {
                    "begin": 566,
                    "text": "outperform",
                    "end": 576,
                    "id": "s3-t4"
                },
                {
                    "begin": 577,
                    "text": "previous",
                    "end": 585,
                    "id": "s3-t5"
                },
                {
                    "begin": 586,
                    "text": "algorithms",
                    "end": 596,
                    "id": "s3-t6"
                },
                {
                    "begin": 597,
                    "text": "by",
                    "end": 599,
                    "id": "s3-t7"
                },
                {
                    "begin": 600,
                    "text": "handling",
                    "end": 608,
                    "id": "s3-t8"
                },
                {
                    "begin": 609,
                    "text": "a",
                    "end": 610,
                    "id": "s3-t9"
                },
                {
                    "begin": 611,
                    "text": "greater",
                    "end": 618,
                    "id": "s3-t10"
                },
                {
                    "begin": 619,
                    "text": "set",
                    "end": 622,
                    "id": "s3-t11"
                },
                {
                    "begin": 623,
                    "text": "of",
                    "end": 625,
                    "id": "s3-t12"
                },
                {
                    "begin": 626,
                    "text": "the",
                    "end": 629,
                    "id": "s3-t13"
                },
                {
                    "begin": 630,
                    "text": "difficult",
                    "end": 639,
                    "id": "s3-t14"
                },
                {
                    "begin": 640,
                    "text": "situations",
                    "end": 650,
                    "id": "s3-t15"
                },
                {
                    "begin": 651,
                    "text": "that",
                    "end": 655,
                    "id": "s3-t16"
                },
                {
                    "begin": 656,
                    "text": "can",
                    "end": 659,
                    "id": "s3-t17"
                },
                {
                    "begin": 660,
                    "text": "occur",
                    "end": 665,
                    "id": "s3-t18"
                },
                {
                    "begin": 665,
                    "text": ".",
                    "end": 666,
                    "id": "s3-t19"
                }
            ],
            "id": "s3"
        },
        {
            "begin": 666,
            "text": " Finally, we analyze the experimental results and propose normative principles for background maintenance.",
            "end": 772,
            "tokens": [
                {
                    "begin": 667,
                    "text": "Finally",
                    "end": 674,
                    "id": "s4-t0"
                },
                {
                    "begin": 674,
                    "text": ",",
                    "end": 675,
                    "id": "s4-t1"
                },
                {
                    "begin": 676,
                    "text": "we",
                    "end": 678,
                    "id": "s4-t2"
                },
                {
                    "begin": 679,
                    "text": "analyze",
                    "end": 686,
                    "id": "s4-t3"
                },
                {
                    "begin": 687,
                    "text": "the",
                    "end": 690,
                    "id": "s4-t4"
                },
                {
                    "begin": 691,
                    "text": "experimental",
                    "end": 703,
                    "id": "s4-t5"
                },
                {
                    "begin": 704,
                    "text": "results",
                    "end": 711,
                    "id": "s4-t6"
                },
                {
                    "begin": 712,
                    "text": "and",
                    "end": 715,
                    "id": "s4-t7"
                },
                {
                    "begin": 716,
                    "text": "propose",
                    "end": 723,
                    "id": "s4-t8"
                },
                {
                    "begin": 724,
                    "text": "normative",
                    "end": 733,
                    "id": "s4-t9"
                },
                {
                    "begin": 734,
                    "text": "principles",
                    "end": 744,
                    "id": "s4-t10"
                },
                {
                    "begin": 745,
                    "text": "for",
                    "end": 748,
                    "id": "s4-t11"
                },
                {
                    "begin": 749,
                    "text": "background",
                    "end": 759,
                    "id": "s4-t12"
                },
                {
                    "begin": 760,
                    "text": "maintenance",
                    "end": 771,
                    "id": "s4-t13"
                },
                {
                    "begin": 771,
                    "text": ".",
                    "end": 772,
                    "id": "s4-t14"
                }
            ],
            "id": "s4"
        }
    ],
    "text": "Background maintenance is a frequent element of video surveillance systems. We develop Wallflower, a three-component system for background maintenance: the pixel-level component performs Wiener filtering to make probabilistic predictions of the expected background; the region-level component fills in homogeneous regions of foreground objects; and the frame-level component detects sudden, global changes in the image and swaps in better approximations of the background. We compare our system with 8 other background subtraction algorithms. Wallflower is shown to outperform previous algorithms by handling a greater set of the difficult situations that can occur. Finally, we analyze the experimental results and propose normative principles for background maintenance.",
    "id": "870cf9d3-8b7e-4979-9bc3-35ab4defb58d"
}