{
    "mentions": [
        {
            "begin": 3,
            "id": "m0",
            "end": 28,
            "type": "Task",
            "text": "Bayesian machine learning"
        },
        {
            "begin": 30,
            "id": "m1",
            "end": 46,
            "type": "OtherScientificTerm",
            "text": "conjugate priors"
        },
        {
            "begin": 168,
            "id": "m2",
            "end": 183,
            "type": "OtherScientificTerm",
            "text": "conjugate prior"
        },
        {
            "begin": 216,
            "id": "m3",
            "end": 231,
            "type": "OtherScientificTerm",
            "text": "conjugate prior"
        },
        {
            "begin": 247,
            "id": "m4",
            "end": 265,
            "type": "OtherScientificTerm",
            "text": "Bregman divergence"
        },
        {
            "begin": 311,
            "id": "m5",
            "end": 327,
            "type": "OtherScientificTerm",
            "text": "conjugate priors"
        },
        {
            "begin": 443,
            "id": "m6",
            "end": 459,
            "type": "OtherScientificTerm",
            "text": "conjugate priors"
        },
        {
            "begin": 541,
            "id": "m7",
            "end": 584,
            "type": "OtherScientificTerm",
            "text": "geometric understanding of conjugate priors"
        },
        {
            "begin": 424,
            "id": "m8",
            "end": 439,
            "type": "Generic",
            "text": "hyperparameters"
        },
        {
            "begin": 453,
            "id": "m9",
            "end": 458,
            "type": "Generic",
            "text": "prior"
        },
        {
            "begin": 662,
            "id": "m10",
            "end": 702,
            "type": "Method",
            "text": "generative and discriminative components"
        },
        {
            "begin": 708,
            "id": "m11",
            "end": 720,
            "type": "Method",
            "text": "hybrid model"
        },
        {
            "begin": 725,
            "id": "m12",
            "end": 749,
            "type": "Task",
            "text": "semi-supervised learning"
        }
    ],
    "relations": [
        {
            "args": [
                "m1",
                "m0"
            ],
            "type": "PART-OF",
            "id": "r0"
        },
        {
            "args": [
                "m4",
                "m3"
            ],
            "type": "FEATURE-OF",
            "id": "r1"
        },
        {
            "args": [
                "m7",
                "m8"
            ],
            "type": "USED-FOR",
            "id": "r2"
        },
        {
            "args": [
                "m9",
                "m10"
            ],
            "type": "USED-FOR",
            "id": "r3"
        },
        {
            "args": [
                "m10",
                "m11"
            ],
            "type": "PART-OF",
            "id": "r4"
        },
        {
            "args": [
                "m11",
                "m12"
            ],
            "type": "USED-FOR",
            "id": "r5"
        }
    ],
    "sentences": [
        {
            "begin": 0,
            "text": "In Bayesian machine learning, conjugate priors are popular, mostly due to mathematical convenience.",
            "end": 99,
            "tokens": [
                {
                    "begin": 0,
                    "text": "In",
                    "end": 2,
                    "id": "s0-t0"
                },
                {
                    "begin": 3,
                    "text": "Bayesian",
                    "end": 11,
                    "id": "s0-t1"
                },
                {
                    "begin": 12,
                    "text": "machine",
                    "end": 19,
                    "id": "s0-t2"
                },
                {
                    "begin": 20,
                    "text": "learning",
                    "end": 28,
                    "id": "s0-t3"
                },
                {
                    "begin": 28,
                    "text": ",",
                    "end": 29,
                    "id": "s0-t4"
                },
                {
                    "begin": 30,
                    "text": "conjugate",
                    "end": 39,
                    "id": "s0-t5"
                },
                {
                    "begin": 40,
                    "text": "priors",
                    "end": 46,
                    "id": "s0-t6"
                },
                {
                    "begin": 47,
                    "text": "are",
                    "end": 50,
                    "id": "s0-t7"
                },
                {
                    "begin": 51,
                    "text": "popular",
                    "end": 58,
                    "id": "s0-t8"
                },
                {
                    "begin": 58,
                    "text": ",",
                    "end": 59,
                    "id": "s0-t9"
                },
                {
                    "begin": 60,
                    "text": "mostly",
                    "end": 66,
                    "id": "s0-t10"
                },
                {
                    "begin": 67,
                    "text": "due",
                    "end": 70,
                    "id": "s0-t11"
                },
                {
                    "begin": 71,
                    "text": "to",
                    "end": 73,
                    "id": "s0-t12"
                },
                {
                    "begin": 74,
                    "text": "mathematical",
                    "end": 86,
                    "id": "s0-t13"
                },
                {
                    "begin": 87,
                    "text": "convenience",
                    "end": 98,
                    "id": "s0-t14"
                },
                {
                    "begin": 98,
                    "text": ".",
                    "end": 99,
                    "id": "s0-t15"
                }
            ],
            "id": "s0"
        },
        {
            "begin": 99,
            "text": " In this paper, we show that there are deeper reasons for choosing a conjugate prior.",
            "end": 184,
            "tokens": [
                {
                    "begin": 100,
                    "text": "In",
                    "end": 102,
                    "id": "s1-t0"
                },
                {
                    "begin": 103,
                    "text": "this",
                    "end": 107,
                    "id": "s1-t1"
                },
                {
                    "begin": 108,
                    "text": "paper",
                    "end": 113,
                    "id": "s1-t2"
                },
                {
                    "begin": 113,
                    "text": ",",
                    "end": 114,
                    "id": "s1-t3"
                },
                {
                    "begin": 115,
                    "text": "we",
                    "end": 117,
                    "id": "s1-t4"
                },
                {
                    "begin": 118,
                    "text": "show",
                    "end": 122,
                    "id": "s1-t5"
                },
                {
                    "begin": 123,
                    "text": "that",
                    "end": 127,
                    "id": "s1-t6"
                },
                {
                    "begin": 128,
                    "text": "there",
                    "end": 133,
                    "id": "s1-t7"
                },
                {
                    "begin": 134,
                    "text": "are",
                    "end": 137,
                    "id": "s1-t8"
                },
                {
                    "begin": 138,
                    "text": "deeper",
                    "end": 144,
                    "id": "s1-t9"
                },
                {
                    "begin": 145,
                    "text": "reasons",
                    "end": 152,
                    "id": "s1-t10"
                },
                {
                    "begin": 153,
                    "text": "for",
                    "end": 156,
                    "id": "s1-t11"
                },
                {
                    "begin": 157,
                    "text": "choosing",
                    "end": 165,
                    "id": "s1-t12"
                },
                {
                    "begin": 166,
                    "text": "a",
                    "end": 167,
                    "id": "s1-t13"
                },
                {
                    "begin": 168,
                    "text": "conjugate",
                    "end": 177,
                    "id": "s1-t14"
                },
                {
                    "begin": 178,
                    "text": "prior",
                    "end": 183,
                    "id": "s1-t15"
                },
                {
                    "begin": 183,
                    "text": ".",
                    "end": 184,
                    "id": "s1-t16"
                }
            ],
            "id": "s1"
        },
        {
            "begin": 184,
            "text": " Specifically, we formulate the conjugate prior in the form of Bregman divergence and show that it is the inherent geometry of conjugate priors that makes them appropriate and intuitive.",
            "end": 370,
            "tokens": [
                {
                    "begin": 185,
                    "text": "Specifically",
                    "end": 197,
                    "id": "s2-t0"
                },
                {
                    "begin": 197,
                    "text": ",",
                    "end": 198,
                    "id": "s2-t1"
                },
                {
                    "begin": 199,
                    "text": "we",
                    "end": 201,
                    "id": "s2-t2"
                },
                {
                    "begin": 202,
                    "text": "formulate",
                    "end": 211,
                    "id": "s2-t3"
                },
                {
                    "begin": 212,
                    "text": "the",
                    "end": 215,
                    "id": "s2-t4"
                },
                {
                    "begin": 216,
                    "text": "conjugate",
                    "end": 225,
                    "id": "s2-t5"
                },
                {
                    "begin": 226,
                    "text": "prior",
                    "end": 231,
                    "id": "s2-t6"
                },
                {
                    "begin": 232,
                    "text": "in",
                    "end": 234,
                    "id": "s2-t7"
                },
                {
                    "begin": 235,
                    "text": "the",
                    "end": 238,
                    "id": "s2-t8"
                },
                {
                    "begin": 239,
                    "text": "form",
                    "end": 243,
                    "id": "s2-t9"
                },
                {
                    "begin": 244,
                    "text": "of",
                    "end": 246,
                    "id": "s2-t10"
                },
                {
                    "begin": 247,
                    "text": "Bregman",
                    "end": 254,
                    "id": "s2-t11"
                },
                {
                    "begin": 255,
                    "text": "divergence",
                    "end": 265,
                    "id": "s2-t12"
                },
                {
                    "begin": 266,
                    "text": "and",
                    "end": 269,
                    "id": "s2-t13"
                },
                {
                    "begin": 270,
                    "text": "show",
                    "end": 274,
                    "id": "s2-t14"
                },
                {
                    "begin": 275,
                    "text": "that",
                    "end": 279,
                    "id": "s2-t15"
                },
                {
                    "begin": 280,
                    "text": "it",
                    "end": 282,
                    "id": "s2-t16"
                },
                {
                    "begin": 283,
                    "text": "is",
                    "end": 285,
                    "id": "s2-t17"
                },
                {
                    "begin": 286,
                    "text": "the",
                    "end": 289,
                    "id": "s2-t18"
                },
                {
                    "begin": 290,
                    "text": "inherent",
                    "end": 298,
                    "id": "s2-t19"
                },
                {
                    "begin": 299,
                    "text": "geometry",
                    "end": 307,
                    "id": "s2-t20"
                },
                {
                    "begin": 308,
                    "text": "of",
                    "end": 310,
                    "id": "s2-t21"
                },
                {
                    "begin": 311,
                    "text": "conjugate",
                    "end": 320,
                    "id": "s2-t22"
                },
                {
                    "begin": 321,
                    "text": "priors",
                    "end": 327,
                    "id": "s2-t23"
                },
                {
                    "begin": 328,
                    "text": "that",
                    "end": 332,
                    "id": "s2-t24"
                },
                {
                    "begin": 333,
                    "text": "makes",
                    "end": 338,
                    "id": "s2-t25"
                },
                {
                    "begin": 339,
                    "text": "them",
                    "end": 343,
                    "id": "s2-t26"
                },
                {
                    "begin": 344,
                    "text": "appropriate",
                    "end": 355,
                    "id": "s2-t27"
                },
                {
                    "begin": 356,
                    "text": "and",
                    "end": 359,
                    "id": "s2-t28"
                },
                {
                    "begin": 360,
                    "text": "intuitive",
                    "end": 369,
                    "id": "s2-t29"
                },
                {
                    "begin": 369,
                    "text": ".",
                    "end": 370,
                    "id": "s2-t30"
                }
            ],
            "id": "s2"
        },
        {
            "begin": 370,
            "text": " This geometric interpretation allows one to view the hyperparameters of conjugate priors as the effective sample points, thus providing additional intuition.",
            "end": 528,
            "tokens": [
                {
                    "begin": 371,
                    "text": "This",
                    "end": 375,
                    "id": "s3-t0"
                },
                {
                    "begin": 376,
                    "text": "geometric",
                    "end": 385,
                    "id": "s3-t1"
                },
                {
                    "begin": 386,
                    "text": "interpretation",
                    "end": 400,
                    "id": "s3-t2"
                },
                {
                    "begin": 401,
                    "text": "allows",
                    "end": 407,
                    "id": "s3-t3"
                },
                {
                    "begin": 408,
                    "text": "one",
                    "end": 411,
                    "id": "s3-t4"
                },
                {
                    "begin": 412,
                    "text": "to",
                    "end": 414,
                    "id": "s3-t5"
                },
                {
                    "begin": 415,
                    "text": "view",
                    "end": 419,
                    "id": "s3-t6"
                },
                {
                    "begin": 420,
                    "text": "the",
                    "end": 423,
                    "id": "s3-t7"
                },
                {
                    "begin": 424,
                    "text": "hyperparameters",
                    "end": 439,
                    "id": "s3-t8"
                },
                {
                    "begin": 440,
                    "text": "of",
                    "end": 442,
                    "id": "s3-t9"
                },
                {
                    "begin": 443,
                    "text": "conjugate",
                    "end": 452,
                    "id": "s3-t10"
                },
                {
                    "begin": 453,
                    "text": "priors",
                    "end": 459,
                    "id": "s3-t11"
                },
                {
                    "begin": 460,
                    "text": "as",
                    "end": 462,
                    "id": "s3-t12"
                },
                {
                    "begin": 463,
                    "text": "the",
                    "end": 466,
                    "id": "s3-t13"
                },
                {
                    "begin": 467,
                    "text": "effective",
                    "end": 476,
                    "id": "s3-t14"
                },
                {
                    "begin": 477,
                    "text": "sample",
                    "end": 483,
                    "id": "s3-t15"
                },
                {
                    "begin": 484,
                    "text": "points",
                    "end": 490,
                    "id": "s3-t16"
                },
                {
                    "begin": 490,
                    "text": ",",
                    "end": 491,
                    "id": "s3-t17"
                },
                {
                    "begin": 492,
                    "text": "thus",
                    "end": 496,
                    "id": "s3-t18"
                },
                {
                    "begin": 497,
                    "text": "providing",
                    "end": 506,
                    "id": "s3-t19"
                },
                {
                    "begin": 507,
                    "text": "additional",
                    "end": 517,
                    "id": "s3-t20"
                },
                {
                    "begin": 518,
                    "text": "intuition",
                    "end": 527,
                    "id": "s3-t21"
                },
                {
                    "begin": 527,
                    "text": ".",
                    "end": 528,
                    "id": "s3-t22"
                }
            ],
            "id": "s3"
        },
        {
            "begin": 528,
            "text": " We use this geometric understanding of conjugate priors to derive the hyperparameters and expression of the prior used to couple the generative and discriminative components of a hybrid model for semi-supervised learning.",
            "end": 750,
            "tokens": [
                {
                    "begin": 529,
                    "text": "We",
                    "end": 531,
                    "id": "s4-t0"
                },
                {
                    "begin": 532,
                    "text": "use",
                    "end": 535,
                    "id": "s4-t1"
                },
                {
                    "begin": 536,
                    "text": "this",
                    "end": 540,
                    "id": "s4-t2"
                },
                {
                    "begin": 541,
                    "text": "geometric",
                    "end": 550,
                    "id": "s4-t3"
                },
                {
                    "begin": 551,
                    "text": "understanding",
                    "end": 564,
                    "id": "s4-t4"
                },
                {
                    "begin": 565,
                    "text": "of",
                    "end": 567,
                    "id": "s4-t5"
                },
                {
                    "begin": 568,
                    "text": "conjugate",
                    "end": 577,
                    "id": "s4-t6"
                },
                {
                    "begin": 578,
                    "text": "priors",
                    "end": 584,
                    "id": "s4-t7"
                },
                {
                    "begin": 585,
                    "text": "to",
                    "end": 587,
                    "id": "s4-t8"
                },
                {
                    "begin": 588,
                    "text": "derive",
                    "end": 594,
                    "id": "s4-t9"
                },
                {
                    "begin": 595,
                    "text": "the",
                    "end": 598,
                    "id": "s4-t10"
                },
                {
                    "begin": 599,
                    "text": "hyperparameters",
                    "end": 614,
                    "id": "s4-t11"
                },
                {
                    "begin": 615,
                    "text": "and",
                    "end": 618,
                    "id": "s4-t12"
                },
                {
                    "begin": 619,
                    "text": "expression",
                    "end": 629,
                    "id": "s4-t13"
                },
                {
                    "begin": 630,
                    "text": "of",
                    "end": 632,
                    "id": "s4-t14"
                },
                {
                    "begin": 633,
                    "text": "the",
                    "end": 636,
                    "id": "s4-t15"
                },
                {
                    "begin": 637,
                    "text": "prior",
                    "end": 642,
                    "id": "s4-t16"
                },
                {
                    "begin": 643,
                    "text": "used",
                    "end": 647,
                    "id": "s4-t17"
                },
                {
                    "begin": 648,
                    "text": "to",
                    "end": 650,
                    "id": "s4-t18"
                },
                {
                    "begin": 651,
                    "text": "couple",
                    "end": 657,
                    "id": "s4-t19"
                },
                {
                    "begin": 658,
                    "text": "the",
                    "end": 661,
                    "id": "s4-t20"
                },
                {
                    "begin": 662,
                    "text": "generative",
                    "end": 672,
                    "id": "s4-t21"
                },
                {
                    "begin": 673,
                    "text": "and",
                    "end": 676,
                    "id": "s4-t22"
                },
                {
                    "begin": 677,
                    "text": "discriminative",
                    "end": 691,
                    "id": "s4-t23"
                },
                {
                    "begin": 692,
                    "text": "components",
                    "end": 702,
                    "id": "s4-t24"
                },
                {
                    "begin": 703,
                    "text": "of",
                    "end": 705,
                    "id": "s4-t25"
                },
                {
                    "begin": 706,
                    "text": "a",
                    "end": 707,
                    "id": "s4-t26"
                },
                {
                    "begin": 708,
                    "text": "hybrid",
                    "end": 714,
                    "id": "s4-t27"
                },
                {
                    "begin": 715,
                    "text": "model",
                    "end": 720,
                    "id": "s4-t28"
                },
                {
                    "begin": 721,
                    "text": "for",
                    "end": 724,
                    "id": "s4-t29"
                },
                {
                    "begin": 725,
                    "text": "semi-supervised",
                    "end": 740,
                    "id": "s4-t30"
                },
                {
                    "begin": 741,
                    "text": "learning",
                    "end": 749,
                    "id": "s4-t31"
                },
                {
                    "begin": 749,
                    "text": ".",
                    "end": 750,
                    "id": "s4-t32"
                }
            ],
            "id": "s4"
        }
    ],
    "text": "In Bayesian machine learning, conjugate priors are popular, mostly due to mathematical convenience. In this paper, we show that there are deeper reasons for choosing a conjugate prior. Specifically, we formulate the conjugate prior in the form of Bregman divergence and show that it is the inherent geometry of conjugate priors that makes them appropriate and intuitive. This geometric interpretation allows one to view the hyperparameters of conjugate priors as the effective sample points, thus providing additional intuition. We use this geometric understanding of conjugate priors to derive the hyperparameters and expression of the prior used to couple the generative and discriminative components of a hybrid model for semi-supervised learning.",
    "id": "3227d518-9bf5-4e95-9522-3a5692638044"
}