{
    "mentions": [
        {
            "begin": 41,
            "id": "m0",
            "end": 63,
            "type": "Task",
            "text": "semantic role labeling"
        },
        {
            "begin": 96,
            "id": "m1",
            "end": 119,
            "type": "Method",
            "text": "independent classifiers"
        },
        {
            "begin": 153,
            "id": "m2",
            "end": 174,
            "type": "Method",
            "text": "label sequence models"
        },
        {
            "begin": 179,
            "id": "m3",
            "end": 195,
            "type": "Method",
            "text": "Viterbi decoding"
        },
        {
            "begin": 264,
            "id": "m4",
            "end": 283,
            "type": "OtherScientificTerm",
            "text": "core argument frame"
        },
        {
            "begin": 373,
            "id": "m5",
            "end": 403,
            "type": "Method",
            "text": "joint model of argument frames"
        },
        {
            "begin": 425,
            "id": "m6",
            "end": 433,
            "type": "OtherScientificTerm",
            "text": "features"
        },
        {
            "begin": 469,
            "id": "m7",
            "end": 501,
            "type": "Method",
            "text": "discriminative log-linear models"
        },
        {
            "begin": 508,
            "id": "m8",
            "end": 514,
            "type": "Generic",
            "text": "system"
        },
        {
            "begin": 527,
            "id": "m9",
            "end": 542,
            "type": "Metric",
            "text": "error reduction"
        },
        {
            "begin": 617,
            "id": "m10",
            "end": 639,
            "type": "Method",
            "text": "independent classifier"
        },
        {
            "begin": 644,
            "id": "m11",
            "end": 669,
            "type": "OtherScientificTerm",
            "text": "gold-standard parse trees"
        },
        {
            "begin": 673,
            "id": "m12",
            "end": 681,
            "type": "Material",
            "text": "PropBank"
        }
    ],
    "relations": [
        {
            "args": [
                "m1",
                "m0"
            ],
            "type": "USED-FOR",
            "id": "r0"
        },
        {
            "args": [
                "m1",
                "m2"
            ],
            "type": "CONJUNCTION",
            "id": "r1"
        },
        {
            "args": [
                "m3",
                "m2"
            ],
            "type": "USED-FOR",
            "id": "r2"
        },
        {
            "args": [
                "m6",
                "m7"
            ],
            "type": "PART-OF",
            "id": "r3"
        },
        {
            "args": [
                "m9",
                "m8"
            ],
            "type": "EVALUATE-FOR",
            "id": "r4"
        },
        {
            "args": [
                "m9",
                "m10"
            ],
            "type": "EVALUATE-FOR",
            "id": "r5"
        },
        {
            "args": [
                "m10",
                "m8"
            ],
            "type": "COMPARE",
            "id": "r6"
        },
        {
            "args": [
                "m11",
                "m8"
            ],
            "type": "EVALUATE-FOR",
            "id": "r7"
        },
        {
            "args": [
                "m11",
                "m10"
            ],
            "type": "EVALUATE-FOR",
            "id": "r8"
        },
        {
            "args": [
                "m11",
                "m12"
            ],
            "type": "PART-OF",
            "id": "r9"
        }
    ],
    "sentences": [
        {
            "begin": 0,
            "text": "Despite much recent progress on accurate semantic role labeling, previous work has largely used independent classifiers, possibly combined with separate label sequence models via Viterbi decoding.",
            "end": 196,
            "tokens": [
                {
                    "begin": 0,
                    "text": "Despite",
                    "end": 7,
                    "id": "s0-t0"
                },
                {
                    "begin": 8,
                    "text": "much",
                    "end": 12,
                    "id": "s0-t1"
                },
                {
                    "begin": 13,
                    "text": "recent",
                    "end": 19,
                    "id": "s0-t2"
                },
                {
                    "begin": 20,
                    "text": "progress",
                    "end": 28,
                    "id": "s0-t3"
                },
                {
                    "begin": 29,
                    "text": "on",
                    "end": 31,
                    "id": "s0-t4"
                },
                {
                    "begin": 32,
                    "text": "accurate",
                    "end": 40,
                    "id": "s0-t5"
                },
                {
                    "begin": 41,
                    "text": "semantic",
                    "end": 49,
                    "id": "s0-t6"
                },
                {
                    "begin": 50,
                    "text": "role",
                    "end": 54,
                    "id": "s0-t7"
                },
                {
                    "begin": 55,
                    "text": "labeling",
                    "end": 63,
                    "id": "s0-t8"
                },
                {
                    "begin": 63,
                    "text": ",",
                    "end": 64,
                    "id": "s0-t9"
                },
                {
                    "begin": 65,
                    "text": "previous",
                    "end": 73,
                    "id": "s0-t10"
                },
                {
                    "begin": 74,
                    "text": "work",
                    "end": 78,
                    "id": "s0-t11"
                },
                {
                    "begin": 79,
                    "text": "has",
                    "end": 82,
                    "id": "s0-t12"
                },
                {
                    "begin": 83,
                    "text": "largely",
                    "end": 90,
                    "id": "s0-t13"
                },
                {
                    "begin": 91,
                    "text": "used",
                    "end": 95,
                    "id": "s0-t14"
                },
                {
                    "begin": 96,
                    "text": "independent",
                    "end": 107,
                    "id": "s0-t15"
                },
                {
                    "begin": 108,
                    "text": "classifiers",
                    "end": 119,
                    "id": "s0-t16"
                },
                {
                    "begin": 119,
                    "text": ",",
                    "end": 120,
                    "id": "s0-t17"
                },
                {
                    "begin": 121,
                    "text": "possibly",
                    "end": 129,
                    "id": "s0-t18"
                },
                {
                    "begin": 130,
                    "text": "combined",
                    "end": 138,
                    "id": "s0-t19"
                },
                {
                    "begin": 139,
                    "text": "with",
                    "end": 143,
                    "id": "s0-t20"
                },
                {
                    "begin": 144,
                    "text": "separate",
                    "end": 152,
                    "id": "s0-t21"
                },
                {
                    "begin": 153,
                    "text": "label",
                    "end": 158,
                    "id": "s0-t22"
                },
                {
                    "begin": 159,
                    "text": "sequence",
                    "end": 167,
                    "id": "s0-t23"
                },
                {
                    "begin": 168,
                    "text": "models",
                    "end": 174,
                    "id": "s0-t24"
                },
                {
                    "begin": 175,
                    "text": "via",
                    "end": 178,
                    "id": "s0-t25"
                },
                {
                    "begin": 179,
                    "text": "Viterbi",
                    "end": 186,
                    "id": "s0-t26"
                },
                {
                    "begin": 187,
                    "text": "decoding",
                    "end": 195,
                    "id": "s0-t27"
                },
                {
                    "begin": 195,
                    "text": ".",
                    "end": 196,
                    "id": "s0-t28"
                }
            ],
            "id": "s0"
        },
        {
            "begin": 196,
            "text": " This stands in stark contrast to the linguistic observation that a core argument frame is a joint structure, with strong dependencies between arguments.",
            "end": 349,
            "tokens": [
                {
                    "begin": 197,
                    "text": "This",
                    "end": 201,
                    "id": "s1-t0"
                },
                {
                    "begin": 202,
                    "text": "stands",
                    "end": 208,
                    "id": "s1-t1"
                },
                {
                    "begin": 209,
                    "text": "in",
                    "end": 211,
                    "id": "s1-t2"
                },
                {
                    "begin": 212,
                    "text": "stark",
                    "end": 217,
                    "id": "s1-t3"
                },
                {
                    "begin": 218,
                    "text": "contrast",
                    "end": 226,
                    "id": "s1-t4"
                },
                {
                    "begin": 227,
                    "text": "to",
                    "end": 229,
                    "id": "s1-t5"
                },
                {
                    "begin": 230,
                    "text": "the",
                    "end": 233,
                    "id": "s1-t6"
                },
                {
                    "begin": 234,
                    "text": "linguistic",
                    "end": 244,
                    "id": "s1-t7"
                },
                {
                    "begin": 245,
                    "text": "observation",
                    "end": 256,
                    "id": "s1-t8"
                },
                {
                    "begin": 257,
                    "text": "that",
                    "end": 261,
                    "id": "s1-t9"
                },
                {
                    "begin": 262,
                    "text": "a",
                    "end": 263,
                    "id": "s1-t10"
                },
                {
                    "begin": 264,
                    "text": "core",
                    "end": 268,
                    "id": "s1-t11"
                },
                {
                    "begin": 269,
                    "text": "argument",
                    "end": 277,
                    "id": "s1-t12"
                },
                {
                    "begin": 278,
                    "text": "frame",
                    "end": 283,
                    "id": "s1-t13"
                },
                {
                    "begin": 284,
                    "text": "is",
                    "end": 286,
                    "id": "s1-t14"
                },
                {
                    "begin": 287,
                    "text": "a",
                    "end": 288,
                    "id": "s1-t15"
                },
                {
                    "begin": 289,
                    "text": "joint",
                    "end": 294,
                    "id": "s1-t16"
                },
                {
                    "begin": 295,
                    "text": "structure",
                    "end": 304,
                    "id": "s1-t17"
                },
                {
                    "begin": 304,
                    "text": ",",
                    "end": 305,
                    "id": "s1-t18"
                },
                {
                    "begin": 306,
                    "text": "with",
                    "end": 310,
                    "id": "s1-t19"
                },
                {
                    "begin": 311,
                    "text": "strong",
                    "end": 317,
                    "id": "s1-t20"
                },
                {
                    "begin": 318,
                    "text": "dependencies",
                    "end": 330,
                    "id": "s1-t21"
                },
                {
                    "begin": 331,
                    "text": "between",
                    "end": 338,
                    "id": "s1-t22"
                },
                {
                    "begin": 339,
                    "text": "arguments",
                    "end": 348,
                    "id": "s1-t23"
                },
                {
                    "begin": 348,
                    "text": ".",
                    "end": 349,
                    "id": "s1-t24"
                }
            ],
            "id": "s1"
        },
        {
            "begin": 349,
            "text": " We show how to build a joint model of argument frames, incorporating novel features that model these interactions into discriminative log-linear models.",
            "end": 502,
            "tokens": [
                {
                    "begin": 350,
                    "text": "We",
                    "end": 352,
                    "id": "s2-t0"
                },
                {
                    "begin": 353,
                    "text": "show",
                    "end": 357,
                    "id": "s2-t1"
                },
                {
                    "begin": 358,
                    "text": "how",
                    "end": 361,
                    "id": "s2-t2"
                },
                {
                    "begin": 362,
                    "text": "to",
                    "end": 364,
                    "id": "s2-t3"
                },
                {
                    "begin": 365,
                    "text": "build",
                    "end": 370,
                    "id": "s2-t4"
                },
                {
                    "begin": 371,
                    "text": "a",
                    "end": 372,
                    "id": "s2-t5"
                },
                {
                    "begin": 373,
                    "text": "joint",
                    "end": 378,
                    "id": "s2-t6"
                },
                {
                    "begin": 379,
                    "text": "model",
                    "end": 384,
                    "id": "s2-t7"
                },
                {
                    "begin": 385,
                    "text": "of",
                    "end": 387,
                    "id": "s2-t8"
                },
                {
                    "begin": 388,
                    "text": "argument",
                    "end": 396,
                    "id": "s2-t9"
                },
                {
                    "begin": 397,
                    "text": "frames",
                    "end": 403,
                    "id": "s2-t10"
                },
                {
                    "begin": 403,
                    "text": ",",
                    "end": 404,
                    "id": "s2-t11"
                },
                {
                    "begin": 405,
                    "text": "incorporating",
                    "end": 418,
                    "id": "s2-t12"
                },
                {
                    "begin": 419,
                    "text": "novel",
                    "end": 424,
                    "id": "s2-t13"
                },
                {
                    "begin": 425,
                    "text": "features",
                    "end": 433,
                    "id": "s2-t14"
                },
                {
                    "begin": 434,
                    "text": "that",
                    "end": 438,
                    "id": "s2-t15"
                },
                {
                    "begin": 439,
                    "text": "model",
                    "end": 444,
                    "id": "s2-t16"
                },
                {
                    "begin": 445,
                    "text": "these",
                    "end": 450,
                    "id": "s2-t17"
                },
                {
                    "begin": 451,
                    "text": "interactions",
                    "end": 463,
                    "id": "s2-t18"
                },
                {
                    "begin": 464,
                    "text": "into",
                    "end": 468,
                    "id": "s2-t19"
                },
                {
                    "begin": 469,
                    "text": "discriminative",
                    "end": 483,
                    "id": "s2-t20"
                },
                {
                    "begin": 484,
                    "text": "log-linear",
                    "end": 494,
                    "id": "s2-t21"
                },
                {
                    "begin": 495,
                    "text": "models",
                    "end": 501,
                    "id": "s2-t22"
                },
                {
                    "begin": 501,
                    "text": ".",
                    "end": 502,
                    "id": "s2-t23"
                }
            ],
            "id": "s2"
        },
        {
            "begin": 502,
            "text": " This system achieves an error reduction of 22% on all arguments and 32% on core arguments over a state-of-the art independent classifier for gold-standard parse trees on PropBank.",
            "end": 682,
            "tokens": [
                {
                    "begin": 503,
                    "text": "This",
                    "end": 507,
                    "id": "s3-t0"
                },
                {
                    "begin": 508,
                    "text": "system",
                    "end": 514,
                    "id": "s3-t1"
                },
                {
                    "begin": 515,
                    "text": "achieves",
                    "end": 523,
                    "id": "s3-t2"
                },
                {
                    "begin": 524,
                    "text": "an",
                    "end": 526,
                    "id": "s3-t3"
                },
                {
                    "begin": 527,
                    "text": "error",
                    "end": 532,
                    "id": "s3-t4"
                },
                {
                    "begin": 533,
                    "text": "reduction",
                    "end": 542,
                    "id": "s3-t5"
                },
                {
                    "begin": 543,
                    "text": "of",
                    "end": 545,
                    "id": "s3-t6"
                },
                {
                    "begin": 546,
                    "text": "22",
                    "end": 548,
                    "id": "s3-t7"
                },
                {
                    "begin": 548,
                    "text": "%",
                    "end": 549,
                    "id": "s3-t8"
                },
                {
                    "begin": 550,
                    "text": "on",
                    "end": 552,
                    "id": "s3-t9"
                },
                {
                    "begin": 553,
                    "text": "all",
                    "end": 556,
                    "id": "s3-t10"
                },
                {
                    "begin": 557,
                    "text": "arguments",
                    "end": 566,
                    "id": "s3-t11"
                },
                {
                    "begin": 567,
                    "text": "and",
                    "end": 570,
                    "id": "s3-t12"
                },
                {
                    "begin": 571,
                    "text": "32",
                    "end": 573,
                    "id": "s3-t13"
                },
                {
                    "begin": 573,
                    "text": "%",
                    "end": 574,
                    "id": "s3-t14"
                },
                {
                    "begin": 575,
                    "text": "on",
                    "end": 577,
                    "id": "s3-t15"
                },
                {
                    "begin": 578,
                    "text": "core",
                    "end": 582,
                    "id": "s3-t16"
                },
                {
                    "begin": 583,
                    "text": "arguments",
                    "end": 592,
                    "id": "s3-t17"
                },
                {
                    "begin": 593,
                    "text": "over",
                    "end": 597,
                    "id": "s3-t18"
                },
                {
                    "begin": 598,
                    "text": "a",
                    "end": 599,
                    "id": "s3-t19"
                },
                {
                    "begin": 600,
                    "text": "state-of-the",
                    "end": 612,
                    "id": "s3-t20"
                },
                {
                    "begin": 613,
                    "text": "art",
                    "end": 616,
                    "id": "s3-t21"
                },
                {
                    "begin": 617,
                    "text": "independent",
                    "end": 628,
                    "id": "s3-t22"
                },
                {
                    "begin": 629,
                    "text": "classifier",
                    "end": 639,
                    "id": "s3-t23"
                },
                {
                    "begin": 640,
                    "text": "for",
                    "end": 643,
                    "id": "s3-t24"
                },
                {
                    "begin": 644,
                    "text": "gold-standard",
                    "end": 657,
                    "id": "s3-t25"
                },
                {
                    "begin": 658,
                    "text": "parse",
                    "end": 663,
                    "id": "s3-t26"
                },
                {
                    "begin": 664,
                    "text": "trees",
                    "end": 669,
                    "id": "s3-t27"
                },
                {
                    "begin": 670,
                    "text": "on",
                    "end": 672,
                    "id": "s3-t28"
                },
                {
                    "begin": 673,
                    "text": "PropBank",
                    "end": 681,
                    "id": "s3-t29"
                },
                {
                    "begin": 681,
                    "text": ".",
                    "end": 682,
                    "id": "s3-t30"
                }
            ],
            "id": "s3"
        }
    ],
    "text": "Despite much recent progress on accurate semantic role labeling, previous work has largely used independent classifiers, possibly combined with separate label sequence models via Viterbi decoding. This stands in stark contrast to the linguistic observation that a core argument frame is a joint structure, with strong dependencies between arguments. We show how to build a joint model of argument frames, incorporating novel features that model these interactions into discriminative log-linear models. This system achieves an error reduction of 22% on all arguments and 32% on core arguments over a state-of-the art independent classifier for gold-standard parse trees on PropBank.",
    "id": "07cdc7d9-b2a2-43bd-bf1c-4afb1a08371f"
}