{
    "mentions": [
        {
            "begin": 33,
            "id": "m0",
            "end": 65,
            "type": "Task",
            "text": "classification of outdoor scenes"
        },
        {
            "begin": 116,
            "id": "m1",
            "end": 140,
            "type": "Method",
            "text": "one-class classification"
        },
        {
            "begin": 145,
            "id": "m2",
            "end": 178,
            "type": "Method",
            "text": "patch-based clustering algorithms"
        },
        {
            "begin": 185,
            "id": "m3",
            "end": 206,
            "type": "Method",
            "text": "one-class classifiers"
        },
        {
            "begin": 241,
            "id": "m4",
            "end": 277,
            "type": "OtherScientificTerm",
            "text": "uniform color and texture properties"
        },
        {
            "begin": 283,
            "id": "m5",
            "end": 304,
            "type": "Method",
            "text": "clustering of patches"
        },
        {
            "begin": 411,
            "id": "m6",
            "end": 435,
            "type": "OtherScientificTerm",
            "text": "codebook of region types"
        },
        {
            "begin": 445,
            "id": "m7",
            "end": 451,
            "type": "Generic",
            "text": "models"
        },
        {
            "begin": 472,
            "id": "m8",
            "end": 492,
            "type": "Method",
            "text": "scene representation"
        },
        {
            "begin": 658,
            "id": "m9",
            "end": 679,
            "type": "OtherScientificTerm",
            "text": "spatial relationships"
        },
        {
            "begin": 734,
            "id": "m10",
            "end": 754,
            "type": "Task",
            "text": "scene classification"
        },
        {
            "begin": 769,
            "id": "m11",
            "end": 789,
            "type": "Method",
            "text": "Bayesian classifiers"
        },
        {
            "begin": 815,
            "id": "m12",
            "end": 841,
            "type": "Method",
            "text": "region selection algorithm"
        },
        {
            "begin": 1049,
            "id": "m13",
            "end": 1065,
            "type": "Material",
            "text": "LabelMe data set"
        },
        {
            "begin": 1091,
            "id": "m14",
            "end": 1097,
            "type": "Generic",
            "text": "models"
        },
        {
            "begin": 1126,
            "id": "m15",
            "end": 1164,
            "type": "Method",
            "text": "baseline global feature-based approach"
        }
    ],
    "relations": [
        {
            "args": [
                "m2",
                "m1"
            ],
            "type": "CONJUNCTION",
            "id": "r0"
        },
        {
            "args": [
                "m4",
                "m3"
            ],
            "type": "USED-FOR",
            "id": "r1"
        },
        {
            "args": [
                "m7",
                "m8"
            ],
            "type": "USED-FOR",
            "id": "r2"
        },
        {
            "args": [
                "m11",
                "m10"
            ],
            "type": "USED-FOR",
            "id": "r3"
        },
        {
            "args": [
                "m13",
                "m14"
            ],
            "type": "EVALUATE-FOR",
            "id": "r4"
        },
        {
            "args": [
                "m13",
                "m15"
            ],
            "type": "EVALUATE-FOR",
            "id": "r5"
        },
        {
            "args": [
                "m14",
                "m15"
            ],
            "type": "COMPARE",
            "id": "r6"
        }
    ],
    "sentences": [
        {
            "begin": 0,
            "text": "This paper describes our work on classification of outdoor scenes.",
            "end": 66,
            "tokens": [
                {
                    "begin": 0,
                    "text": "This",
                    "end": 4,
                    "id": "s0-t0"
                },
                {
                    "begin": 5,
                    "text": "paper",
                    "end": 10,
                    "id": "s0-t1"
                },
                {
                    "begin": 11,
                    "text": "describes",
                    "end": 20,
                    "id": "s0-t2"
                },
                {
                    "begin": 21,
                    "text": "our",
                    "end": 24,
                    "id": "s0-t3"
                },
                {
                    "begin": 25,
                    "text": "work",
                    "end": 29,
                    "id": "s0-t4"
                },
                {
                    "begin": 30,
                    "text": "on",
                    "end": 32,
                    "id": "s0-t5"
                },
                {
                    "begin": 33,
                    "text": "classification",
                    "end": 47,
                    "id": "s0-t6"
                },
                {
                    "begin": 48,
                    "text": "of",
                    "end": 50,
                    "id": "s0-t7"
                },
                {
                    "begin": 51,
                    "text": "outdoor",
                    "end": 58,
                    "id": "s0-t8"
                },
                {
                    "begin": 59,
                    "text": "scenes",
                    "end": 65,
                    "id": "s0-t9"
                },
                {
                    "begin": 65,
                    "text": ".",
                    "end": 66,
                    "id": "s0-t10"
                }
            ],
            "id": "s0"
        },
        {
            "begin": 66,
            "text": " First, images are partitioned into regions using one-class classification and patch-based clustering algorithms where one-class classifiers model the regions with relatively uniform color and texture properties, and clustering of patches aims to detect structures in the remaining regions.",
            "end": 356,
            "tokens": [
                {
                    "begin": 67,
                    "text": "First",
                    "end": 72,
                    "id": "s1-t0"
                },
                {
                    "begin": 72,
                    "text": ",",
                    "end": 73,
                    "id": "s1-t1"
                },
                {
                    "begin": 74,
                    "text": "images",
                    "end": 80,
                    "id": "s1-t2"
                },
                {
                    "begin": 81,
                    "text": "are",
                    "end": 84,
                    "id": "s1-t3"
                },
                {
                    "begin": 85,
                    "text": "partitioned",
                    "end": 96,
                    "id": "s1-t4"
                },
                {
                    "begin": 97,
                    "text": "into",
                    "end": 101,
                    "id": "s1-t5"
                },
                {
                    "begin": 102,
                    "text": "regions",
                    "end": 109,
                    "id": "s1-t6"
                },
                {
                    "begin": 110,
                    "text": "using",
                    "end": 115,
                    "id": "s1-t7"
                },
                {
                    "begin": 116,
                    "text": "one-class",
                    "end": 125,
                    "id": "s1-t8"
                },
                {
                    "begin": 126,
                    "text": "classification",
                    "end": 140,
                    "id": "s1-t9"
                },
                {
                    "begin": 141,
                    "text": "and",
                    "end": 144,
                    "id": "s1-t10"
                },
                {
                    "begin": 145,
                    "text": "patch-based",
                    "end": 156,
                    "id": "s1-t11"
                },
                {
                    "begin": 157,
                    "text": "clustering",
                    "end": 167,
                    "id": "s1-t12"
                },
                {
                    "begin": 168,
                    "text": "algorithms",
                    "end": 178,
                    "id": "s1-t13"
                },
                {
                    "begin": 179,
                    "text": "where",
                    "end": 184,
                    "id": "s1-t14"
                },
                {
                    "begin": 185,
                    "text": "one-class",
                    "end": 194,
                    "id": "s1-t15"
                },
                {
                    "begin": 195,
                    "text": "classifiers",
                    "end": 206,
                    "id": "s1-t16"
                },
                {
                    "begin": 207,
                    "text": "model",
                    "end": 212,
                    "id": "s1-t17"
                },
                {
                    "begin": 213,
                    "text": "the",
                    "end": 216,
                    "id": "s1-t18"
                },
                {
                    "begin": 217,
                    "text": "regions",
                    "end": 224,
                    "id": "s1-t19"
                },
                {
                    "begin": 225,
                    "text": "with",
                    "end": 229,
                    "id": "s1-t20"
                },
                {
                    "begin": 230,
                    "text": "relatively",
                    "end": 240,
                    "id": "s1-t21"
                },
                {
                    "begin": 241,
                    "text": "uniform",
                    "end": 248,
                    "id": "s1-t22"
                },
                {
                    "begin": 249,
                    "text": "color",
                    "end": 254,
                    "id": "s1-t23"
                },
                {
                    "begin": 255,
                    "text": "and",
                    "end": 258,
                    "id": "s1-t24"
                },
                {
                    "begin": 259,
                    "text": "texture",
                    "end": 266,
                    "id": "s1-t25"
                },
                {
                    "begin": 267,
                    "text": "properties",
                    "end": 277,
                    "id": "s1-t26"
                },
                {
                    "begin": 277,
                    "text": ",",
                    "end": 278,
                    "id": "s1-t27"
                },
                {
                    "begin": 279,
                    "text": "and",
                    "end": 282,
                    "id": "s1-t28"
                },
                {
                    "begin": 283,
                    "text": "clustering",
                    "end": 293,
                    "id": "s1-t29"
                },
                {
                    "begin": 294,
                    "text": "of",
                    "end": 296,
                    "id": "s1-t30"
                },
                {
                    "begin": 297,
                    "text": "patches",
                    "end": 304,
                    "id": "s1-t31"
                },
                {
                    "begin": 305,
                    "text": "aims",
                    "end": 309,
                    "id": "s1-t32"
                },
                {
                    "begin": 310,
                    "text": "to",
                    "end": 312,
                    "id": "s1-t33"
                },
                {
                    "begin": 313,
                    "text": "detect",
                    "end": 319,
                    "id": "s1-t34"
                },
                {
                    "begin": 320,
                    "text": "structures",
                    "end": 330,
                    "id": "s1-t35"
                },
                {
                    "begin": 331,
                    "text": "in",
                    "end": 333,
                    "id": "s1-t36"
                },
                {
                    "begin": 334,
                    "text": "the",
                    "end": 337,
                    "id": "s1-t37"
                },
                {
                    "begin": 338,
                    "text": "remaining",
                    "end": 347,
                    "id": "s1-t38"
                },
                {
                    "begin": 348,
                    "text": "regions",
                    "end": 355,
                    "id": "s1-t39"
                },
                {
                    "begin": 355,
                    "text": ".",
                    "end": 356,
                    "id": "s1-t40"
                }
            ],
            "id": "s1"
        },
        {
            "begin": 356,
            "text": " Next, the resulting regions are clustered to obtain a codebook of region types, and two models are constructed for scene representation: a'' bag of individual regions'' representation where each region is regarded separately, and a'' bag of region pairs'' representation where regions with particular spatial relationships are considered together.",
            "end": 704,
            "tokens": [
                {
                    "begin": 357,
                    "text": "Next",
                    "end": 361,
                    "id": "s2-t0"
                },
                {
                    "begin": 361,
                    "text": ",",
                    "end": 362,
                    "id": "s2-t1"
                },
                {
                    "begin": 363,
                    "text": "the",
                    "end": 366,
                    "id": "s2-t2"
                },
                {
                    "begin": 367,
                    "text": "resulting",
                    "end": 376,
                    "id": "s2-t3"
                },
                {
                    "begin": 377,
                    "text": "regions",
                    "end": 384,
                    "id": "s2-t4"
                },
                {
                    "begin": 385,
                    "text": "are",
                    "end": 388,
                    "id": "s2-t5"
                },
                {
                    "begin": 389,
                    "text": "clustered",
                    "end": 398,
                    "id": "s2-t6"
                },
                {
                    "begin": 399,
                    "text": "to",
                    "end": 401,
                    "id": "s2-t7"
                },
                {
                    "begin": 402,
                    "text": "obtain",
                    "end": 408,
                    "id": "s2-t8"
                },
                {
                    "begin": 409,
                    "text": "a",
                    "end": 410,
                    "id": "s2-t9"
                },
                {
                    "begin": 411,
                    "text": "codebook",
                    "end": 419,
                    "id": "s2-t10"
                },
                {
                    "begin": 420,
                    "text": "of",
                    "end": 422,
                    "id": "s2-t11"
                },
                {
                    "begin": 423,
                    "text": "region",
                    "end": 429,
                    "id": "s2-t12"
                },
                {
                    "begin": 430,
                    "text": "types",
                    "end": 435,
                    "id": "s2-t13"
                },
                {
                    "begin": 435,
                    "text": ",",
                    "end": 436,
                    "id": "s2-t14"
                },
                {
                    "begin": 437,
                    "text": "and",
                    "end": 440,
                    "id": "s2-t15"
                },
                {
                    "begin": 441,
                    "text": "two",
                    "end": 444,
                    "id": "s2-t16"
                },
                {
                    "begin": 445,
                    "text": "models",
                    "end": 451,
                    "id": "s2-t17"
                },
                {
                    "begin": 452,
                    "text": "are",
                    "end": 455,
                    "id": "s2-t18"
                },
                {
                    "begin": 456,
                    "text": "constructed",
                    "end": 467,
                    "id": "s2-t19"
                },
                {
                    "begin": 468,
                    "text": "for",
                    "end": 471,
                    "id": "s2-t20"
                },
                {
                    "begin": 472,
                    "text": "scene",
                    "end": 477,
                    "id": "s2-t21"
                },
                {
                    "begin": 478,
                    "text": "representation",
                    "end": 492,
                    "id": "s2-t22"
                },
                {
                    "begin": 492,
                    "text": ":",
                    "end": 493,
                    "id": "s2-t23"
                },
                {
                    "begin": 494,
                    "text": "a",
                    "end": 495,
                    "id": "s2-t24"
                },
                {
                    "begin": 495,
                    "text": "''",
                    "end": 497,
                    "id": "s2-t25"
                },
                {
                    "begin": 498,
                    "text": "bag",
                    "end": 501,
                    "id": "s2-t26"
                },
                {
                    "begin": 502,
                    "text": "of",
                    "end": 504,
                    "id": "s2-t27"
                },
                {
                    "begin": 505,
                    "text": "individual",
                    "end": 515,
                    "id": "s2-t28"
                },
                {
                    "begin": 516,
                    "text": "regions",
                    "end": 523,
                    "id": "s2-t29"
                },
                {
                    "begin": 523,
                    "text": "''",
                    "end": 525,
                    "id": "s2-t30"
                },
                {
                    "begin": 526,
                    "text": "representation",
                    "end": 540,
                    "id": "s2-t31"
                },
                {
                    "begin": 541,
                    "text": "where",
                    "end": 546,
                    "id": "s2-t32"
                },
                {
                    "begin": 547,
                    "text": "each",
                    "end": 551,
                    "id": "s2-t33"
                },
                {
                    "begin": 552,
                    "text": "region",
                    "end": 558,
                    "id": "s2-t34"
                },
                {
                    "begin": 559,
                    "text": "is",
                    "end": 561,
                    "id": "s2-t35"
                },
                {
                    "begin": 562,
                    "text": "regarded",
                    "end": 570,
                    "id": "s2-t36"
                },
                {
                    "begin": 571,
                    "text": "separately",
                    "end": 581,
                    "id": "s2-t37"
                },
                {
                    "begin": 581,
                    "text": ",",
                    "end": 582,
                    "id": "s2-t38"
                },
                {
                    "begin": 583,
                    "text": "and",
                    "end": 586,
                    "id": "s2-t39"
                },
                {
                    "begin": 587,
                    "text": "a",
                    "end": 588,
                    "id": "s2-t40"
                },
                {
                    "begin": 588,
                    "text": "''",
                    "end": 590,
                    "id": "s2-t41"
                },
                {
                    "begin": 591,
                    "text": "bag",
                    "end": 594,
                    "id": "s2-t42"
                },
                {
                    "begin": 595,
                    "text": "of",
                    "end": 597,
                    "id": "s2-t43"
                },
                {
                    "begin": 598,
                    "text": "region",
                    "end": 604,
                    "id": "s2-t44"
                },
                {
                    "begin": 605,
                    "text": "pairs",
                    "end": 610,
                    "id": "s2-t45"
                },
                {
                    "begin": 610,
                    "text": "''",
                    "end": 612,
                    "id": "s2-t46"
                },
                {
                    "begin": 613,
                    "text": "representation",
                    "end": 627,
                    "id": "s2-t47"
                },
                {
                    "begin": 628,
                    "text": "where",
                    "end": 633,
                    "id": "s2-t48"
                },
                {
                    "begin": 634,
                    "text": "regions",
                    "end": 641,
                    "id": "s2-t49"
                },
                {
                    "begin": 642,
                    "text": "with",
                    "end": 646,
                    "id": "s2-t50"
                },
                {
                    "begin": 647,
                    "text": "particular",
                    "end": 657,
                    "id": "s2-t51"
                },
                {
                    "begin": 658,
                    "text": "spatial",
                    "end": 665,
                    "id": "s2-t52"
                },
                {
                    "begin": 666,
                    "text": "relationships",
                    "end": 679,
                    "id": "s2-t53"
                },
                {
                    "begin": 680,
                    "text": "are",
                    "end": 683,
                    "id": "s2-t54"
                },
                {
                    "begin": 684,
                    "text": "considered",
                    "end": 694,
                    "id": "s2-t55"
                },
                {
                    "begin": 695,
                    "text": "together",
                    "end": 703,
                    "id": "s2-t56"
                },
                {
                    "begin": 703,
                    "text": ".",
                    "end": 704,
                    "id": "s2-t57"
                }
            ],
            "id": "s2"
        },
        {
            "begin": 704,
            "text": " Given these representations, scene classification is done using Bayesian classifiers.",
            "end": 790,
            "tokens": [
                {
                    "begin": 705,
                    "text": "Given",
                    "end": 710,
                    "id": "s3-t0"
                },
                {
                    "begin": 711,
                    "text": "these",
                    "end": 716,
                    "id": "s3-t1"
                },
                {
                    "begin": 717,
                    "text": "representations",
                    "end": 732,
                    "id": "s3-t2"
                },
                {
                    "begin": 732,
                    "text": ",",
                    "end": 733,
                    "id": "s3-t3"
                },
                {
                    "begin": 734,
                    "text": "scene",
                    "end": 739,
                    "id": "s3-t4"
                },
                {
                    "begin": 740,
                    "text": "classification",
                    "end": 754,
                    "id": "s3-t5"
                },
                {
                    "begin": 755,
                    "text": "is",
                    "end": 757,
                    "id": "s3-t6"
                },
                {
                    "begin": 758,
                    "text": "done",
                    "end": 762,
                    "id": "s3-t7"
                },
                {
                    "begin": 763,
                    "text": "using",
                    "end": 768,
                    "id": "s3-t8"
                },
                {
                    "begin": 769,
                    "text": "Bayesian",
                    "end": 777,
                    "id": "s3-t9"
                },
                {
                    "begin": 778,
                    "text": "classifiers",
                    "end": 789,
                    "id": "s3-t10"
                },
                {
                    "begin": 789,
                    "text": ".",
                    "end": 790,
                    "id": "s3-t11"
                }
            ],
            "id": "s3"
        },
        {
            "begin": 790,
            "text": " We also propose a novel region selection algorithm that identifies region types that are frequently found in a particular class of scenes but rarely exist in other classes, and also consistently occur together in the same class of scenes.",
            "end": 1029,
            "tokens": [
                {
                    "begin": 791,
                    "text": "We",
                    "end": 793,
                    "id": "s4-t0"
                },
                {
                    "begin": 794,
                    "text": "also",
                    "end": 798,
                    "id": "s4-t1"
                },
                {
                    "begin": 799,
                    "text": "propose",
                    "end": 806,
                    "id": "s4-t2"
                },
                {
                    "begin": 807,
                    "text": "a",
                    "end": 808,
                    "id": "s4-t3"
                },
                {
                    "begin": 809,
                    "text": "novel",
                    "end": 814,
                    "id": "s4-t4"
                },
                {
                    "begin": 815,
                    "text": "region",
                    "end": 821,
                    "id": "s4-t5"
                },
                {
                    "begin": 822,
                    "text": "selection",
                    "end": 831,
                    "id": "s4-t6"
                },
                {
                    "begin": 832,
                    "text": "algorithm",
                    "end": 841,
                    "id": "s4-t7"
                },
                {
                    "begin": 842,
                    "text": "that",
                    "end": 846,
                    "id": "s4-t8"
                },
                {
                    "begin": 847,
                    "text": "identifies",
                    "end": 857,
                    "id": "s4-t9"
                },
                {
                    "begin": 858,
                    "text": "region",
                    "end": 864,
                    "id": "s4-t10"
                },
                {
                    "begin": 865,
                    "text": "types",
                    "end": 870,
                    "id": "s4-t11"
                },
                {
                    "begin": 871,
                    "text": "that",
                    "end": 875,
                    "id": "s4-t12"
                },
                {
                    "begin": 876,
                    "text": "are",
                    "end": 879,
                    "id": "s4-t13"
                },
                {
                    "begin": 880,
                    "text": "frequently",
                    "end": 890,
                    "id": "s4-t14"
                },
                {
                    "begin": 891,
                    "text": "found",
                    "end": 896,
                    "id": "s4-t15"
                },
                {
                    "begin": 897,
                    "text": "in",
                    "end": 899,
                    "id": "s4-t16"
                },
                {
                    "begin": 900,
                    "text": "a",
                    "end": 901,
                    "id": "s4-t17"
                },
                {
                    "begin": 902,
                    "text": "particular",
                    "end": 912,
                    "id": "s4-t18"
                },
                {
                    "begin": 913,
                    "text": "class",
                    "end": 918,
                    "id": "s4-t19"
                },
                {
                    "begin": 919,
                    "text": "of",
                    "end": 921,
                    "id": "s4-t20"
                },
                {
                    "begin": 922,
                    "text": "scenes",
                    "end": 928,
                    "id": "s4-t21"
                },
                {
                    "begin": 929,
                    "text": "but",
                    "end": 932,
                    "id": "s4-t22"
                },
                {
                    "begin": 933,
                    "text": "rarely",
                    "end": 939,
                    "id": "s4-t23"
                },
                {
                    "begin": 940,
                    "text": "exist",
                    "end": 945,
                    "id": "s4-t24"
                },
                {
                    "begin": 946,
                    "text": "in",
                    "end": 948,
                    "id": "s4-t25"
                },
                {
                    "begin": 949,
                    "text": "other",
                    "end": 954,
                    "id": "s4-t26"
                },
                {
                    "begin": 955,
                    "text": "classes",
                    "end": 962,
                    "id": "s4-t27"
                },
                {
                    "begin": 962,
                    "text": ",",
                    "end": 963,
                    "id": "s4-t28"
                },
                {
                    "begin": 964,
                    "text": "and",
                    "end": 967,
                    "id": "s4-t29"
                },
                {
                    "begin": 968,
                    "text": "also",
                    "end": 972,
                    "id": "s4-t30"
                },
                {
                    "begin": 973,
                    "text": "consistently",
                    "end": 985,
                    "id": "s4-t31"
                },
                {
                    "begin": 986,
                    "text": "occur",
                    "end": 991,
                    "id": "s4-t32"
                },
                {
                    "begin": 992,
                    "text": "together",
                    "end": 1000,
                    "id": "s4-t33"
                },
                {
                    "begin": 1001,
                    "text": "in",
                    "end": 1003,
                    "id": "s4-t34"
                },
                {
                    "begin": 1004,
                    "text": "the",
                    "end": 1007,
                    "id": "s4-t35"
                },
                {
                    "begin": 1008,
                    "text": "same",
                    "end": 1012,
                    "id": "s4-t36"
                },
                {
                    "begin": 1013,
                    "text": "class",
                    "end": 1018,
                    "id": "s4-t37"
                },
                {
                    "begin": 1019,
                    "text": "of",
                    "end": 1021,
                    "id": "s4-t38"
                },
                {
                    "begin": 1022,
                    "text": "scenes",
                    "end": 1028,
                    "id": "s4-t39"
                },
                {
                    "begin": 1028,
                    "text": ".",
                    "end": 1029,
                    "id": "s4-t40"
                }
            ],
            "id": "s4"
        },
        {
            "begin": 1029,
            "text": " Experiments on the LabelMe data set showed that the proposed models significantly out-perform a baseline global feature-based approach.",
            "end": 1165,
            "tokens": [
                {
                    "begin": 1030,
                    "text": "Experiments",
                    "end": 1041,
                    "id": "s5-t0"
                },
                {
                    "begin": 1042,
                    "text": "on",
                    "end": 1044,
                    "id": "s5-t1"
                },
                {
                    "begin": 1045,
                    "text": "the",
                    "end": 1048,
                    "id": "s5-t2"
                },
                {
                    "begin": 1049,
                    "text": "LabelMe",
                    "end": 1056,
                    "id": "s5-t3"
                },
                {
                    "begin": 1057,
                    "text": "data",
                    "end": 1061,
                    "id": "s5-t4"
                },
                {
                    "begin": 1062,
                    "text": "set",
                    "end": 1065,
                    "id": "s5-t5"
                },
                {
                    "begin": 1066,
                    "text": "showed",
                    "end": 1072,
                    "id": "s5-t6"
                },
                {
                    "begin": 1073,
                    "text": "that",
                    "end": 1077,
                    "id": "s5-t7"
                },
                {
                    "begin": 1078,
                    "text": "the",
                    "end": 1081,
                    "id": "s5-t8"
                },
                {
                    "begin": 1082,
                    "text": "proposed",
                    "end": 1090,
                    "id": "s5-t9"
                },
                {
                    "begin": 1091,
                    "text": "models",
                    "end": 1097,
                    "id": "s5-t10"
                },
                {
                    "begin": 1098,
                    "text": "significantly",
                    "end": 1111,
                    "id": "s5-t11"
                },
                {
                    "begin": 1112,
                    "text": "out-perform",
                    "end": 1123,
                    "id": "s5-t12"
                },
                {
                    "begin": 1124,
                    "text": "a",
                    "end": 1125,
                    "id": "s5-t13"
                },
                {
                    "begin": 1126,
                    "text": "baseline",
                    "end": 1134,
                    "id": "s5-t14"
                },
                {
                    "begin": 1135,
                    "text": "global",
                    "end": 1141,
                    "id": "s5-t15"
                },
                {
                    "begin": 1142,
                    "text": "feature-based",
                    "end": 1155,
                    "id": "s5-t16"
                },
                {
                    "begin": 1156,
                    "text": "approach",
                    "end": 1164,
                    "id": "s5-t17"
                },
                {
                    "begin": 1164,
                    "text": ".",
                    "end": 1165,
                    "id": "s5-t18"
                }
            ],
            "id": "s5"
        }
    ],
    "text": "This paper describes our work on classification of outdoor scenes. First, images are partitioned into regions using one-class classification and patch-based clustering algorithms where one-class classifiers model the regions with relatively uniform color and texture properties, and clustering of patches aims to detect structures in the remaining regions. Next, the resulting regions are clustered to obtain a codebook of region types, and two models are constructed for scene representation: a'' bag of individual regions'' representation where each region is regarded separately, and a'' bag of region pairs'' representation where regions with particular spatial relationships are considered together. Given these representations, scene classification is done using Bayesian classifiers. We also propose a novel region selection algorithm that identifies region types that are frequently found in a particular class of scenes but rarely exist in other classes, and also consistently occur together in the same class of scenes. Experiments on the LabelMe data set showed that the proposed models significantly out-perform a baseline global feature-based approach.",
    "id": "039f70fc-7082-41e5-90a6-afe2be9e80e7"
}