{
    "mentions": [
        {
            "begin": 36,
            "id": "m0",
            "end": 86,
            "type": "Task",
            "text": "reconstructing the motion of a 3D articulated tree"
        },
        {
            "begin": 92,
            "id": "m1",
            "end": 116,
            "type": "OtherScientificTerm",
            "text": "2D point correspondences"
        },
        {
            "begin": 133,
            "id": "m2",
            "end": 147,
            "type": "OtherScientificTerm",
            "text": "temporal prior"
        },
        {
            "begin": 159,
            "id": "m3",
            "end": 172,
            "type": "OtherScientificTerm",
            "text": "smooth motion"
        },
        {
            "begin": 201,
            "id": "m4",
            "end": 217,
            "type": "OtherScientificTerm",
            "text": "trajectory basis"
        },
        {
            "begin": 230,
            "id": "m5",
            "end": 256,
            "type": "Task",
            "text": "hard combinatorial problem"
        },
        {
            "begin": 262,
            "id": "m6",
            "end": 277,
            "type": "Metric",
            "text": "time complexity"
        },
        {
            "begin": 325,
            "id": "m7",
            "end": 352,
            "type": "Method",
            "text": "Branch and bound strategies"
        },
        {
            "begin": 392,
            "id": "m8",
            "end": 402,
            "type": "Generic",
            "text": "complexity"
        },
        {
            "begin": 422,
            "id": "m9",
            "end": 439,
            "type": "OtherScientificTerm",
            "text": "global optimality"
        },
        {
            "begin": 450,
            "id": "m10",
            "end": 454,
            "type": "Generic",
            "text": "they"
        },
        {
            "begin": 505,
            "id": "m11",
            "end": 522,
            "type": "Method",
            "text": "exhaustive search"
        },
        {
            "begin": 594,
            "id": "m12",
            "end": 619,
            "type": "Method",
            "text": "compact high-pass filters"
        },
        {
            "begin": 634,
            "id": "m13",
            "end": 662,
            "type": "Method",
            "text": "dynamic programming approach"
        },
        {
            "begin": 755,
            "id": "m14",
            "end": 774,
            "type": "OtherScientificTerm",
            "text": "filter interactions"
        },
        {
            "begin": 789,
            "id": "m15",
            "end": 806,
            "type": "Method",
            "text": "affine projection"
        },
        {
            "begin": 815,
            "id": "m16",
            "end": 829,
            "type": "Task",
            "text": "reconstruction"
        },
        {
            "begin": 838,
            "id": "m17",
            "end": 856,
            "type": "Method",
            "text": "estimating cameras"
        }
    ],
    "relations": [
        {
            "args": [
                "m1",
                "m0"
            ],
            "type": "USED-FOR",
            "id": "r0"
        },
        {
            "args": [
                "m4",
                "m3"
            ],
            "type": "USED-FOR",
            "id": "r1"
        },
        {
            "args": [
                "m6",
                "m5"
            ],
            "type": "EVALUATE-FOR",
            "id": "r2"
        },
        {
            "args": [
                "m7",
                "m8"
            ],
            "type": "USED-FOR",
            "id": "r3"
        },
        {
            "args": [
                "m9",
                "m7"
            ],
            "type": "FEATURE-OF",
            "id": "r4"
        },
        {
            "args": [
                "m10",
                "m11"
            ],
            "type": "COMPARE",
            "id": "r5"
        },
        {
            "args": [
                "m15",
                "m16"
            ],
            "type": "USED-FOR",
            "id": "r6"
        }
    ],
    "sentences": [
        {
            "begin": 0,
            "text": "This paper considers the problem of reconstructing the motion of a 3D articulated tree from 2D point correspondences subject to some temporal prior.",
            "end": 148,
            "tokens": [
                {
                    "begin": 0,
                    "text": "This",
                    "end": 4,
                    "id": "s0-t0"
                },
                {
                    "begin": 5,
                    "text": "paper",
                    "end": 10,
                    "id": "s0-t1"
                },
                {
                    "begin": 11,
                    "text": "considers",
                    "end": 20,
                    "id": "s0-t2"
                },
                {
                    "begin": 21,
                    "text": "the",
                    "end": 24,
                    "id": "s0-t3"
                },
                {
                    "begin": 25,
                    "text": "problem",
                    "end": 32,
                    "id": "s0-t4"
                },
                {
                    "begin": 33,
                    "text": "of",
                    "end": 35,
                    "id": "s0-t5"
                },
                {
                    "begin": 36,
                    "text": "reconstructing",
                    "end": 50,
                    "id": "s0-t6"
                },
                {
                    "begin": 51,
                    "text": "the",
                    "end": 54,
                    "id": "s0-t7"
                },
                {
                    "begin": 55,
                    "text": "motion",
                    "end": 61,
                    "id": "s0-t8"
                },
                {
                    "begin": 62,
                    "text": "of",
                    "end": 64,
                    "id": "s0-t9"
                },
                {
                    "begin": 65,
                    "text": "a",
                    "end": 66,
                    "id": "s0-t10"
                },
                {
                    "begin": 67,
                    "text": "3D",
                    "end": 69,
                    "id": "s0-t11"
                },
                {
                    "begin": 70,
                    "text": "articulated",
                    "end": 81,
                    "id": "s0-t12"
                },
                {
                    "begin": 82,
                    "text": "tree",
                    "end": 86,
                    "id": "s0-t13"
                },
                {
                    "begin": 87,
                    "text": "from",
                    "end": 91,
                    "id": "s0-t14"
                },
                {
                    "begin": 92,
                    "text": "2D",
                    "end": 94,
                    "id": "s0-t15"
                },
                {
                    "begin": 95,
                    "text": "point",
                    "end": 100,
                    "id": "s0-t16"
                },
                {
                    "begin": 101,
                    "text": "correspondences",
                    "end": 116,
                    "id": "s0-t17"
                },
                {
                    "begin": 117,
                    "text": "subject",
                    "end": 124,
                    "id": "s0-t18"
                },
                {
                    "begin": 125,
                    "text": "to",
                    "end": 127,
                    "id": "s0-t19"
                },
                {
                    "begin": 128,
                    "text": "some",
                    "end": 132,
                    "id": "s0-t20"
                },
                {
                    "begin": 133,
                    "text": "temporal",
                    "end": 141,
                    "id": "s0-t21"
                },
                {
                    "begin": 142,
                    "text": "prior",
                    "end": 147,
                    "id": "s0-t22"
                },
                {
                    "begin": 147,
                    "text": ".",
                    "end": 148,
                    "id": "s0-t23"
                }
            ],
            "id": "s0"
        },
        {
            "begin": 148,
            "text": " Hitherto, smooth motion has been encouraged using a trajectory basis, yielding a hard combinatorial problem with time complexity growing exponentially in the number of frames.",
            "end": 324,
            "tokens": [
                {
                    "begin": 149,
                    "text": "Hitherto",
                    "end": 157,
                    "id": "s1-t0"
                },
                {
                    "begin": 157,
                    "text": ",",
                    "end": 158,
                    "id": "s1-t1"
                },
                {
                    "begin": 159,
                    "text": "smooth",
                    "end": 165,
                    "id": "s1-t2"
                },
                {
                    "begin": 166,
                    "text": "motion",
                    "end": 172,
                    "id": "s1-t3"
                },
                {
                    "begin": 173,
                    "text": "has",
                    "end": 176,
                    "id": "s1-t4"
                },
                {
                    "begin": 177,
                    "text": "been",
                    "end": 181,
                    "id": "s1-t5"
                },
                {
                    "begin": 182,
                    "text": "encouraged",
                    "end": 192,
                    "id": "s1-t6"
                },
                {
                    "begin": 193,
                    "text": "using",
                    "end": 198,
                    "id": "s1-t7"
                },
                {
                    "begin": 199,
                    "text": "a",
                    "end": 200,
                    "id": "s1-t8"
                },
                {
                    "begin": 201,
                    "text": "trajectory",
                    "end": 211,
                    "id": "s1-t9"
                },
                {
                    "begin": 212,
                    "text": "basis",
                    "end": 217,
                    "id": "s1-t10"
                },
                {
                    "begin": 217,
                    "text": ",",
                    "end": 218,
                    "id": "s1-t11"
                },
                {
                    "begin": 219,
                    "text": "yielding",
                    "end": 227,
                    "id": "s1-t12"
                },
                {
                    "begin": 228,
                    "text": "a",
                    "end": 229,
                    "id": "s1-t13"
                },
                {
                    "begin": 230,
                    "text": "hard",
                    "end": 234,
                    "id": "s1-t14"
                },
                {
                    "begin": 235,
                    "text": "combinatorial",
                    "end": 248,
                    "id": "s1-t15"
                },
                {
                    "begin": 249,
                    "text": "problem",
                    "end": 256,
                    "id": "s1-t16"
                },
                {
                    "begin": 257,
                    "text": "with",
                    "end": 261,
                    "id": "s1-t17"
                },
                {
                    "begin": 262,
                    "text": "time",
                    "end": 266,
                    "id": "s1-t18"
                },
                {
                    "begin": 267,
                    "text": "complexity",
                    "end": 277,
                    "id": "s1-t19"
                },
                {
                    "begin": 278,
                    "text": "growing",
                    "end": 285,
                    "id": "s1-t20"
                },
                {
                    "begin": 286,
                    "text": "exponentially",
                    "end": 299,
                    "id": "s1-t21"
                },
                {
                    "begin": 300,
                    "text": "in",
                    "end": 302,
                    "id": "s1-t22"
                },
                {
                    "begin": 303,
                    "text": "the",
                    "end": 306,
                    "id": "s1-t23"
                },
                {
                    "begin": 307,
                    "text": "number",
                    "end": 313,
                    "id": "s1-t24"
                },
                {
                    "begin": 314,
                    "text": "of",
                    "end": 316,
                    "id": "s1-t25"
                },
                {
                    "begin": 317,
                    "text": "frames",
                    "end": 323,
                    "id": "s1-t26"
                },
                {
                    "begin": 323,
                    "text": ".",
                    "end": 324,
                    "id": "s1-t27"
                }
            ],
            "id": "s1"
        },
        {
            "begin": 324,
            "text": " Branch and bound strategies have previously attempted to curb this complexity whilst maintaining global optimality.",
            "end": 440,
            "tokens": [
                {
                    "begin": 325,
                    "text": "Branch",
                    "end": 331,
                    "id": "s2-t0"
                },
                {
                    "begin": 332,
                    "text": "and",
                    "end": 335,
                    "id": "s2-t1"
                },
                {
                    "begin": 336,
                    "text": "bound",
                    "end": 341,
                    "id": "s2-t2"
                },
                {
                    "begin": 342,
                    "text": "strategies",
                    "end": 352,
                    "id": "s2-t3"
                },
                {
                    "begin": 353,
                    "text": "have",
                    "end": 357,
                    "id": "s2-t4"
                },
                {
                    "begin": 358,
                    "text": "previously",
                    "end": 368,
                    "id": "s2-t5"
                },
                {
                    "begin": 369,
                    "text": "attempted",
                    "end": 378,
                    "id": "s2-t6"
                },
                {
                    "begin": 379,
                    "text": "to",
                    "end": 381,
                    "id": "s2-t7"
                },
                {
                    "begin": 382,
                    "text": "curb",
                    "end": 386,
                    "id": "s2-t8"
                },
                {
                    "begin": 387,
                    "text": "this",
                    "end": 391,
                    "id": "s2-t9"
                },
                {
                    "begin": 392,
                    "text": "complexity",
                    "end": 402,
                    "id": "s2-t10"
                },
                {
                    "begin": 403,
                    "text": "whilst",
                    "end": 409,
                    "id": "s2-t11"
                },
                {
                    "begin": 410,
                    "text": "maintaining",
                    "end": 421,
                    "id": "s2-t12"
                },
                {
                    "begin": 422,
                    "text": "global",
                    "end": 428,
                    "id": "s2-t13"
                },
                {
                    "begin": 429,
                    "text": "optimality",
                    "end": 439,
                    "id": "s2-t14"
                },
                {
                    "begin": 439,
                    "text": ".",
                    "end": 440,
                    "id": "s2-t15"
                }
            ],
            "id": "s2"
        },
        {
            "begin": 440,
            "text": " However, they provide no guarantee of being more efficient than exhaustive search.",
            "end": 523,
            "tokens": [
                {
                    "begin": 441,
                    "text": "However",
                    "end": 448,
                    "id": "s3-t0"
                },
                {
                    "begin": 448,
                    "text": ",",
                    "end": 449,
                    "id": "s3-t1"
                },
                {
                    "begin": 450,
                    "text": "they",
                    "end": 454,
                    "id": "s3-t2"
                },
                {
                    "begin": 455,
                    "text": "provide",
                    "end": 462,
                    "id": "s3-t3"
                },
                {
                    "begin": 463,
                    "text": "no",
                    "end": 465,
                    "id": "s3-t4"
                },
                {
                    "begin": 466,
                    "text": "guarantee",
                    "end": 475,
                    "id": "s3-t5"
                },
                {
                    "begin": 476,
                    "text": "of",
                    "end": 478,
                    "id": "s3-t6"
                },
                {
                    "begin": 479,
                    "text": "being",
                    "end": 484,
                    "id": "s3-t7"
                },
                {
                    "begin": 485,
                    "text": "more",
                    "end": 489,
                    "id": "s3-t8"
                },
                {
                    "begin": 490,
                    "text": "efficient",
                    "end": 499,
                    "id": "s3-t9"
                },
                {
                    "begin": 500,
                    "text": "than",
                    "end": 504,
                    "id": "s3-t10"
                },
                {
                    "begin": 505,
                    "text": "exhaustive",
                    "end": 515,
                    "id": "s3-t11"
                },
                {
                    "begin": 516,
                    "text": "search",
                    "end": 522,
                    "id": "s3-t12"
                },
                {
                    "begin": 522,
                    "text": ".",
                    "end": 523,
                    "id": "s3-t13"
                }
            ],
            "id": "s3"
        },
        {
            "begin": 523,
            "text": " Inspired by recent work which reconstructs general trajectories using compact high-pass filters, we develop a dynamic programming approach which scales linearly in the number of frames, leveraging the intrinsically local nature of filter interactions.",
            "end": 775,
            "tokens": [
                {
                    "begin": 524,
                    "text": "Inspired",
                    "end": 532,
                    "id": "s4-t0"
                },
                {
                    "begin": 533,
                    "text": "by",
                    "end": 535,
                    "id": "s4-t1"
                },
                {
                    "begin": 536,
                    "text": "recent",
                    "end": 542,
                    "id": "s4-t2"
                },
                {
                    "begin": 543,
                    "text": "work",
                    "end": 547,
                    "id": "s4-t3"
                },
                {
                    "begin": 548,
                    "text": "which",
                    "end": 553,
                    "id": "s4-t4"
                },
                {
                    "begin": 554,
                    "text": "reconstructs",
                    "end": 566,
                    "id": "s4-t5"
                },
                {
                    "begin": 567,
                    "text": "general",
                    "end": 574,
                    "id": "s4-t6"
                },
                {
                    "begin": 575,
                    "text": "trajectories",
                    "end": 587,
                    "id": "s4-t7"
                },
                {
                    "begin": 588,
                    "text": "using",
                    "end": 593,
                    "id": "s4-t8"
                },
                {
                    "begin": 594,
                    "text": "compact",
                    "end": 601,
                    "id": "s4-t9"
                },
                {
                    "begin": 602,
                    "text": "high-pass",
                    "end": 611,
                    "id": "s4-t10"
                },
                {
                    "begin": 612,
                    "text": "filters",
                    "end": 619,
                    "id": "s4-t11"
                },
                {
                    "begin": 619,
                    "text": ",",
                    "end": 620,
                    "id": "s4-t12"
                },
                {
                    "begin": 621,
                    "text": "we",
                    "end": 623,
                    "id": "s4-t13"
                },
                {
                    "begin": 624,
                    "text": "develop",
                    "end": 631,
                    "id": "s4-t14"
                },
                {
                    "begin": 632,
                    "text": "a",
                    "end": 633,
                    "id": "s4-t15"
                },
                {
                    "begin": 634,
                    "text": "dynamic",
                    "end": 641,
                    "id": "s4-t16"
                },
                {
                    "begin": 642,
                    "text": "programming",
                    "end": 653,
                    "id": "s4-t17"
                },
                {
                    "begin": 654,
                    "text": "approach",
                    "end": 662,
                    "id": "s4-t18"
                },
                {
                    "begin": 663,
                    "text": "which",
                    "end": 668,
                    "id": "s4-t19"
                },
                {
                    "begin": 669,
                    "text": "scales",
                    "end": 675,
                    "id": "s4-t20"
                },
                {
                    "begin": 676,
                    "text": "linearly",
                    "end": 684,
                    "id": "s4-t21"
                },
                {
                    "begin": 685,
                    "text": "in",
                    "end": 687,
                    "id": "s4-t22"
                },
                {
                    "begin": 688,
                    "text": "the",
                    "end": 691,
                    "id": "s4-t23"
                },
                {
                    "begin": 692,
                    "text": "number",
                    "end": 698,
                    "id": "s4-t24"
                },
                {
                    "begin": 699,
                    "text": "of",
                    "end": 701,
                    "id": "s4-t25"
                },
                {
                    "begin": 702,
                    "text": "frames",
                    "end": 708,
                    "id": "s4-t26"
                },
                {
                    "begin": 708,
                    "text": ",",
                    "end": 709,
                    "id": "s4-t27"
                },
                {
                    "begin": 710,
                    "text": "leveraging",
                    "end": 720,
                    "id": "s4-t28"
                },
                {
                    "begin": 721,
                    "text": "the",
                    "end": 724,
                    "id": "s4-t29"
                },
                {
                    "begin": 725,
                    "text": "intrinsically",
                    "end": 738,
                    "id": "s4-t30"
                },
                {
                    "begin": 739,
                    "text": "local",
                    "end": 744,
                    "id": "s4-t31"
                },
                {
                    "begin": 745,
                    "text": "nature",
                    "end": 751,
                    "id": "s4-t32"
                },
                {
                    "begin": 752,
                    "text": "of",
                    "end": 754,
                    "id": "s4-t33"
                },
                {
                    "begin": 755,
                    "text": "filter",
                    "end": 761,
                    "id": "s4-t34"
                },
                {
                    "begin": 762,
                    "text": "interactions",
                    "end": 774,
                    "id": "s4-t35"
                },
                {
                    "begin": 774,
                    "text": ".",
                    "end": 775,
                    "id": "s4-t36"
                }
            ],
            "id": "s4"
        },
        {
            "begin": 775,
            "text": " Extension to affine projection enables reconstruction without estimating cameras.",
            "end": 857,
            "tokens": [
                {
                    "begin": 776,
                    "text": "Extension",
                    "end": 785,
                    "id": "s5-t0"
                },
                {
                    "begin": 786,
                    "text": "to",
                    "end": 788,
                    "id": "s5-t1"
                },
                {
                    "begin": 789,
                    "text": "affine",
                    "end": 795,
                    "id": "s5-t2"
                },
                {
                    "begin": 796,
                    "text": "projection",
                    "end": 806,
                    "id": "s5-t3"
                },
                {
                    "begin": 807,
                    "text": "enables",
                    "end": 814,
                    "id": "s5-t4"
                },
                {
                    "begin": 815,
                    "text": "reconstruction",
                    "end": 829,
                    "id": "s5-t5"
                },
                {
                    "begin": 830,
                    "text": "without",
                    "end": 837,
                    "id": "s5-t6"
                },
                {
                    "begin": 838,
                    "text": "estimating",
                    "end": 848,
                    "id": "s5-t7"
                },
                {
                    "begin": 849,
                    "text": "cameras",
                    "end": 856,
                    "id": "s5-t8"
                },
                {
                    "begin": 856,
                    "text": ".",
                    "end": 857,
                    "id": "s5-t9"
                }
            ],
            "id": "s5"
        }
    ],
    "text": "This paper considers the problem of reconstructing the motion of a 3D articulated tree from 2D point correspondences subject to some temporal prior. Hitherto, smooth motion has been encouraged using a trajectory basis, yielding a hard combinatorial problem with time complexity growing exponentially in the number of frames. Branch and bound strategies have previously attempted to curb this complexity whilst maintaining global optimality. However, they provide no guarantee of being more efficient than exhaustive search. Inspired by recent work which reconstructs general trajectories using compact high-pass filters, we develop a dynamic programming approach which scales linearly in the number of frames, leveraging the intrinsically local nature of filter interactions. Extension to affine projection enables reconstruction without estimating cameras.",
    "id": "47c134ff-a72c-40a0-9f10-1fb8f41cb346"
}