{
    "mentions": [
        {
            "begin": 0,
            "id": "m0",
            "end": 14,
            "type": "Task",
            "text": "Image matching"
        },
        {
            "begin": 43,
            "id": "m1",
            "end": 58,
            "type": "Task",
            "text": "Computer Vision"
        },
        {
            "begin": 78,
            "id": "m2",
            "end": 100,
            "type": "Task",
            "text": "feature-based matching"
        },
        {
            "begin": 102,
            "id": "m3",
            "end": 106,
            "type": "Method",
            "text": "SIFT"
        },
        {
            "begin": 189,
            "id": "m4",
            "end": 209,
            "type": "OtherScientificTerm",
            "text": "ultra-wide baselines"
        },
        {
            "begin": 229,
            "id": "m5",
            "end": 242,
            "type": "Material",
            "text": "aerial images"
        },
        {
            "begin": 258,
            "id": "m6",
            "end": 280,
            "type": "OtherScientificTerm",
            "text": "large camera rotations"
        },
        {
            "begin": 286,
            "id": "m7",
            "end": 306,
            "type": "OtherScientificTerm",
            "text": "appearance variation"
        },
        {
            "begin": 332,
            "id": "m8",
            "end": 336,
            "type": "Method",
            "text": "SIFT"
        },
        {
            "begin": 341,
            "id": "m9",
            "end": 347,
            "type": "Method",
            "text": "RANSAC"
        },
        {
            "begin": 376,
            "id": "m10",
            "end": 417,
            "type": "Method",
            "text": "data-driven, deep learning-based approach"
        },
        {
            "begin": 433,
            "id": "m11",
            "end": 453,
            "type": "OtherScientificTerm",
            "text": "local correspondence"
        },
        {
            "begin": 469,
            "id": "m12",
            "end": 476,
            "type": "Generic",
            "text": "problem"
        },
        {
            "begin": 482,
            "id": "m13",
            "end": 501,
            "type": "Task",
            "text": "classification task"
        },
        {
            "begin": 536,
            "id": "m14",
            "end": 557,
            "type": "OtherScientificTerm",
            "text": "local correspondences"
        },
        {
            "begin": 606,
            "id": "m15",
            "end": 625,
            "type": "Method",
            "text": "attention mechanism"
        },
        {
            "begin": 726,
            "id": "m16",
            "end": 732,
            "type": "Generic",
            "text": "models"
        },
        {
            "begin": 738,
            "id": "m17",
            "end": 769,
            "type": "Material",
            "text": "dataset of urban aerial imagery"
        },
        {
            "begin": 863,
            "id": "m18",
            "end": 870,
            "type": "Generic",
            "text": "problem"
        },
        {
            "begin": 877,
            "id": "m19",
            "end": 888,
            "type": "Method",
            "text": "human study"
        },
        {
            "begin": 894,
            "id": "m20",
            "end": 933,
            "type": "Material",
            "text": "annotations from Amazon Mechanical Turk"
        },
        {
            "begin": 959,
            "id": "m21",
            "end": 965,
            "type": "Generic",
            "text": "models"
        },
        {
            "begin": 981,
            "id": "m22",
            "end": 997,
            "type": "Generic",
            "text": "state-of-the-art"
        },
        {
            "begin": 1001,
            "id": "m23",
            "end": 1029,
            "type": "Task",
            "text": "ultra-wide baseline matching"
        },
        {
            "begin": 1043,
            "id": "m24",
            "end": 1057,
            "type": "Metric",
            "text": "human accuracy"
        }
    ],
    "relations": [
        {
            "args": [
                "m0",
                "m1"
            ],
            "type": "HYPONYM-OF",
            "id": "r0"
        },
        {
            "args": [
                "m3",
                "m2"
            ],
            "type": "USED-FOR",
            "id": "r1"
        },
        {
            "args": [
                "m6",
                "m5"
            ],
            "type": "FEATURE-OF",
            "id": "r2"
        },
        {
            "args": [
                "m8",
                "m9"
            ],
            "type": "CONJUNCTION",
            "id": "r3"
        },
        {
            "args": [
                "m13",
                "m12"
            ],
            "type": "USED-FOR",
            "id": "r4"
        },
        {
            "args": [
                "m17",
                "m16"
            ],
            "type": "USED-FOR",
            "id": "r5"
        },
        {
            "args": [
                "m19",
                "m18"
            ],
            "type": "USED-FOR",
            "id": "r6"
        },
        {
            "args": [
                "m20",
                "m19"
            ],
            "type": "USED-FOR",
            "id": "r7"
        },
        {
            "args": [
                "m21",
                "m22"
            ],
            "type": "COMPARE",
            "id": "r8"
        },
        {
            "args": [
                "m21",
                "m24"
            ],
            "type": "COMPARE",
            "id": "r9"
        },
        {
            "args": [
                "m23",
                "m21"
            ],
            "type": "EVALUATE-FOR",
            "id": "r10"
        },
        {
            "args": [
                "m23",
                "m22"
            ],
            "type": "EVALUATE-FOR",
            "id": "r11"
        }
    ],
    "sentences": [
        {
            "begin": 0,
            "text": "Image matching is a fundamental problem in Computer Vision.",
            "end": 59,
            "tokens": [
                {
                    "begin": 0,
                    "text": "Image",
                    "end": 5,
                    "id": "s0-t0"
                },
                {
                    "begin": 6,
                    "text": "matching",
                    "end": 14,
                    "id": "s0-t1"
                },
                {
                    "begin": 15,
                    "text": "is",
                    "end": 17,
                    "id": "s0-t2"
                },
                {
                    "begin": 18,
                    "text": "a",
                    "end": 19,
                    "id": "s0-t3"
                },
                {
                    "begin": 20,
                    "text": "fundamental",
                    "end": 31,
                    "id": "s0-t4"
                },
                {
                    "begin": 32,
                    "text": "problem",
                    "end": 39,
                    "id": "s0-t5"
                },
                {
                    "begin": 40,
                    "text": "in",
                    "end": 42,
                    "id": "s0-t6"
                },
                {
                    "begin": 43,
                    "text": "Computer",
                    "end": 51,
                    "id": "s0-t7"
                },
                {
                    "begin": 52,
                    "text": "Vision",
                    "end": 58,
                    "id": "s0-t8"
                },
                {
                    "begin": 58,
                    "text": ".",
                    "end": 59,
                    "id": "s0-t9"
                }
            ],
            "id": "s0"
        },
        {
            "begin": 59,
            "text": " In the context of feature-based matching, SIFT and its variants have long excelled in a wide array of applications.",
            "end": 175,
            "tokens": [
                {
                    "begin": 60,
                    "text": "In",
                    "end": 62,
                    "id": "s1-t0"
                },
                {
                    "begin": 63,
                    "text": "the",
                    "end": 66,
                    "id": "s1-t1"
                },
                {
                    "begin": 67,
                    "text": "context",
                    "end": 74,
                    "id": "s1-t2"
                },
                {
                    "begin": 75,
                    "text": "of",
                    "end": 77,
                    "id": "s1-t3"
                },
                {
                    "begin": 78,
                    "text": "feature-based",
                    "end": 91,
                    "id": "s1-t4"
                },
                {
                    "begin": 92,
                    "text": "matching",
                    "end": 100,
                    "id": "s1-t5"
                },
                {
                    "begin": 100,
                    "text": ",",
                    "end": 101,
                    "id": "s1-t6"
                },
                {
                    "begin": 102,
                    "text": "SIFT",
                    "end": 106,
                    "id": "s1-t7"
                },
                {
                    "begin": 107,
                    "text": "and",
                    "end": 110,
                    "id": "s1-t8"
                },
                {
                    "begin": 111,
                    "text": "its",
                    "end": 114,
                    "id": "s1-t9"
                },
                {
                    "begin": 115,
                    "text": "variants",
                    "end": 123,
                    "id": "s1-t10"
                },
                {
                    "begin": 124,
                    "text": "have",
                    "end": 128,
                    "id": "s1-t11"
                },
                {
                    "begin": 129,
                    "text": "long",
                    "end": 133,
                    "id": "s1-t12"
                },
                {
                    "begin": 134,
                    "text": "excelled",
                    "end": 142,
                    "id": "s1-t13"
                },
                {
                    "begin": 143,
                    "text": "in",
                    "end": 145,
                    "id": "s1-t14"
                },
                {
                    "begin": 146,
                    "text": "a",
                    "end": 147,
                    "id": "s1-t15"
                },
                {
                    "begin": 148,
                    "text": "wide",
                    "end": 152,
                    "id": "s1-t16"
                },
                {
                    "begin": 153,
                    "text": "array",
                    "end": 158,
                    "id": "s1-t17"
                },
                {
                    "begin": 159,
                    "text": "of",
                    "end": 161,
                    "id": "s1-t18"
                },
                {
                    "begin": 162,
                    "text": "applications",
                    "end": 174,
                    "id": "s1-t19"
                },
                {
                    "begin": 174,
                    "text": ".",
                    "end": 175,
                    "id": "s1-t20"
                }
            ],
            "id": "s1"
        },
        {
            "begin": 175,
            "text": " However, for ultra-wide baselines, as in the case of aerial images captured under large camera rotations, the appearance variation goes beyond the reach of SIFT and RANSAC.",
            "end": 348,
            "tokens": [
                {
                    "begin": 176,
                    "text": "However",
                    "end": 183,
                    "id": "s2-t0"
                },
                {
                    "begin": 183,
                    "text": ",",
                    "end": 184,
                    "id": "s2-t1"
                },
                {
                    "begin": 185,
                    "text": "for",
                    "end": 188,
                    "id": "s2-t2"
                },
                {
                    "begin": 189,
                    "text": "ultra-wide",
                    "end": 199,
                    "id": "s2-t3"
                },
                {
                    "begin": 200,
                    "text": "baselines",
                    "end": 209,
                    "id": "s2-t4"
                },
                {
                    "begin": 209,
                    "text": ",",
                    "end": 210,
                    "id": "s2-t5"
                },
                {
                    "begin": 211,
                    "text": "as",
                    "end": 213,
                    "id": "s2-t6"
                },
                {
                    "begin": 214,
                    "text": "in",
                    "end": 216,
                    "id": "s2-t7"
                },
                {
                    "begin": 217,
                    "text": "the",
                    "end": 220,
                    "id": "s2-t8"
                },
                {
                    "begin": 221,
                    "text": "case",
                    "end": 225,
                    "id": "s2-t9"
                },
                {
                    "begin": 226,
                    "text": "of",
                    "end": 228,
                    "id": "s2-t10"
                },
                {
                    "begin": 229,
                    "text": "aerial",
                    "end": 235,
                    "id": "s2-t11"
                },
                {
                    "begin": 236,
                    "text": "images",
                    "end": 242,
                    "id": "s2-t12"
                },
                {
                    "begin": 243,
                    "text": "captured",
                    "end": 251,
                    "id": "s2-t13"
                },
                {
                    "begin": 252,
                    "text": "under",
                    "end": 257,
                    "id": "s2-t14"
                },
                {
                    "begin": 258,
                    "text": "large",
                    "end": 263,
                    "id": "s2-t15"
                },
                {
                    "begin": 264,
                    "text": "camera",
                    "end": 270,
                    "id": "s2-t16"
                },
                {
                    "begin": 271,
                    "text": "rotations",
                    "end": 280,
                    "id": "s2-t17"
                },
                {
                    "begin": 280,
                    "text": ",",
                    "end": 281,
                    "id": "s2-t18"
                },
                {
                    "begin": 282,
                    "text": "the",
                    "end": 285,
                    "id": "s2-t19"
                },
                {
                    "begin": 286,
                    "text": "appearance",
                    "end": 296,
                    "id": "s2-t20"
                },
                {
                    "begin": 297,
                    "text": "variation",
                    "end": 306,
                    "id": "s2-t21"
                },
                {
                    "begin": 307,
                    "text": "goes",
                    "end": 311,
                    "id": "s2-t22"
                },
                {
                    "begin": 312,
                    "text": "beyond",
                    "end": 318,
                    "id": "s2-t23"
                },
                {
                    "begin": 319,
                    "text": "the",
                    "end": 322,
                    "id": "s2-t24"
                },
                {
                    "begin": 323,
                    "text": "reach",
                    "end": 328,
                    "id": "s2-t25"
                },
                {
                    "begin": 329,
                    "text": "of",
                    "end": 331,
                    "id": "s2-t26"
                },
                {
                    "begin": 332,
                    "text": "SIFT",
                    "end": 336,
                    "id": "s2-t27"
                },
                {
                    "begin": 337,
                    "text": "and",
                    "end": 340,
                    "id": "s2-t28"
                },
                {
                    "begin": 341,
                    "text": "RANSAC",
                    "end": 347,
                    "id": "s2-t29"
                },
                {
                    "begin": 347,
                    "text": ".",
                    "end": 348,
                    "id": "s2-t30"
                }
            ],
            "id": "s2"
        },
        {
            "begin": 348,
            "text": " In this paper we propose a data-driven, deep learning-based approach that sidesteps local correspondence by framing the problem as a classification task.",
            "end": 502,
            "tokens": [
                {
                    "begin": 349,
                    "text": "In",
                    "end": 351,
                    "id": "s3-t0"
                },
                {
                    "begin": 352,
                    "text": "this",
                    "end": 356,
                    "id": "s3-t1"
                },
                {
                    "begin": 357,
                    "text": "paper",
                    "end": 362,
                    "id": "s3-t2"
                },
                {
                    "begin": 363,
                    "text": "we",
                    "end": 365,
                    "id": "s3-t3"
                },
                {
                    "begin": 366,
                    "text": "propose",
                    "end": 373,
                    "id": "s3-t4"
                },
                {
                    "begin": 374,
                    "text": "a",
                    "end": 375,
                    "id": "s3-t5"
                },
                {
                    "begin": 376,
                    "text": "data-driven",
                    "end": 387,
                    "id": "s3-t6"
                },
                {
                    "begin": 387,
                    "text": ",",
                    "end": 388,
                    "id": "s3-t7"
                },
                {
                    "begin": 389,
                    "text": "deep",
                    "end": 393,
                    "id": "s3-t8"
                },
                {
                    "begin": 394,
                    "text": "learning-based",
                    "end": 408,
                    "id": "s3-t9"
                },
                {
                    "begin": 409,
                    "text": "approach",
                    "end": 417,
                    "id": "s3-t10"
                },
                {
                    "begin": 418,
                    "text": "that",
                    "end": 422,
                    "id": "s3-t11"
                },
                {
                    "begin": 423,
                    "text": "sidesteps",
                    "end": 432,
                    "id": "s3-t12"
                },
                {
                    "begin": 433,
                    "text": "local",
                    "end": 438,
                    "id": "s3-t13"
                },
                {
                    "begin": 439,
                    "text": "correspondence",
                    "end": 453,
                    "id": "s3-t14"
                },
                {
                    "begin": 454,
                    "text": "by",
                    "end": 456,
                    "id": "s3-t15"
                },
                {
                    "begin": 457,
                    "text": "framing",
                    "end": 464,
                    "id": "s3-t16"
                },
                {
                    "begin": 465,
                    "text": "the",
                    "end": 468,
                    "id": "s3-t17"
                },
                {
                    "begin": 469,
                    "text": "problem",
                    "end": 476,
                    "id": "s3-t18"
                },
                {
                    "begin": 477,
                    "text": "as",
                    "end": 479,
                    "id": "s3-t19"
                },
                {
                    "begin": 480,
                    "text": "a",
                    "end": 481,
                    "id": "s3-t20"
                },
                {
                    "begin": 482,
                    "text": "classification",
                    "end": 496,
                    "id": "s3-t21"
                },
                {
                    "begin": 497,
                    "text": "task",
                    "end": 501,
                    "id": "s3-t22"
                },
                {
                    "begin": 501,
                    "text": ".",
                    "end": 502,
                    "id": "s3-t23"
                }
            ],
            "id": "s3"
        },
        {
            "begin": 502,
            "text": " Furthermore, we demonstrate that local correspondences can still be useful.",
            "end": 578,
            "tokens": [
                {
                    "begin": 503,
                    "text": "Furthermore",
                    "end": 514,
                    "id": "s4-t0"
                },
                {
                    "begin": 514,
                    "text": ",",
                    "end": 515,
                    "id": "s4-t1"
                },
                {
                    "begin": 516,
                    "text": "we",
                    "end": 518,
                    "id": "s4-t2"
                },
                {
                    "begin": 519,
                    "text": "demonstrate",
                    "end": 530,
                    "id": "s4-t3"
                },
                {
                    "begin": 531,
                    "text": "that",
                    "end": 535,
                    "id": "s4-t4"
                },
                {
                    "begin": 536,
                    "text": "local",
                    "end": 541,
                    "id": "s4-t5"
                },
                {
                    "begin": 542,
                    "text": "correspondences",
                    "end": 557,
                    "id": "s4-t6"
                },
                {
                    "begin": 558,
                    "text": "can",
                    "end": 561,
                    "id": "s4-t7"
                },
                {
                    "begin": 562,
                    "text": "still",
                    "end": 567,
                    "id": "s4-t8"
                },
                {
                    "begin": 568,
                    "text": "be",
                    "end": 570,
                    "id": "s4-t9"
                },
                {
                    "begin": 571,
                    "text": "useful",
                    "end": 577,
                    "id": "s4-t10"
                },
                {
                    "begin": 577,
                    "text": ".",
                    "end": 578,
                    "id": "s4-t11"
                }
            ],
            "id": "s4"
        },
        {
            "begin": 578,
            "text": " To do so we incorporate an attention mechanism to produce a set of probable matches, which allows us to further increase performance.",
            "end": 712,
            "tokens": [
                {
                    "begin": 579,
                    "text": "To",
                    "end": 581,
                    "id": "s5-t0"
                },
                {
                    "begin": 582,
                    "text": "do",
                    "end": 584,
                    "id": "s5-t1"
                },
                {
                    "begin": 585,
                    "text": "so",
                    "end": 587,
                    "id": "s5-t2"
                },
                {
                    "begin": 588,
                    "text": "we",
                    "end": 590,
                    "id": "s5-t3"
                },
                {
                    "begin": 591,
                    "text": "incorporate",
                    "end": 602,
                    "id": "s5-t4"
                },
                {
                    "begin": 603,
                    "text": "an",
                    "end": 605,
                    "id": "s5-t5"
                },
                {
                    "begin": 606,
                    "text": "attention",
                    "end": 615,
                    "id": "s5-t6"
                },
                {
                    "begin": 616,
                    "text": "mechanism",
                    "end": 625,
                    "id": "s5-t7"
                },
                {
                    "begin": 626,
                    "text": "to",
                    "end": 628,
                    "id": "s5-t8"
                },
                {
                    "begin": 629,
                    "text": "produce",
                    "end": 636,
                    "id": "s5-t9"
                },
                {
                    "begin": 637,
                    "text": "a",
                    "end": 638,
                    "id": "s5-t10"
                },
                {
                    "begin": 639,
                    "text": "set",
                    "end": 642,
                    "id": "s5-t11"
                },
                {
                    "begin": 643,
                    "text": "of",
                    "end": 645,
                    "id": "s5-t12"
                },
                {
                    "begin": 646,
                    "text": "probable",
                    "end": 654,
                    "id": "s5-t13"
                },
                {
                    "begin": 655,
                    "text": "matches",
                    "end": 662,
                    "id": "s5-t14"
                },
                {
                    "begin": 662,
                    "text": ",",
                    "end": 663,
                    "id": "s5-t15"
                },
                {
                    "begin": 664,
                    "text": "which",
                    "end": 669,
                    "id": "s5-t16"
                },
                {
                    "begin": 670,
                    "text": "allows",
                    "end": 676,
                    "id": "s5-t17"
                },
                {
                    "begin": 677,
                    "text": "us",
                    "end": 679,
                    "id": "s5-t18"
                },
                {
                    "begin": 680,
                    "text": "to",
                    "end": 682,
                    "id": "s5-t19"
                },
                {
                    "begin": 683,
                    "text": "further",
                    "end": 690,
                    "id": "s5-t20"
                },
                {
                    "begin": 691,
                    "text": "increase",
                    "end": 699,
                    "id": "s5-t21"
                },
                {
                    "begin": 700,
                    "text": "performance",
                    "end": 711,
                    "id": "s5-t22"
                },
                {
                    "begin": 711,
                    "text": ".",
                    "end": 712,
                    "id": "s5-t23"
                }
            ],
            "id": "s5"
        },
        {
            "begin": 712,
            "text": " We train our models on a dataset of urban aerial imagery consisting of` same' and` different' pairs, collected for this purpose, and characterize the problem via a human study with annotations from Amazon Mechanical Turk.",
            "end": 934,
            "tokens": [
                {
                    "begin": 713,
                    "text": "We",
                    "end": 715,
                    "id": "s6-t0"
                },
                {
                    "begin": 716,
                    "text": "train",
                    "end": 721,
                    "id": "s6-t1"
                },
                {
                    "begin": 722,
                    "text": "our",
                    "end": 725,
                    "id": "s6-t2"
                },
                {
                    "begin": 726,
                    "text": "models",
                    "end": 732,
                    "id": "s6-t3"
                },
                {
                    "begin": 733,
                    "text": "on",
                    "end": 735,
                    "id": "s6-t4"
                },
                {
                    "begin": 736,
                    "text": "a",
                    "end": 737,
                    "id": "s6-t5"
                },
                {
                    "begin": 738,
                    "text": "dataset",
                    "end": 745,
                    "id": "s6-t6"
                },
                {
                    "begin": 746,
                    "text": "of",
                    "end": 748,
                    "id": "s6-t7"
                },
                {
                    "begin": 749,
                    "text": "urban",
                    "end": 754,
                    "id": "s6-t8"
                },
                {
                    "begin": 755,
                    "text": "aerial",
                    "end": 761,
                    "id": "s6-t9"
                },
                {
                    "begin": 762,
                    "text": "imagery",
                    "end": 769,
                    "id": "s6-t10"
                },
                {
                    "begin": 770,
                    "text": "consisting",
                    "end": 780,
                    "id": "s6-t11"
                },
                {
                    "begin": 781,
                    "text": "of",
                    "end": 783,
                    "id": "s6-t12"
                },
                {
                    "begin": 783,
                    "text": "`",
                    "end": 784,
                    "id": "s6-t13"
                },
                {
                    "begin": 785,
                    "text": "same",
                    "end": 789,
                    "id": "s6-t14"
                },
                {
                    "begin": 789,
                    "text": "'",
                    "end": 790,
                    "id": "s6-t15"
                },
                {
                    "begin": 791,
                    "text": "and",
                    "end": 794,
                    "id": "s6-t16"
                },
                {
                    "begin": 794,
                    "text": "`",
                    "end": 795,
                    "id": "s6-t17"
                },
                {
                    "begin": 796,
                    "text": "different",
                    "end": 805,
                    "id": "s6-t18"
                },
                {
                    "begin": 805,
                    "text": "'",
                    "end": 806,
                    "id": "s6-t19"
                },
                {
                    "begin": 807,
                    "text": "pairs",
                    "end": 812,
                    "id": "s6-t20"
                },
                {
                    "begin": 812,
                    "text": ",",
                    "end": 813,
                    "id": "s6-t21"
                },
                {
                    "begin": 814,
                    "text": "collected",
                    "end": 823,
                    "id": "s6-t22"
                },
                {
                    "begin": 824,
                    "text": "for",
                    "end": 827,
                    "id": "s6-t23"
                },
                {
                    "begin": 828,
                    "text": "this",
                    "end": 832,
                    "id": "s6-t24"
                },
                {
                    "begin": 833,
                    "text": "purpose",
                    "end": 840,
                    "id": "s6-t25"
                },
                {
                    "begin": 840,
                    "text": ",",
                    "end": 841,
                    "id": "s6-t26"
                },
                {
                    "begin": 842,
                    "text": "and",
                    "end": 845,
                    "id": "s6-t27"
                },
                {
                    "begin": 846,
                    "text": "characterize",
                    "end": 858,
                    "id": "s6-t28"
                },
                {
                    "begin": 859,
                    "text": "the",
                    "end": 862,
                    "id": "s6-t29"
                },
                {
                    "begin": 863,
                    "text": "problem",
                    "end": 870,
                    "id": "s6-t30"
                },
                {
                    "begin": 871,
                    "text": "via",
                    "end": 874,
                    "id": "s6-t31"
                },
                {
                    "begin": 875,
                    "text": "a",
                    "end": 876,
                    "id": "s6-t32"
                },
                {
                    "begin": 877,
                    "text": "human",
                    "end": 882,
                    "id": "s6-t33"
                },
                {
                    "begin": 883,
                    "text": "study",
                    "end": 888,
                    "id": "s6-t34"
                },
                {
                    "begin": 889,
                    "text": "with",
                    "end": 893,
                    "id": "s6-t35"
                },
                {
                    "begin": 894,
                    "text": "annotations",
                    "end": 905,
                    "id": "s6-t36"
                },
                {
                    "begin": 906,
                    "text": "from",
                    "end": 910,
                    "id": "s6-t37"
                },
                {
                    "begin": 911,
                    "text": "Amazon",
                    "end": 917,
                    "id": "s6-t38"
                },
                {
                    "begin": 918,
                    "text": "Mechanical",
                    "end": 928,
                    "id": "s6-t39"
                },
                {
                    "begin": 929,
                    "text": "Turk",
                    "end": 933,
                    "id": "s6-t40"
                },
                {
                    "begin": 933,
                    "text": ".",
                    "end": 934,
                    "id": "s6-t41"
                }
            ],
            "id": "s6"
        },
        {
            "begin": 934,
            "text": " We demonstrate that our models outperform the state-of-the-art on ultra-wide baseline matching and approach human accuracy.",
            "end": 1058,
            "tokens": [
                {
                    "begin": 935,
                    "text": "We",
                    "end": 937,
                    "id": "s7-t0"
                },
                {
                    "begin": 938,
                    "text": "demonstrate",
                    "end": 949,
                    "id": "s7-t1"
                },
                {
                    "begin": 950,
                    "text": "that",
                    "end": 954,
                    "id": "s7-t2"
                },
                {
                    "begin": 955,
                    "text": "our",
                    "end": 958,
                    "id": "s7-t3"
                },
                {
                    "begin": 959,
                    "text": "models",
                    "end": 965,
                    "id": "s7-t4"
                },
                {
                    "begin": 966,
                    "text": "outperform",
                    "end": 976,
                    "id": "s7-t5"
                },
                {
                    "begin": 977,
                    "text": "the",
                    "end": 980,
                    "id": "s7-t6"
                },
                {
                    "begin": 981,
                    "text": "state-of-the-art",
                    "end": 997,
                    "id": "s7-t7"
                },
                {
                    "begin": 998,
                    "text": "on",
                    "end": 1000,
                    "id": "s7-t8"
                },
                {
                    "begin": 1001,
                    "text": "ultra-wide",
                    "end": 1011,
                    "id": "s7-t9"
                },
                {
                    "begin": 1012,
                    "text": "baseline",
                    "end": 1020,
                    "id": "s7-t10"
                },
                {
                    "begin": 1021,
                    "text": "matching",
                    "end": 1029,
                    "id": "s7-t11"
                },
                {
                    "begin": 1030,
                    "text": "and",
                    "end": 1033,
                    "id": "s7-t12"
                },
                {
                    "begin": 1034,
                    "text": "approach",
                    "end": 1042,
                    "id": "s7-t13"
                },
                {
                    "begin": 1043,
                    "text": "human",
                    "end": 1048,
                    "id": "s7-t14"
                },
                {
                    "begin": 1049,
                    "text": "accuracy",
                    "end": 1057,
                    "id": "s7-t15"
                },
                {
                    "begin": 1057,
                    "text": ".",
                    "end": 1058,
                    "id": "s7-t16"
                }
            ],
            "id": "s7"
        }
    ],
    "text": "Image matching is a fundamental problem in Computer Vision. In the context of feature-based matching, SIFT and its variants have long excelled in a wide array of applications. However, for ultra-wide baselines, as in the case of aerial images captured under large camera rotations, the appearance variation goes beyond the reach of SIFT and RANSAC. In this paper we propose a data-driven, deep learning-based approach that sidesteps local correspondence by framing the problem as a classification task. Furthermore, we demonstrate that local correspondences can still be useful. To do so we incorporate an attention mechanism to produce a set of probable matches, which allows us to further increase performance. We train our models on a dataset of urban aerial imagery consisting of` same' and` different' pairs, collected for this purpose, and characterize the problem via a human study with annotations from Amazon Mechanical Turk. We demonstrate that our models outperform the state-of-the-art on ultra-wide baseline matching and approach human accuracy.",
    "id": "d490d493-62a1-48bf-9f5f-c19c4d80ab6c"
}