{
    "mentions": [
        {
            "begin": 0,
            "id": "m0",
            "end": 16,
            "type": "Method",
            "text": "Systemic grammar"
        },
        {
            "begin": 35,
            "id": "m1",
            "end": 53,
            "type": "Task",
            "text": "AI text generation"
        },
        {
            "begin": 80,
            "id": "m2",
            "end": 95,
            "type": "Generic",
            "text": "implementations"
        },
        {
            "begin": 157,
            "id": "m3",
            "end": 165,
            "type": "Generic",
            "text": "approach"
        },
        {
            "begin": 178,
            "id": "m4",
            "end": 193,
            "type": "Task",
            "text": "text generation"
        },
        {
            "begin": 200,
            "id": "m5",
            "end": 229,
            "type": "Method",
            "text": "AI problem solving techniques"
        },
        {
            "begin": 271,
            "id": "m6",
            "end": 287,
            "type": "Method",
            "text": "systemic grammar"
        },
        {
            "begin": 294,
            "id": "m7",
            "end": 302,
            "type": "Generic",
            "text": "approach"
        },
        {
            "begin": 354,
            "id": "m8",
            "end": 370,
            "type": "Method",
            "text": "systemic grammar"
        },
        {
            "begin": 375,
            "id": "m9",
            "end": 390,
            "type": "Method",
            "text": "problem solving"
        },
        {
            "begin": 484,
            "id": "m10",
            "end": 499,
            "type": "Task",
            "text": "text generation"
        },
        {
            "begin": 518,
            "id": "m11",
            "end": 535,
            "type": "Method",
            "text": "linguistic theory"
        }
    ],
    "relations": [
        {
            "args": [
                "m0",
                "m1"
            ],
            "type": "USED-FOR",
            "id": "r0"
        },
        {
            "args": [
                "m3",
                "m4"
            ],
            "type": "USED-FOR",
            "id": "r1"
        },
        {
            "args": [
                "m5",
                "m6"
            ],
            "type": "USED-FOR",
            "id": "r2"
        },
        {
            "args": [
                "m8",
                "m9"
            ],
            "type": "CONJUNCTION",
            "id": "r3"
        },
        {
            "args": [
                "m11",
                "m10"
            ],
            "type": "USED-FOR",
            "id": "r4"
        }
    ],
    "sentences": [
        {
            "begin": 0,
            "text": "Systemic grammar has been used for AI text generation work in the past, but the implementations have tended be ad hoc or inefficient.",
            "end": 133,
            "tokens": [
                {
                    "begin": 0,
                    "text": "Systemic",
                    "end": 8,
                    "id": "s0-t0"
                },
                {
                    "begin": 9,
                    "text": "grammar",
                    "end": 16,
                    "id": "s0-t1"
                },
                {
                    "begin": 17,
                    "text": "has",
                    "end": 20,
                    "id": "s0-t2"
                },
                {
                    "begin": 21,
                    "text": "been",
                    "end": 25,
                    "id": "s0-t3"
                },
                {
                    "begin": 26,
                    "text": "used",
                    "end": 30,
                    "id": "s0-t4"
                },
                {
                    "begin": 31,
                    "text": "for",
                    "end": 34,
                    "id": "s0-t5"
                },
                {
                    "begin": 35,
                    "text": "AI",
                    "end": 37,
                    "id": "s0-t6"
                },
                {
                    "begin": 38,
                    "text": "text",
                    "end": 42,
                    "id": "s0-t7"
                },
                {
                    "begin": 43,
                    "text": "generation",
                    "end": 53,
                    "id": "s0-t8"
                },
                {
                    "begin": 54,
                    "text": "work",
                    "end": 58,
                    "id": "s0-t9"
                },
                {
                    "begin": 59,
                    "text": "in",
                    "end": 61,
                    "id": "s0-t10"
                },
                {
                    "begin": 62,
                    "text": "the",
                    "end": 65,
                    "id": "s0-t11"
                },
                {
                    "begin": 66,
                    "text": "past",
                    "end": 70,
                    "id": "s0-t12"
                },
                {
                    "begin": 70,
                    "text": ",",
                    "end": 71,
                    "id": "s0-t13"
                },
                {
                    "begin": 72,
                    "text": "but",
                    "end": 75,
                    "id": "s0-t14"
                },
                {
                    "begin": 76,
                    "text": "the",
                    "end": 79,
                    "id": "s0-t15"
                },
                {
                    "begin": 80,
                    "text": "implementations",
                    "end": 95,
                    "id": "s0-t16"
                },
                {
                    "begin": 96,
                    "text": "have",
                    "end": 100,
                    "id": "s0-t17"
                },
                {
                    "begin": 101,
                    "text": "tended",
                    "end": 107,
                    "id": "s0-t18"
                },
                {
                    "begin": 108,
                    "text": "be",
                    "end": 110,
                    "id": "s0-t19"
                },
                {
                    "begin": 111,
                    "text": "ad",
                    "end": 113,
                    "id": "s0-t20"
                },
                {
                    "begin": 114,
                    "text": "hoc",
                    "end": 117,
                    "id": "s0-t21"
                },
                {
                    "begin": 118,
                    "text": "or",
                    "end": 120,
                    "id": "s0-t22"
                },
                {
                    "begin": 121,
                    "text": "inefficient",
                    "end": 132,
                    "id": "s0-t23"
                },
                {
                    "begin": 132,
                    "text": ".",
                    "end": 133,
                    "id": "s0-t24"
                }
            ],
            "id": "s0"
        },
        {
            "begin": 133,
            "text": " This paper presents an approach to systemic text generation where AI problem solving techniques are applied directly to an unadulterated systemic grammar.",
            "end": 288,
            "tokens": [
                {
                    "begin": 134,
                    "text": "This",
                    "end": 138,
                    "id": "s1-t0"
                },
                {
                    "begin": 139,
                    "text": "paper",
                    "end": 144,
                    "id": "s1-t1"
                },
                {
                    "begin": 145,
                    "text": "presents",
                    "end": 153,
                    "id": "s1-t2"
                },
                {
                    "begin": 154,
                    "text": "an",
                    "end": 156,
                    "id": "s1-t3"
                },
                {
                    "begin": 157,
                    "text": "approach",
                    "end": 165,
                    "id": "s1-t4"
                },
                {
                    "begin": 166,
                    "text": "to",
                    "end": 168,
                    "id": "s1-t5"
                },
                {
                    "begin": 169,
                    "text": "systemic",
                    "end": 177,
                    "id": "s1-t6"
                },
                {
                    "begin": 178,
                    "text": "text",
                    "end": 182,
                    "id": "s1-t7"
                },
                {
                    "begin": 183,
                    "text": "generation",
                    "end": 193,
                    "id": "s1-t8"
                },
                {
                    "begin": 194,
                    "text": "where",
                    "end": 199,
                    "id": "s1-t9"
                },
                {
                    "begin": 200,
                    "text": "AI",
                    "end": 202,
                    "id": "s1-t10"
                },
                {
                    "begin": 203,
                    "text": "problem",
                    "end": 210,
                    "id": "s1-t11"
                },
                {
                    "begin": 211,
                    "text": "solving",
                    "end": 218,
                    "id": "s1-t12"
                },
                {
                    "begin": 219,
                    "text": "techniques",
                    "end": 229,
                    "id": "s1-t13"
                },
                {
                    "begin": 230,
                    "text": "are",
                    "end": 233,
                    "id": "s1-t14"
                },
                {
                    "begin": 234,
                    "text": "applied",
                    "end": 241,
                    "id": "s1-t15"
                },
                {
                    "begin": 242,
                    "text": "directly",
                    "end": 250,
                    "id": "s1-t16"
                },
                {
                    "begin": 251,
                    "text": "to",
                    "end": 253,
                    "id": "s1-t17"
                },
                {
                    "begin": 254,
                    "text": "an",
                    "end": 256,
                    "id": "s1-t18"
                },
                {
                    "begin": 257,
                    "text": "unadulterated",
                    "end": 270,
                    "id": "s1-t19"
                },
                {
                    "begin": 271,
                    "text": "systemic",
                    "end": 279,
                    "id": "s1-t20"
                },
                {
                    "begin": 280,
                    "text": "grammar",
                    "end": 287,
                    "id": "s1-t21"
                },
                {
                    "begin": 287,
                    "text": ".",
                    "end": 288,
                    "id": "s1-t22"
                }
            ],
            "id": "s1"
        },
        {
            "begin": 288,
            "text": " This approach is made possible by a special relationship between systemic grammar and problem solving: both are organized primarily as choosing from alternatives.",
            "end": 451,
            "tokens": [
                {
                    "begin": 289,
                    "text": "This",
                    "end": 293,
                    "id": "s2-t0"
                },
                {
                    "begin": 294,
                    "text": "approach",
                    "end": 302,
                    "id": "s2-t1"
                },
                {
                    "begin": 303,
                    "text": "is",
                    "end": 305,
                    "id": "s2-t2"
                },
                {
                    "begin": 306,
                    "text": "made",
                    "end": 310,
                    "id": "s2-t3"
                },
                {
                    "begin": 311,
                    "text": "possible",
                    "end": 319,
                    "id": "s2-t4"
                },
                {
                    "begin": 320,
                    "text": "by",
                    "end": 322,
                    "id": "s2-t5"
                },
                {
                    "begin": 323,
                    "text": "a",
                    "end": 324,
                    "id": "s2-t6"
                },
                {
                    "begin": 325,
                    "text": "special",
                    "end": 332,
                    "id": "s2-t7"
                },
                {
                    "begin": 333,
                    "text": "relationship",
                    "end": 345,
                    "id": "s2-t8"
                },
                {
                    "begin": 346,
                    "text": "between",
                    "end": 353,
                    "id": "s2-t9"
                },
                {
                    "begin": 354,
                    "text": "systemic",
                    "end": 362,
                    "id": "s2-t10"
                },
                {
                    "begin": 363,
                    "text": "grammar",
                    "end": 370,
                    "id": "s2-t11"
                },
                {
                    "begin": 371,
                    "text": "and",
                    "end": 374,
                    "id": "s2-t12"
                },
                {
                    "begin": 375,
                    "text": "problem",
                    "end": 382,
                    "id": "s2-t13"
                },
                {
                    "begin": 383,
                    "text": "solving",
                    "end": 390,
                    "id": "s2-t14"
                },
                {
                    "begin": 390,
                    "text": ":",
                    "end": 391,
                    "id": "s2-t15"
                },
                {
                    "begin": 392,
                    "text": "both",
                    "end": 396,
                    "id": "s2-t16"
                },
                {
                    "begin": 397,
                    "text": "are",
                    "end": 400,
                    "id": "s2-t17"
                },
                {
                    "begin": 401,
                    "text": "organized",
                    "end": 410,
                    "id": "s2-t18"
                },
                {
                    "begin": 411,
                    "text": "primarily",
                    "end": 420,
                    "id": "s2-t19"
                },
                {
                    "begin": 421,
                    "text": "as",
                    "end": 423,
                    "id": "s2-t20"
                },
                {
                    "begin": 424,
                    "text": "choosing",
                    "end": 432,
                    "id": "s2-t21"
                },
                {
                    "begin": 433,
                    "text": "from",
                    "end": 437,
                    "id": "s2-t22"
                },
                {
                    "begin": 438,
                    "text": "alternatives",
                    "end": 450,
                    "id": "s2-t23"
                },
                {
                    "begin": 450,
                    "text": ".",
                    "end": 451,
                    "id": "s2-t24"
                }
            ],
            "id": "s2"
        },
        {
            "begin": 451,
            "text": " The result is simple, efficient text generation firmly based in a linguistic theory.",
            "end": 536,
            "tokens": [
                {
                    "begin": 452,
                    "text": "The",
                    "end": 455,
                    "id": "s3-t0"
                },
                {
                    "begin": 456,
                    "text": "result",
                    "end": 462,
                    "id": "s3-t1"
                },
                {
                    "begin": 463,
                    "text": "is",
                    "end": 465,
                    "id": "s3-t2"
                },
                {
                    "begin": 466,
                    "text": "simple",
                    "end": 472,
                    "id": "s3-t3"
                },
                {
                    "begin": 472,
                    "text": ",",
                    "end": 473,
                    "id": "s3-t4"
                },
                {
                    "begin": 474,
                    "text": "efficient",
                    "end": 483,
                    "id": "s3-t5"
                },
                {
                    "begin": 484,
                    "text": "text",
                    "end": 488,
                    "id": "s3-t6"
                },
                {
                    "begin": 489,
                    "text": "generation",
                    "end": 499,
                    "id": "s3-t7"
                },
                {
                    "begin": 500,
                    "text": "firmly",
                    "end": 506,
                    "id": "s3-t8"
                },
                {
                    "begin": 507,
                    "text": "based",
                    "end": 512,
                    "id": "s3-t9"
                },
                {
                    "begin": 513,
                    "text": "in",
                    "end": 515,
                    "id": "s3-t10"
                },
                {
                    "begin": 516,
                    "text": "a",
                    "end": 517,
                    "id": "s3-t11"
                },
                {
                    "begin": 518,
                    "text": "linguistic",
                    "end": 528,
                    "id": "s3-t12"
                },
                {
                    "begin": 529,
                    "text": "theory",
                    "end": 535,
                    "id": "s3-t13"
                },
                {
                    "begin": 535,
                    "text": ".",
                    "end": 536,
                    "id": "s3-t14"
                }
            ],
            "id": "s3"
        }
    ],
    "text": "Systemic grammar has been used for AI text generation work in the past, but the implementations have tended be ad hoc or inefficient. This paper presents an approach to systemic text generation where AI problem solving techniques are applied directly to an unadulterated systemic grammar. This approach is made possible by a special relationship between systemic grammar and problem solving: both are organized primarily as choosing from alternatives. The result is simple, efficient text generation firmly based in a linguistic theory.",
    "id": "1ccfe512-e4fc-4606-a18c-f9246256b795"
}