{
    "mentions": [
        {
            "begin": 17,
            "id": "m0",
            "end": 23,
            "type": "Generic",
            "text": "method"
        },
        {
            "begin": 28,
            "id": "m1",
            "end": 53,
            "type": "Task",
            "text": "detecting interest points"
        },
        {
            "begin": 60,
            "id": "m2",
            "end": 81,
            "type": "OtherScientificTerm",
            "text": "histogram information"
        },
        {
            "begin": 99,
            "id": "m3",
            "end": 123,
            "type": "Method",
            "text": "interest point detectors"
        },
        {
            "begin": 139,
            "id": "m4",
            "end": 180,
            "type": "Metric",
            "text": "pixel-wise differences in image intensity"
        },
        {
            "begin": 186,
            "id": "m5",
            "end": 195,
            "type": "Generic",
            "text": "detectors"
        },
        {
            "begin": 208,
            "id": "m6",
            "end": 239,
            "type": "Method",
            "text": "histogram-based representations"
        },
        {
            "begin": 344,
            "id": "m7",
            "end": 353,
            "type": "Generic",
            "text": "detectors"
        },
        {
            "begin": 374,
            "id": "m8",
            "end": 396,
            "type": "OtherScientificTerm",
            "text": "large-scale structures"
        },
        {
            "begin": 401,
            "id": "m9",
            "end": 430,
            "type": "OtherScientificTerm",
            "text": "distinctive textured patterns"
        },
        {
            "begin": 465,
            "id": "m10",
            "end": 473,
            "type": "OtherScientificTerm",
            "text": "rotation"
        },
        {
            "begin": 475,
            "id": "m11",
            "end": 497,
            "type": "OtherScientificTerm",
            "text": "illumination variation"
        },
        {
            "begin": 503,
            "id": "m12",
            "end": 507,
            "type": "OtherScientificTerm",
            "text": "blur"
        },
        {
            "begin": 557,
            "id": "m13",
            "end": 597,
            "type": "Method",
            "text": "histogram-based interest point detectors"
        },
        {
            "begin": 641,
            "id": "m14",
            "end": 665,
            "type": "Task",
            "text": "matching textured scenes"
        },
        {
            "begin": 672,
            "id": "m15",
            "end": 701,
            "type": "OtherScientificTerm",
            "text": "blur and illumination changes"
        },
        {
            "begin": 715,
            "id": "m16",
            "end": 728,
            "type": "Metric",
            "text": "repeatability"
        },
        {
            "begin": 733,
            "id": "m17",
            "end": 748,
            "type": "Metric",
            "text": "distinctiveness"
        },
        {
            "begin": 770,
            "id": "m18",
            "end": 776,
            "type": "Generic",
            "text": "method"
        },
        {
            "begin": 780,
            "id": "m19",
            "end": 815,
            "type": "Task",
            "text": "space-time interest point detection"
        },
        {
            "begin": 820,
            "id": "m20",
            "end": 841,
            "type": "Task",
            "text": "action classification"
        }
    ],
    "relations": [
        {
            "args": [
                "m0",
                "m1"
            ],
            "type": "USED-FOR",
            "id": "r0"
        },
        {
            "args": [
                "m2",
                "m1"
            ],
            "type": "USED-FOR",
            "id": "r1"
        },
        {
            "args": [
                "m4",
                "m3"
            ],
            "type": "EVALUATE-FOR",
            "id": "r2"
        },
        {
            "args": [
                "m6",
                "m5"
            ],
            "type": "PART-OF",
            "id": "r3"
        },
        {
            "args": [
                "m7",
                "m8"
            ],
            "type": "USED-FOR",
            "id": "r4"
        },
        {
            "args": [
                "m7",
                "m9"
            ],
            "type": "USED-FOR",
            "id": "r5"
        },
        {
            "args": [
                "m7",
                "m10"
            ],
            "type": "USED-FOR",
            "id": "r6"
        },
        {
            "args": [
                "m7",
                "m11"
            ],
            "type": "USED-FOR",
            "id": "r7"
        },
        {
            "args": [
                "m7",
                "m12"
            ],
            "type": "USED-FOR",
            "id": "r8"
        },
        {
            "args": [
                "m8",
                "m9"
            ],
            "type": "CONJUNCTION",
            "id": "r9"
        },
        {
            "args": [
                "m10",
                "m11"
            ],
            "type": "CONJUNCTION",
            "id": "r10"
        },
        {
            "args": [
                "m11",
                "m12"
            ],
            "type": "CONJUNCTION",
            "id": "r11"
        },
        {
            "args": [
                "m13",
                "m14"
            ],
            "type": "USED-FOR",
            "id": "r12"
        },
        {
            "args": [
                "m16",
                "m13"
            ],
            "type": "EVALUATE-FOR",
            "id": "r13"
        },
        {
            "args": [
                "m16",
                "m17"
            ],
            "type": "CONJUNCTION",
            "id": "r14"
        },
        {
            "args": [
                "m17",
                "m13"
            ],
            "type": "EVALUATE-FOR",
            "id": "r15"
        },
        {
            "args": [
                "m18",
                "m19"
            ],
            "type": "USED-FOR",
            "id": "r16"
        },
        {
            "args": [
                "m19",
                "m20"
            ],
            "type": "USED-FOR",
            "id": "r17"
        }
    ],
    "sentences": [
        {
            "begin": 0,
            "text": "We present a new method for detecting interest points using histogram information.",
            "end": 82,
            "tokens": [
                {
                    "begin": 0,
                    "text": "We",
                    "end": 2,
                    "id": "s0-t0"
                },
                {
                    "begin": 3,
                    "text": "present",
                    "end": 10,
                    "id": "s0-t1"
                },
                {
                    "begin": 11,
                    "text": "a",
                    "end": 12,
                    "id": "s0-t2"
                },
                {
                    "begin": 13,
                    "text": "new",
                    "end": 16,
                    "id": "s0-t3"
                },
                {
                    "begin": 17,
                    "text": "method",
                    "end": 23,
                    "id": "s0-t4"
                },
                {
                    "begin": 24,
                    "text": "for",
                    "end": 27,
                    "id": "s0-t5"
                },
                {
                    "begin": 28,
                    "text": "detecting",
                    "end": 37,
                    "id": "s0-t6"
                },
                {
                    "begin": 38,
                    "text": "interest",
                    "end": 46,
                    "id": "s0-t7"
                },
                {
                    "begin": 47,
                    "text": "points",
                    "end": 53,
                    "id": "s0-t8"
                },
                {
                    "begin": 54,
                    "text": "using",
                    "end": 59,
                    "id": "s0-t9"
                },
                {
                    "begin": 60,
                    "text": "histogram",
                    "end": 69,
                    "id": "s0-t10"
                },
                {
                    "begin": 70,
                    "text": "information",
                    "end": 81,
                    "id": "s0-t11"
                },
                {
                    "begin": 81,
                    "text": ".",
                    "end": 82,
                    "id": "s0-t12"
                }
            ],
            "id": "s0"
        },
        {
            "begin": 82,
            "text": " Unlike existing interest point detectors, which measure pixel-wise differences in image intensity, our detectors incorporate histogram-based representations, and thus can find image regions that present a distinct distribution in the neighborhood.",
            "end": 330,
            "tokens": [
                {
                    "begin": 83,
                    "text": "Unlike",
                    "end": 89,
                    "id": "s1-t0"
                },
                {
                    "begin": 90,
                    "text": "existing",
                    "end": 98,
                    "id": "s1-t1"
                },
                {
                    "begin": 99,
                    "text": "interest",
                    "end": 107,
                    "id": "s1-t2"
                },
                {
                    "begin": 108,
                    "text": "point",
                    "end": 113,
                    "id": "s1-t3"
                },
                {
                    "begin": 114,
                    "text": "detectors",
                    "end": 123,
                    "id": "s1-t4"
                },
                {
                    "begin": 123,
                    "text": ",",
                    "end": 124,
                    "id": "s1-t5"
                },
                {
                    "begin": 125,
                    "text": "which",
                    "end": 130,
                    "id": "s1-t6"
                },
                {
                    "begin": 131,
                    "text": "measure",
                    "end": 138,
                    "id": "s1-t7"
                },
                {
                    "begin": 139,
                    "text": "pixel-wise",
                    "end": 149,
                    "id": "s1-t8"
                },
                {
                    "begin": 150,
                    "text": "differences",
                    "end": 161,
                    "id": "s1-t9"
                },
                {
                    "begin": 162,
                    "text": "in",
                    "end": 164,
                    "id": "s1-t10"
                },
                {
                    "begin": 165,
                    "text": "image",
                    "end": 170,
                    "id": "s1-t11"
                },
                {
                    "begin": 171,
                    "text": "intensity",
                    "end": 180,
                    "id": "s1-t12"
                },
                {
                    "begin": 180,
                    "text": ",",
                    "end": 181,
                    "id": "s1-t13"
                },
                {
                    "begin": 182,
                    "text": "our",
                    "end": 185,
                    "id": "s1-t14"
                },
                {
                    "begin": 186,
                    "text": "detectors",
                    "end": 195,
                    "id": "s1-t15"
                },
                {
                    "begin": 196,
                    "text": "incorporate",
                    "end": 207,
                    "id": "s1-t16"
                },
                {
                    "begin": 208,
                    "text": "histogram-based",
                    "end": 223,
                    "id": "s1-t17"
                },
                {
                    "begin": 224,
                    "text": "representations",
                    "end": 239,
                    "id": "s1-t18"
                },
                {
                    "begin": 239,
                    "text": ",",
                    "end": 240,
                    "id": "s1-t19"
                },
                {
                    "begin": 241,
                    "text": "and",
                    "end": 244,
                    "id": "s1-t20"
                },
                {
                    "begin": 245,
                    "text": "thus",
                    "end": 249,
                    "id": "s1-t21"
                },
                {
                    "begin": 250,
                    "text": "can",
                    "end": 253,
                    "id": "s1-t22"
                },
                {
                    "begin": 254,
                    "text": "find",
                    "end": 258,
                    "id": "s1-t23"
                },
                {
                    "begin": 259,
                    "text": "image",
                    "end": 264,
                    "id": "s1-t24"
                },
                {
                    "begin": 265,
                    "text": "regions",
                    "end": 272,
                    "id": "s1-t25"
                },
                {
                    "begin": 273,
                    "text": "that",
                    "end": 277,
                    "id": "s1-t26"
                },
                {
                    "begin": 278,
                    "text": "present",
                    "end": 285,
                    "id": "s1-t27"
                },
                {
                    "begin": 286,
                    "text": "a",
                    "end": 287,
                    "id": "s1-t28"
                },
                {
                    "begin": 288,
                    "text": "distinct",
                    "end": 296,
                    "id": "s1-t29"
                },
                {
                    "begin": 297,
                    "text": "distribution",
                    "end": 309,
                    "id": "s1-t30"
                },
                {
                    "begin": 310,
                    "text": "in",
                    "end": 312,
                    "id": "s1-t31"
                },
                {
                    "begin": 313,
                    "text": "the",
                    "end": 316,
                    "id": "s1-t32"
                },
                {
                    "begin": 317,
                    "text": "neighborhood",
                    "end": 329,
                    "id": "s1-t33"
                },
                {
                    "begin": 329,
                    "text": ".",
                    "end": 330,
                    "id": "s1-t34"
                }
            ],
            "id": "s1"
        },
        {
            "begin": 330,
            "text": " The proposed detectors are able to capture large-scale structures and distinctive textured patterns, and exhibit strong invariance to rotation, illumination variation, and blur.",
            "end": 508,
            "tokens": [
                {
                    "begin": 331,
                    "text": "The",
                    "end": 334,
                    "id": "s2-t0"
                },
                {
                    "begin": 335,
                    "text": "proposed",
                    "end": 343,
                    "id": "s2-t1"
                },
                {
                    "begin": 344,
                    "text": "detectors",
                    "end": 353,
                    "id": "s2-t2"
                },
                {
                    "begin": 354,
                    "text": "are",
                    "end": 357,
                    "id": "s2-t3"
                },
                {
                    "begin": 358,
                    "text": "able",
                    "end": 362,
                    "id": "s2-t4"
                },
                {
                    "begin": 363,
                    "text": "to",
                    "end": 365,
                    "id": "s2-t5"
                },
                {
                    "begin": 366,
                    "text": "capture",
                    "end": 373,
                    "id": "s2-t6"
                },
                {
                    "begin": 374,
                    "text": "large-scale",
                    "end": 385,
                    "id": "s2-t7"
                },
                {
                    "begin": 386,
                    "text": "structures",
                    "end": 396,
                    "id": "s2-t8"
                },
                {
                    "begin": 397,
                    "text": "and",
                    "end": 400,
                    "id": "s2-t9"
                },
                {
                    "begin": 401,
                    "text": "distinctive",
                    "end": 412,
                    "id": "s2-t10"
                },
                {
                    "begin": 413,
                    "text": "textured",
                    "end": 421,
                    "id": "s2-t11"
                },
                {
                    "begin": 422,
                    "text": "patterns",
                    "end": 430,
                    "id": "s2-t12"
                },
                {
                    "begin": 430,
                    "text": ",",
                    "end": 431,
                    "id": "s2-t13"
                },
                {
                    "begin": 432,
                    "text": "and",
                    "end": 435,
                    "id": "s2-t14"
                },
                {
                    "begin": 436,
                    "text": "exhibit",
                    "end": 443,
                    "id": "s2-t15"
                },
                {
                    "begin": 444,
                    "text": "strong",
                    "end": 450,
                    "id": "s2-t16"
                },
                {
                    "begin": 451,
                    "text": "invariance",
                    "end": 461,
                    "id": "s2-t17"
                },
                {
                    "begin": 462,
                    "text": "to",
                    "end": 464,
                    "id": "s2-t18"
                },
                {
                    "begin": 465,
                    "text": "rotation",
                    "end": 473,
                    "id": "s2-t19"
                },
                {
                    "begin": 473,
                    "text": ",",
                    "end": 474,
                    "id": "s2-t20"
                },
                {
                    "begin": 475,
                    "text": "illumination",
                    "end": 487,
                    "id": "s2-t21"
                },
                {
                    "begin": 488,
                    "text": "variation",
                    "end": 497,
                    "id": "s2-t22"
                },
                {
                    "begin": 497,
                    "text": ",",
                    "end": 498,
                    "id": "s2-t23"
                },
                {
                    "begin": 499,
                    "text": "and",
                    "end": 502,
                    "id": "s2-t24"
                },
                {
                    "begin": 503,
                    "text": "blur",
                    "end": 507,
                    "id": "s2-t25"
                },
                {
                    "begin": 507,
                    "text": ".",
                    "end": 508,
                    "id": "s2-t26"
                }
            ],
            "id": "s2"
        },
        {
            "begin": 508,
            "text": " The experimental results show that the proposed histogram-based interest point detectors perform particularly well for the tasks of matching textured scenes under blur and illumination changes, in terms of repeatability and distinctiveness.",
            "end": 749,
            "tokens": [
                {
                    "begin": 509,
                    "text": "The",
                    "end": 512,
                    "id": "s3-t0"
                },
                {
                    "begin": 513,
                    "text": "experimental",
                    "end": 525,
                    "id": "s3-t1"
                },
                {
                    "begin": 526,
                    "text": "results",
                    "end": 533,
                    "id": "s3-t2"
                },
                {
                    "begin": 534,
                    "text": "show",
                    "end": 538,
                    "id": "s3-t3"
                },
                {
                    "begin": 539,
                    "text": "that",
                    "end": 543,
                    "id": "s3-t4"
                },
                {
                    "begin": 544,
                    "text": "the",
                    "end": 547,
                    "id": "s3-t5"
                },
                {
                    "begin": 548,
                    "text": "proposed",
                    "end": 556,
                    "id": "s3-t6"
                },
                {
                    "begin": 557,
                    "text": "histogram-based",
                    "end": 572,
                    "id": "s3-t7"
                },
                {
                    "begin": 573,
                    "text": "interest",
                    "end": 581,
                    "id": "s3-t8"
                },
                {
                    "begin": 582,
                    "text": "point",
                    "end": 587,
                    "id": "s3-t9"
                },
                {
                    "begin": 588,
                    "text": "detectors",
                    "end": 597,
                    "id": "s3-t10"
                },
                {
                    "begin": 598,
                    "text": "perform",
                    "end": 605,
                    "id": "s3-t11"
                },
                {
                    "begin": 606,
                    "text": "particularly",
                    "end": 618,
                    "id": "s3-t12"
                },
                {
                    "begin": 619,
                    "text": "well",
                    "end": 623,
                    "id": "s3-t13"
                },
                {
                    "begin": 624,
                    "text": "for",
                    "end": 627,
                    "id": "s3-t14"
                },
                {
                    "begin": 628,
                    "text": "the",
                    "end": 631,
                    "id": "s3-t15"
                },
                {
                    "begin": 632,
                    "text": "tasks",
                    "end": 637,
                    "id": "s3-t16"
                },
                {
                    "begin": 638,
                    "text": "of",
                    "end": 640,
                    "id": "s3-t17"
                },
                {
                    "begin": 641,
                    "text": "matching",
                    "end": 649,
                    "id": "s3-t18"
                },
                {
                    "begin": 650,
                    "text": "textured",
                    "end": 658,
                    "id": "s3-t19"
                },
                {
                    "begin": 659,
                    "text": "scenes",
                    "end": 665,
                    "id": "s3-t20"
                },
                {
                    "begin": 666,
                    "text": "under",
                    "end": 671,
                    "id": "s3-t21"
                },
                {
                    "begin": 672,
                    "text": "blur",
                    "end": 676,
                    "id": "s3-t22"
                },
                {
                    "begin": 677,
                    "text": "and",
                    "end": 680,
                    "id": "s3-t23"
                },
                {
                    "begin": 681,
                    "text": "illumination",
                    "end": 693,
                    "id": "s3-t24"
                },
                {
                    "begin": 694,
                    "text": "changes",
                    "end": 701,
                    "id": "s3-t25"
                },
                {
                    "begin": 701,
                    "text": ",",
                    "end": 702,
                    "id": "s3-t26"
                },
                {
                    "begin": 703,
                    "text": "in",
                    "end": 705,
                    "id": "s3-t27"
                },
                {
                    "begin": 706,
                    "text": "terms",
                    "end": 711,
                    "id": "s3-t28"
                },
                {
                    "begin": 712,
                    "text": "of",
                    "end": 714,
                    "id": "s3-t29"
                },
                {
                    "begin": 715,
                    "text": "repeatability",
                    "end": 728,
                    "id": "s3-t30"
                },
                {
                    "begin": 729,
                    "text": "and",
                    "end": 732,
                    "id": "s3-t31"
                },
                {
                    "begin": 733,
                    "text": "distinctiveness",
                    "end": 748,
                    "id": "s3-t32"
                },
                {
                    "begin": 748,
                    "text": ".",
                    "end": 749,
                    "id": "s3-t33"
                }
            ],
            "id": "s3"
        },
        {
            "begin": 749,
            "text": " An extension of our method to space-time interest point detection for action classification is also presented.",
            "end": 860,
            "tokens": [
                {
                    "begin": 750,
                    "text": "An",
                    "end": 752,
                    "id": "s4-t0"
                },
                {
                    "begin": 753,
                    "text": "extension",
                    "end": 762,
                    "id": "s4-t1"
                },
                {
                    "begin": 763,
                    "text": "of",
                    "end": 765,
                    "id": "s4-t2"
                },
                {
                    "begin": 766,
                    "text": "our",
                    "end": 769,
                    "id": "s4-t3"
                },
                {
                    "begin": 770,
                    "text": "method",
                    "end": 776,
                    "id": "s4-t4"
                },
                {
                    "begin": 777,
                    "text": "to",
                    "end": 779,
                    "id": "s4-t5"
                },
                {
                    "begin": 780,
                    "text": "space-time",
                    "end": 790,
                    "id": "s4-t6"
                },
                {
                    "begin": 791,
                    "text": "interest",
                    "end": 799,
                    "id": "s4-t7"
                },
                {
                    "begin": 800,
                    "text": "point",
                    "end": 805,
                    "id": "s4-t8"
                },
                {
                    "begin": 806,
                    "text": "detection",
                    "end": 815,
                    "id": "s4-t9"
                },
                {
                    "begin": 816,
                    "text": "for",
                    "end": 819,
                    "id": "s4-t10"
                },
                {
                    "begin": 820,
                    "text": "action",
                    "end": 826,
                    "id": "s4-t11"
                },
                {
                    "begin": 827,
                    "text": "classification",
                    "end": 841,
                    "id": "s4-t12"
                },
                {
                    "begin": 842,
                    "text": "is",
                    "end": 844,
                    "id": "s4-t13"
                },
                {
                    "begin": 845,
                    "text": "also",
                    "end": 849,
                    "id": "s4-t14"
                },
                {
                    "begin": 850,
                    "text": "presented",
                    "end": 859,
                    "id": "s4-t15"
                },
                {
                    "begin": 859,
                    "text": ".",
                    "end": 860,
                    "id": "s4-t16"
                }
            ],
            "id": "s4"
        }
    ],
    "text": "We present a new method for detecting interest points using histogram information. Unlike existing interest point detectors, which measure pixel-wise differences in image intensity, our detectors incorporate histogram-based representations, and thus can find image regions that present a distinct distribution in the neighborhood. The proposed detectors are able to capture large-scale structures and distinctive textured patterns, and exhibit strong invariance to rotation, illumination variation, and blur. The experimental results show that the proposed histogram-based interest point detectors perform particularly well for the tasks of matching textured scenes under blur and illumination changes, in terms of repeatability and distinctiveness. An extension of our method to space-time interest point detection for action classification is also presented.",
    "id": "35cb80ec-19cf-442d-a2be-a902f750284b"
}