{
    "mentions": [
        {
            "begin": 38,
            "id": "m0",
            "end": 58,
            "type": "Task",
            "text": "point cloud matching"
        },
        {
            "begin": 64,
            "id": "m1",
            "end": 86,
            "type": "Task",
            "text": "shape matching problem"
        },
        {
            "begin": 121,
            "id": "m2",
            "end": 133,
            "type": "OtherScientificTerm",
            "text": "point clouds"
        },
        {
            "begin": 141,
            "id": "m3",
            "end": 161,
            "type": "Method",
            "text": "shape representation"
        },
        {
            "begin": 173,
            "id": "m4",
            "end": 230,
            "type": "Method",
            "text": "Schr\u00f6dinger distance transform-LRB-SDT-RRB-representation"
        },
        {
            "begin": 262,
            "id": "m5",
            "end": 289,
            "type": "OtherScientificTerm",
            "text": "static Schr\u00f6dinger equation"
        },
        {
            "begin": 319,
            "id": "m6",
            "end": 350,
            "type": "OtherScientificTerm",
            "text": "static Hamilton-Jacobi equation"
        },
        {
            "begin": 372,
            "id": "m7",
            "end": 390,
            "type": "Method",
            "text": "SDT representation"
        },
        {
            "begin": 397,
            "id": "m8",
            "end": 416,
            "type": "OtherScientificTerm",
            "text": "analytic expression"
        },
        {
            "begin": 435,
            "id": "m9",
            "end": 465,
            "type": "OtherScientificTerm",
            "text": "theoretical physics literature"
        },
        {
            "begin": 495,
            "id": "m10",
            "end": 497,
            "type": "Generic",
            "text": "it"
        },
        {
            "begin": 518,
            "id": "m11",
            "end": 537,
            "type": "OtherScientificTerm",
            "text": "square-root density"
        },
        {
            "begin": 577,
            "id": "m12",
            "end": 596,
            "type": "OtherScientificTerm",
            "text": "unit Hilbert sphere"
        },
        {
            "begin": 604,
            "id": "m13",
            "end": 622,
            "type": "OtherScientificTerm",
            "text": "intrinsic geometry"
        },
        {
            "begin": 643,
            "id": "m14",
            "end": 660,
            "type": "Metric",
            "text": "Fisher-Rao metric"
        },
        {
            "begin": 664,
            "id": "m15",
            "end": 678,
            "type": "Generic",
            "text": "natural metric"
        },
        {
            "begin": 687,
            "id": "m16",
            "end": 705,
            "type": "OtherScientificTerm",
            "text": "space of densities"
        },
        {
            "begin": 715,
            "id": "m17",
            "end": 735,
            "type": "OtherScientificTerm",
            "text": "analytic expressions"
        },
        {
            "begin": 744,
            "id": "m18",
            "end": 761,
            "type": "OtherScientificTerm",
            "text": "geodesic distance"
        },
        {
            "begin": 785,
            "id": "m19",
            "end": 791,
            "type": "Generic",
            "text": "sphere"
        },
        {
            "begin": 830,
            "id": "m20",
            "end": 850,
            "type": "Method",
            "text": "Riemannian framework"
        },
        {
            "begin": 873,
            "id": "m21",
            "end": 893,
            "type": "Task",
            "text": "point cloud matching"
        },
        {
            "begin": 915,
            "id": "m22",
            "end": 933,
            "type": "Method",
            "text": "matching algorithm"
        },
        {
            "begin": 943,
            "id": "m23",
            "end": 961,
            "type": "Task",
            "text": "point set matching"
        },
        {
            "begin": 968,
            "id": "m24",
            "end": 1003,
            "type": "OtherScientificTerm",
            "text": "rigid and non-rigid transformations"
        },
        {
            "begin": 1012,
            "id": "m25",
            "end": 1021,
            "type": "Generic",
            "text": "framework"
        },
        {
            "begin": 1040,
            "id": "m26",
            "end": 1055,
            "type": "Generic",
            "text": "transformations"
        },
        {
            "begin": 1071,
            "id": "m27",
            "end": 1104,
            "type": "Method",
            "text": "nonlinear optimization techniques"
        },
        {
            "begin": 1191,
            "id": "m28",
            "end": 1223,
            "type": "Material",
            "text": "synthetic and real data examples"
        },
        {
            "begin": 1260,
            "id": "m29",
            "end": 1287,
            "type": "Generic",
            "text": "state-of-the-art techniques"
        },
        {
            "begin": 1319,
            "id": "m30",
            "end": 1328,
            "type": "Generic",
            "text": "algorithm"
        },
        {
            "begin": 1358,
            "id": "m31",
            "end": 1391,
            "type": "Method",
            "text": "point set registration algorithms"
        },
        {
            "begin": 1400,
            "id": "m32",
            "end": 1420,
            "type": "Metric",
            "text": "quantitative metrics"
        }
    ],
    "relations": [
        {
            "args": [
                "m1",
                "m0"
            ],
            "type": "USED-FOR",
            "id": "r0"
        },
        {
            "args": [
                "m3",
                "m2"
            ],
            "type": "USED-FOR",
            "id": "r1"
        },
        {
            "args": [
                "m4",
                "m3"
            ],
            "type": "HYPONYM-OF",
            "id": "r2"
        },
        {
            "args": [
                "m7",
                "m8"
            ],
            "type": "HYPONYM-OF",
            "id": "r3"
        },
        {
            "args": [
                "m11",
                "m10"
            ],
            "type": "USED-FOR",
            "id": "r4"
        },
        {
            "args": [
                "m13",
                "m12"
            ],
            "type": "FEATURE-OF",
            "id": "r5"
        },
        {
            "args": [
                "m15",
                "m16"
            ],
            "type": "USED-FOR",
            "id": "r6"
        },
        {
            "args": [
                "m17",
                "m18"
            ],
            "type": "USED-FOR",
            "id": "r7"
        },
        {
            "args": [
                "m20",
                "m21"
            ],
            "type": "USED-FOR",
            "id": "r8"
        },
        {
            "args": [
                "m24",
                "m23"
            ],
            "type": "USED-FOR",
            "id": "r9"
        },
        {
            "args": [
                "m25",
                "m23"
            ],
            "type": "USED-FOR",
            "id": "r10"
        },
        {
            "args": [
                "m27",
                "m26"
            ],
            "type": "USED-FOR",
            "id": "r11"
        },
        {
            "args": [
                "m30",
                "m31"
            ],
            "type": "COMPARE",
            "id": "r12"
        },
        {
            "args": [
                "m32",
                "m30"
            ],
            "type": "EVALUATE-FOR",
            "id": "r13"
        },
        {
            "args": [
                "m32",
                "m31"
            ],
            "type": "EVALUATE-FOR",
            "id": "r14"
        }
    ],
    "sentences": [
        {
            "begin": 0,
            "text": "In this paper, we cast the problem of point cloud matching as a shape matching problem by transforming each of the given point clouds into a shape representation called the Schr\u00f6dinger distance transform-LRB-SDT-RRB-representation.",
            "end": 231,
            "tokens": [
                {
                    "begin": 0,
                    "text": "In",
                    "end": 2,
                    "id": "s0-t0"
                },
                {
                    "begin": 3,
                    "text": "this",
                    "end": 7,
                    "id": "s0-t1"
                },
                {
                    "begin": 8,
                    "text": "paper",
                    "end": 13,
                    "id": "s0-t2"
                },
                {
                    "begin": 13,
                    "text": ",",
                    "end": 14,
                    "id": "s0-t3"
                },
                {
                    "begin": 15,
                    "text": "we",
                    "end": 17,
                    "id": "s0-t4"
                },
                {
                    "begin": 18,
                    "text": "cast",
                    "end": 22,
                    "id": "s0-t5"
                },
                {
                    "begin": 23,
                    "text": "the",
                    "end": 26,
                    "id": "s0-t6"
                },
                {
                    "begin": 27,
                    "text": "problem",
                    "end": 34,
                    "id": "s0-t7"
                },
                {
                    "begin": 35,
                    "text": "of",
                    "end": 37,
                    "id": "s0-t8"
                },
                {
                    "begin": 38,
                    "text": "point",
                    "end": 43,
                    "id": "s0-t9"
                },
                {
                    "begin": 44,
                    "text": "cloud",
                    "end": 49,
                    "id": "s0-t10"
                },
                {
                    "begin": 50,
                    "text": "matching",
                    "end": 58,
                    "id": "s0-t11"
                },
                {
                    "begin": 59,
                    "text": "as",
                    "end": 61,
                    "id": "s0-t12"
                },
                {
                    "begin": 62,
                    "text": "a",
                    "end": 63,
                    "id": "s0-t13"
                },
                {
                    "begin": 64,
                    "text": "shape",
                    "end": 69,
                    "id": "s0-t14"
                },
                {
                    "begin": 70,
                    "text": "matching",
                    "end": 78,
                    "id": "s0-t15"
                },
                {
                    "begin": 79,
                    "text": "problem",
                    "end": 86,
                    "id": "s0-t16"
                },
                {
                    "begin": 87,
                    "text": "by",
                    "end": 89,
                    "id": "s0-t17"
                },
                {
                    "begin": 90,
                    "text": "transforming",
                    "end": 102,
                    "id": "s0-t18"
                },
                {
                    "begin": 103,
                    "text": "each",
                    "end": 107,
                    "id": "s0-t19"
                },
                {
                    "begin": 108,
                    "text": "of",
                    "end": 110,
                    "id": "s0-t20"
                },
                {
                    "begin": 111,
                    "text": "the",
                    "end": 114,
                    "id": "s0-t21"
                },
                {
                    "begin": 115,
                    "text": "given",
                    "end": 120,
                    "id": "s0-t22"
                },
                {
                    "begin": 121,
                    "text": "point",
                    "end": 126,
                    "id": "s0-t23"
                },
                {
                    "begin": 127,
                    "text": "clouds",
                    "end": 133,
                    "id": "s0-t24"
                },
                {
                    "begin": 134,
                    "text": "into",
                    "end": 138,
                    "id": "s0-t25"
                },
                {
                    "begin": 139,
                    "text": "a",
                    "end": 140,
                    "id": "s0-t26"
                },
                {
                    "begin": 141,
                    "text": "shape",
                    "end": 146,
                    "id": "s0-t27"
                },
                {
                    "begin": 147,
                    "text": "representation",
                    "end": 161,
                    "id": "s0-t28"
                },
                {
                    "begin": 162,
                    "text": "called",
                    "end": 168,
                    "id": "s0-t29"
                },
                {
                    "begin": 169,
                    "text": "the",
                    "end": 172,
                    "id": "s0-t30"
                },
                {
                    "begin": 173,
                    "text": "Schr\u00f6dinger",
                    "end": 184,
                    "id": "s0-t31"
                },
                {
                    "begin": 185,
                    "text": "distance",
                    "end": 193,
                    "id": "s0-t32"
                },
                {
                    "begin": 194,
                    "text": "transform",
                    "end": 203,
                    "id": "s0-t33"
                },
                {
                    "begin": 203,
                    "text": "-LRB-",
                    "end": 208,
                    "id": "s0-t34"
                },
                {
                    "begin": 208,
                    "text": "SDT",
                    "end": 211,
                    "id": "s0-t35"
                },
                {
                    "begin": 211,
                    "text": "-RRB-",
                    "end": 216,
                    "id": "s0-t36"
                },
                {
                    "begin": 216,
                    "text": "representation",
                    "end": 230,
                    "id": "s0-t37"
                },
                {
                    "begin": 230,
                    "text": ".",
                    "end": 231,
                    "id": "s0-t38"
                }
            ],
            "id": "s0"
        },
        {
            "begin": 231,
            "text": " This is achieved by solving a static Schr\u00f6dinger equation instead of the corresponding static Hamilton-Jacobi equation in this setting.",
            "end": 367,
            "tokens": [
                {
                    "begin": 232,
                    "text": "This",
                    "end": 236,
                    "id": "s1-t0"
                },
                {
                    "begin": 237,
                    "text": "is",
                    "end": 239,
                    "id": "s1-t1"
                },
                {
                    "begin": 240,
                    "text": "achieved",
                    "end": 248,
                    "id": "s1-t2"
                },
                {
                    "begin": 249,
                    "text": "by",
                    "end": 251,
                    "id": "s1-t3"
                },
                {
                    "begin": 252,
                    "text": "solving",
                    "end": 259,
                    "id": "s1-t4"
                },
                {
                    "begin": 260,
                    "text": "a",
                    "end": 261,
                    "id": "s1-t5"
                },
                {
                    "begin": 262,
                    "text": "static",
                    "end": 268,
                    "id": "s1-t6"
                },
                {
                    "begin": 269,
                    "text": "Schr\u00f6dinger",
                    "end": 280,
                    "id": "s1-t7"
                },
                {
                    "begin": 281,
                    "text": "equation",
                    "end": 289,
                    "id": "s1-t8"
                },
                {
                    "begin": 290,
                    "text": "instead",
                    "end": 297,
                    "id": "s1-t9"
                },
                {
                    "begin": 298,
                    "text": "of",
                    "end": 300,
                    "id": "s1-t10"
                },
                {
                    "begin": 301,
                    "text": "the",
                    "end": 304,
                    "id": "s1-t11"
                },
                {
                    "begin": 305,
                    "text": "corresponding",
                    "end": 318,
                    "id": "s1-t12"
                },
                {
                    "begin": 319,
                    "text": "static",
                    "end": 325,
                    "id": "s1-t13"
                },
                {
                    "begin": 326,
                    "text": "Hamilton-Jacobi",
                    "end": 341,
                    "id": "s1-t14"
                },
                {
                    "begin": 342,
                    "text": "equation",
                    "end": 350,
                    "id": "s1-t15"
                },
                {
                    "begin": 351,
                    "text": "in",
                    "end": 353,
                    "id": "s1-t16"
                },
                {
                    "begin": 354,
                    "text": "this",
                    "end": 358,
                    "id": "s1-t17"
                },
                {
                    "begin": 359,
                    "text": "setting",
                    "end": 366,
                    "id": "s1-t18"
                },
                {
                    "begin": 366,
                    "text": ".",
                    "end": 367,
                    "id": "s1-t19"
                }
            ],
            "id": "s1"
        },
        {
            "begin": 367,
            "text": " The SDT representation is an analytic expression and following the theoretical physics literature, can be normalized to have unit L2 norm-making it a square-root density, which is identified with a point on a unit Hilbert sphere, whose intrinsic geometry is fully known.",
            "end": 638,
            "tokens": [
                {
                    "begin": 368,
                    "text": "The",
                    "end": 371,
                    "id": "s2-t0"
                },
                {
                    "begin": 372,
                    "text": "SDT",
                    "end": 375,
                    "id": "s2-t1"
                },
                {
                    "begin": 376,
                    "text": "representation",
                    "end": 390,
                    "id": "s2-t2"
                },
                {
                    "begin": 391,
                    "text": "is",
                    "end": 393,
                    "id": "s2-t3"
                },
                {
                    "begin": 394,
                    "text": "an",
                    "end": 396,
                    "id": "s2-t4"
                },
                {
                    "begin": 397,
                    "text": "analytic",
                    "end": 405,
                    "id": "s2-t5"
                },
                {
                    "begin": 406,
                    "text": "expression",
                    "end": 416,
                    "id": "s2-t6"
                },
                {
                    "begin": 417,
                    "text": "and",
                    "end": 420,
                    "id": "s2-t7"
                },
                {
                    "begin": 421,
                    "text": "following",
                    "end": 430,
                    "id": "s2-t8"
                },
                {
                    "begin": 431,
                    "text": "the",
                    "end": 434,
                    "id": "s2-t9"
                },
                {
                    "begin": 435,
                    "text": "theoretical",
                    "end": 446,
                    "id": "s2-t10"
                },
                {
                    "begin": 447,
                    "text": "physics",
                    "end": 454,
                    "id": "s2-t11"
                },
                {
                    "begin": 455,
                    "text": "literature",
                    "end": 465,
                    "id": "s2-t12"
                },
                {
                    "begin": 465,
                    "text": ",",
                    "end": 466,
                    "id": "s2-t13"
                },
                {
                    "begin": 467,
                    "text": "can",
                    "end": 470,
                    "id": "s2-t14"
                },
                {
                    "begin": 471,
                    "text": "be",
                    "end": 473,
                    "id": "s2-t15"
                },
                {
                    "begin": 474,
                    "text": "normalized",
                    "end": 484,
                    "id": "s2-t16"
                },
                {
                    "begin": 485,
                    "text": "to",
                    "end": 487,
                    "id": "s2-t17"
                },
                {
                    "begin": 488,
                    "text": "have",
                    "end": 492,
                    "id": "s2-t18"
                },
                {
                    "begin": 493,
                    "text": "unit",
                    "end": 497,
                    "id": "s2-t19"
                },
                {
                    "begin": 498,
                    "text": "L2",
                    "end": 500,
                    "id": "s2-t20"
                },
                {
                    "begin": 501,
                    "text": "norm-making",
                    "end": 512,
                    "id": "s2-t21"
                },
                {
                    "begin": 513,
                    "text": "it",
                    "end": 515,
                    "id": "s2-t22"
                },
                {
                    "begin": 516,
                    "text": "a",
                    "end": 517,
                    "id": "s2-t23"
                },
                {
                    "begin": 518,
                    "text": "square-root",
                    "end": 529,
                    "id": "s2-t24"
                },
                {
                    "begin": 530,
                    "text": "density",
                    "end": 537,
                    "id": "s2-t25"
                },
                {
                    "begin": 537,
                    "text": ",",
                    "end": 538,
                    "id": "s2-t26"
                },
                {
                    "begin": 539,
                    "text": "which",
                    "end": 544,
                    "id": "s2-t27"
                },
                {
                    "begin": 545,
                    "text": "is",
                    "end": 547,
                    "id": "s2-t28"
                },
                {
                    "begin": 548,
                    "text": "identified",
                    "end": 558,
                    "id": "s2-t29"
                },
                {
                    "begin": 559,
                    "text": "with",
                    "end": 563,
                    "id": "s2-t30"
                },
                {
                    "begin": 564,
                    "text": "a",
                    "end": 565,
                    "id": "s2-t31"
                },
                {
                    "begin": 566,
                    "text": "point",
                    "end": 571,
                    "id": "s2-t32"
                },
                {
                    "begin": 572,
                    "text": "on",
                    "end": 574,
                    "id": "s2-t33"
                },
                {
                    "begin": 575,
                    "text": "a",
                    "end": 576,
                    "id": "s2-t34"
                },
                {
                    "begin": 577,
                    "text": "unit",
                    "end": 581,
                    "id": "s2-t35"
                },
                {
                    "begin": 582,
                    "text": "Hilbert",
                    "end": 589,
                    "id": "s2-t36"
                },
                {
                    "begin": 590,
                    "text": "sphere",
                    "end": 596,
                    "id": "s2-t37"
                },
                {
                    "begin": 596,
                    "text": ",",
                    "end": 597,
                    "id": "s2-t38"
                },
                {
                    "begin": 598,
                    "text": "whose",
                    "end": 603,
                    "id": "s2-t39"
                },
                {
                    "begin": 604,
                    "text": "intrinsic",
                    "end": 613,
                    "id": "s2-t40"
                },
                {
                    "begin": 614,
                    "text": "geometry",
                    "end": 622,
                    "id": "s2-t41"
                },
                {
                    "begin": 623,
                    "text": "is",
                    "end": 625,
                    "id": "s2-t42"
                },
                {
                    "begin": 626,
                    "text": "fully",
                    "end": 631,
                    "id": "s2-t43"
                },
                {
                    "begin": 632,
                    "text": "known",
                    "end": 637,
                    "id": "s2-t44"
                },
                {
                    "begin": 637,
                    "text": ".",
                    "end": 638,
                    "id": "s2-t45"
                }
            ],
            "id": "s2"
        },
        {
            "begin": 638,
            "text": " The Fisher-Rao metric, a natural metric for the space of densities leads to analytic expressions for the geodesic distance between points on this sphere.",
            "end": 792,
            "tokens": [
                {
                    "begin": 639,
                    "text": "The",
                    "end": 642,
                    "id": "s3-t0"
                },
                {
                    "begin": 643,
                    "text": "Fisher-Rao",
                    "end": 653,
                    "id": "s3-t1"
                },
                {
                    "begin": 654,
                    "text": "metric",
                    "end": 660,
                    "id": "s3-t2"
                },
                {
                    "begin": 660,
                    "text": ",",
                    "end": 661,
                    "id": "s3-t3"
                },
                {
                    "begin": 662,
                    "text": "a",
                    "end": 663,
                    "id": "s3-t4"
                },
                {
                    "begin": 664,
                    "text": "natural",
                    "end": 671,
                    "id": "s3-t5"
                },
                {
                    "begin": 672,
                    "text": "metric",
                    "end": 678,
                    "id": "s3-t6"
                },
                {
                    "begin": 679,
                    "text": "for",
                    "end": 682,
                    "id": "s3-t7"
                },
                {
                    "begin": 683,
                    "text": "the",
                    "end": 686,
                    "id": "s3-t8"
                },
                {
                    "begin": 687,
                    "text": "space",
                    "end": 692,
                    "id": "s3-t9"
                },
                {
                    "begin": 693,
                    "text": "of",
                    "end": 695,
                    "id": "s3-t10"
                },
                {
                    "begin": 696,
                    "text": "densities",
                    "end": 705,
                    "id": "s3-t11"
                },
                {
                    "begin": 706,
                    "text": "leads",
                    "end": 711,
                    "id": "s3-t12"
                },
                {
                    "begin": 712,
                    "text": "to",
                    "end": 714,
                    "id": "s3-t13"
                },
                {
                    "begin": 715,
                    "text": "analytic",
                    "end": 723,
                    "id": "s3-t14"
                },
                {
                    "begin": 724,
                    "text": "expressions",
                    "end": 735,
                    "id": "s3-t15"
                },
                {
                    "begin": 736,
                    "text": "for",
                    "end": 739,
                    "id": "s3-t16"
                },
                {
                    "begin": 740,
                    "text": "the",
                    "end": 743,
                    "id": "s3-t17"
                },
                {
                    "begin": 744,
                    "text": "geodesic",
                    "end": 752,
                    "id": "s3-t18"
                },
                {
                    "begin": 753,
                    "text": "distance",
                    "end": 761,
                    "id": "s3-t19"
                },
                {
                    "begin": 762,
                    "text": "between",
                    "end": 769,
                    "id": "s3-t20"
                },
                {
                    "begin": 770,
                    "text": "points",
                    "end": 776,
                    "id": "s3-t21"
                },
                {
                    "begin": 777,
                    "text": "on",
                    "end": 779,
                    "id": "s3-t22"
                },
                {
                    "begin": 780,
                    "text": "this",
                    "end": 784,
                    "id": "s3-t23"
                },
                {
                    "begin": 785,
                    "text": "sphere",
                    "end": 791,
                    "id": "s3-t24"
                },
                {
                    "begin": 791,
                    "text": ".",
                    "end": 792,
                    "id": "s3-t25"
                }
            ],
            "id": "s3"
        },
        {
            "begin": 792,
            "text": " In this paper, we use the well known Riemannian framework never before used for point cloud matching, and present a novel matching algorithm.",
            "end": 934,
            "tokens": [
                {
                    "begin": 793,
                    "text": "In",
                    "end": 795,
                    "id": "s4-t0"
                },
                {
                    "begin": 796,
                    "text": "this",
                    "end": 800,
                    "id": "s4-t1"
                },
                {
                    "begin": 801,
                    "text": "paper",
                    "end": 806,
                    "id": "s4-t2"
                },
                {
                    "begin": 806,
                    "text": ",",
                    "end": 807,
                    "id": "s4-t3"
                },
                {
                    "begin": 808,
                    "text": "we",
                    "end": 810,
                    "id": "s4-t4"
                },
                {
                    "begin": 811,
                    "text": "use",
                    "end": 814,
                    "id": "s4-t5"
                },
                {
                    "begin": 815,
                    "text": "the",
                    "end": 818,
                    "id": "s4-t6"
                },
                {
                    "begin": 819,
                    "text": "well",
                    "end": 823,
                    "id": "s4-t7"
                },
                {
                    "begin": 824,
                    "text": "known",
                    "end": 829,
                    "id": "s4-t8"
                },
                {
                    "begin": 830,
                    "text": "Riemannian",
                    "end": 840,
                    "id": "s4-t9"
                },
                {
                    "begin": 841,
                    "text": "framework",
                    "end": 850,
                    "id": "s4-t10"
                },
                {
                    "begin": 851,
                    "text": "never",
                    "end": 856,
                    "id": "s4-t11"
                },
                {
                    "begin": 857,
                    "text": "before",
                    "end": 863,
                    "id": "s4-t12"
                },
                {
                    "begin": 864,
                    "text": "used",
                    "end": 868,
                    "id": "s4-t13"
                },
                {
                    "begin": 869,
                    "text": "for",
                    "end": 872,
                    "id": "s4-t14"
                },
                {
                    "begin": 873,
                    "text": "point",
                    "end": 878,
                    "id": "s4-t15"
                },
                {
                    "begin": 879,
                    "text": "cloud",
                    "end": 884,
                    "id": "s4-t16"
                },
                {
                    "begin": 885,
                    "text": "matching",
                    "end": 893,
                    "id": "s4-t17"
                },
                {
                    "begin": 893,
                    "text": ",",
                    "end": 894,
                    "id": "s4-t18"
                },
                {
                    "begin": 895,
                    "text": "and",
                    "end": 898,
                    "id": "s4-t19"
                },
                {
                    "begin": 899,
                    "text": "present",
                    "end": 906,
                    "id": "s4-t20"
                },
                {
                    "begin": 907,
                    "text": "a",
                    "end": 908,
                    "id": "s4-t21"
                },
                {
                    "begin": 909,
                    "text": "novel",
                    "end": 914,
                    "id": "s4-t22"
                },
                {
                    "begin": 915,
                    "text": "matching",
                    "end": 923,
                    "id": "s4-t23"
                },
                {
                    "begin": 924,
                    "text": "algorithm",
                    "end": 933,
                    "id": "s4-t24"
                },
                {
                    "begin": 933,
                    "text": ".",
                    "end": 934,
                    "id": "s4-t25"
                }
            ],
            "id": "s4"
        },
        {
            "begin": 934,
            "text": " We pose point set matching under rigid and non-rigid transformations in this framework and solve for the transformations using standard nonlinear optimization techniques.",
            "end": 1105,
            "tokens": [
                {
                    "begin": 935,
                    "text": "We",
                    "end": 937,
                    "id": "s5-t0"
                },
                {
                    "begin": 938,
                    "text": "pose",
                    "end": 942,
                    "id": "s5-t1"
                },
                {
                    "begin": 943,
                    "text": "point",
                    "end": 948,
                    "id": "s5-t2"
                },
                {
                    "begin": 949,
                    "text": "set",
                    "end": 952,
                    "id": "s5-t3"
                },
                {
                    "begin": 953,
                    "text": "matching",
                    "end": 961,
                    "id": "s5-t4"
                },
                {
                    "begin": 962,
                    "text": "under",
                    "end": 967,
                    "id": "s5-t5"
                },
                {
                    "begin": 968,
                    "text": "rigid",
                    "end": 973,
                    "id": "s5-t6"
                },
                {
                    "begin": 974,
                    "text": "and",
                    "end": 977,
                    "id": "s5-t7"
                },
                {
                    "begin": 978,
                    "text": "non-rigid",
                    "end": 987,
                    "id": "s5-t8"
                },
                {
                    "begin": 988,
                    "text": "transformations",
                    "end": 1003,
                    "id": "s5-t9"
                },
                {
                    "begin": 1004,
                    "text": "in",
                    "end": 1006,
                    "id": "s5-t10"
                },
                {
                    "begin": 1007,
                    "text": "this",
                    "end": 1011,
                    "id": "s5-t11"
                },
                {
                    "begin": 1012,
                    "text": "framework",
                    "end": 1021,
                    "id": "s5-t12"
                },
                {
                    "begin": 1022,
                    "text": "and",
                    "end": 1025,
                    "id": "s5-t13"
                },
                {
                    "begin": 1026,
                    "text": "solve",
                    "end": 1031,
                    "id": "s5-t14"
                },
                {
                    "begin": 1032,
                    "text": "for",
                    "end": 1035,
                    "id": "s5-t15"
                },
                {
                    "begin": 1036,
                    "text": "the",
                    "end": 1039,
                    "id": "s5-t16"
                },
                {
                    "begin": 1040,
                    "text": "transformations",
                    "end": 1055,
                    "id": "s5-t17"
                },
                {
                    "begin": 1056,
                    "text": "using",
                    "end": 1061,
                    "id": "s5-t18"
                },
                {
                    "begin": 1062,
                    "text": "standard",
                    "end": 1070,
                    "id": "s5-t19"
                },
                {
                    "begin": 1071,
                    "text": "nonlinear",
                    "end": 1080,
                    "id": "s5-t20"
                },
                {
                    "begin": 1081,
                    "text": "optimization",
                    "end": 1093,
                    "id": "s5-t21"
                },
                {
                    "begin": 1094,
                    "text": "techniques",
                    "end": 1104,
                    "id": "s5-t22"
                },
                {
                    "begin": 1104,
                    "text": ".",
                    "end": 1105,
                    "id": "s5-t23"
                }
            ],
            "id": "s5"
        },
        {
            "begin": 1105,
            "text": " Finally, to evaluate the performance of our algorithm-dubbed SDTM-we present several synthetic and real data examples along with extensive comparisons to state-of-the-art techniques.",
            "end": 1288,
            "tokens": [
                {
                    "begin": 1106,
                    "text": "Finally",
                    "end": 1113,
                    "id": "s6-t0"
                },
                {
                    "begin": 1113,
                    "text": ",",
                    "end": 1114,
                    "id": "s6-t1"
                },
                {
                    "begin": 1115,
                    "text": "to",
                    "end": 1117,
                    "id": "s6-t2"
                },
                {
                    "begin": 1118,
                    "text": "evaluate",
                    "end": 1126,
                    "id": "s6-t3"
                },
                {
                    "begin": 1127,
                    "text": "the",
                    "end": 1130,
                    "id": "s6-t4"
                },
                {
                    "begin": 1131,
                    "text": "performance",
                    "end": 1142,
                    "id": "s6-t5"
                },
                {
                    "begin": 1143,
                    "text": "of",
                    "end": 1145,
                    "id": "s6-t6"
                },
                {
                    "begin": 1146,
                    "text": "our",
                    "end": 1149,
                    "id": "s6-t7"
                },
                {
                    "begin": 1150,
                    "text": "algorithm-dubbed",
                    "end": 1166,
                    "id": "s6-t8"
                },
                {
                    "begin": 1167,
                    "text": "SDTM-we",
                    "end": 1174,
                    "id": "s6-t9"
                },
                {
                    "begin": 1175,
                    "text": "present",
                    "end": 1182,
                    "id": "s6-t10"
                },
                {
                    "begin": 1183,
                    "text": "several",
                    "end": 1190,
                    "id": "s6-t11"
                },
                {
                    "begin": 1191,
                    "text": "synthetic",
                    "end": 1200,
                    "id": "s6-t12"
                },
                {
                    "begin": 1201,
                    "text": "and",
                    "end": 1204,
                    "id": "s6-t13"
                },
                {
                    "begin": 1205,
                    "text": "real",
                    "end": 1209,
                    "id": "s6-t14"
                },
                {
                    "begin": 1210,
                    "text": "data",
                    "end": 1214,
                    "id": "s6-t15"
                },
                {
                    "begin": 1215,
                    "text": "examples",
                    "end": 1223,
                    "id": "s6-t16"
                },
                {
                    "begin": 1224,
                    "text": "along",
                    "end": 1229,
                    "id": "s6-t17"
                },
                {
                    "begin": 1230,
                    "text": "with",
                    "end": 1234,
                    "id": "s6-t18"
                },
                {
                    "begin": 1235,
                    "text": "extensive",
                    "end": 1244,
                    "id": "s6-t19"
                },
                {
                    "begin": 1245,
                    "text": "comparisons",
                    "end": 1256,
                    "id": "s6-t20"
                },
                {
                    "begin": 1257,
                    "text": "to",
                    "end": 1259,
                    "id": "s6-t21"
                },
                {
                    "begin": 1260,
                    "text": "state-of-the-art",
                    "end": 1276,
                    "id": "s6-t22"
                },
                {
                    "begin": 1277,
                    "text": "techniques",
                    "end": 1287,
                    "id": "s6-t23"
                },
                {
                    "begin": 1287,
                    "text": ".",
                    "end": 1288,
                    "id": "s6-t24"
                }
            ],
            "id": "s6"
        },
        {
            "begin": 1288,
            "text": " The experiments show that our algorithm outperforms state-of-the-art point set registration algorithms on many quantitative metrics.",
            "end": 1421,
            "tokens": [
                {
                    "begin": 1289,
                    "text": "The",
                    "end": 1292,
                    "id": "s7-t0"
                },
                {
                    "begin": 1293,
                    "text": "experiments",
                    "end": 1304,
                    "id": "s7-t1"
                },
                {
                    "begin": 1305,
                    "text": "show",
                    "end": 1309,
                    "id": "s7-t2"
                },
                {
                    "begin": 1310,
                    "text": "that",
                    "end": 1314,
                    "id": "s7-t3"
                },
                {
                    "begin": 1315,
                    "text": "our",
                    "end": 1318,
                    "id": "s7-t4"
                },
                {
                    "begin": 1319,
                    "text": "algorithm",
                    "end": 1328,
                    "id": "s7-t5"
                },
                {
                    "begin": 1329,
                    "text": "outperforms",
                    "end": 1340,
                    "id": "s7-t6"
                },
                {
                    "begin": 1341,
                    "text": "state-of-the-art",
                    "end": 1357,
                    "id": "s7-t7"
                },
                {
                    "begin": 1358,
                    "text": "point",
                    "end": 1363,
                    "id": "s7-t8"
                },
                {
                    "begin": 1364,
                    "text": "set",
                    "end": 1367,
                    "id": "s7-t9"
                },
                {
                    "begin": 1368,
                    "text": "registration",
                    "end": 1380,
                    "id": "s7-t10"
                },
                {
                    "begin": 1381,
                    "text": "algorithms",
                    "end": 1391,
                    "id": "s7-t11"
                },
                {
                    "begin": 1392,
                    "text": "on",
                    "end": 1394,
                    "id": "s7-t12"
                },
                {
                    "begin": 1395,
                    "text": "many",
                    "end": 1399,
                    "id": "s7-t13"
                },
                {
                    "begin": 1400,
                    "text": "quantitative",
                    "end": 1412,
                    "id": "s7-t14"
                },
                {
                    "begin": 1413,
                    "text": "metrics",
                    "end": 1420,
                    "id": "s7-t15"
                },
                {
                    "begin": 1420,
                    "text": ".",
                    "end": 1421,
                    "id": "s7-t16"
                }
            ],
            "id": "s7"
        }
    ],
    "text": "In this paper, we cast the problem of point cloud matching as a shape matching problem by transforming each of the given point clouds into a shape representation called the Schr\u00f6dinger distance transform-LRB-SDT-RRB-representation. This is achieved by solving a static Schr\u00f6dinger equation instead of the corresponding static Hamilton-Jacobi equation in this setting. The SDT representation is an analytic expression and following the theoretical physics literature, can be normalized to have unit L2 norm-making it a square-root density, which is identified with a point on a unit Hilbert sphere, whose intrinsic geometry is fully known. The Fisher-Rao metric, a natural metric for the space of densities leads to analytic expressions for the geodesic distance between points on this sphere. In this paper, we use the well known Riemannian framework never before used for point cloud matching, and present a novel matching algorithm. We pose point set matching under rigid and non-rigid transformations in this framework and solve for the transformations using standard nonlinear optimization techniques. Finally, to evaluate the performance of our algorithm-dubbed SDTM-we present several synthetic and real data examples along with extensive comparisons to state-of-the-art techniques. The experiments show that our algorithm outperforms state-of-the-art point set registration algorithms on many quantitative metrics.",
    "id": "54790082-002a-4e50-9d21-b17d6e85b995"
}