{
    "mentions": [
        {
            "begin": 19,
            "id": "m0",
            "end": 40,
            "type": "Task",
            "text": "linear classification"
        },
        {
            "begin": 61,
            "id": "m1",
            "end": 73,
            "type": "Generic",
            "text": "applications"
        },
        {
            "begin": 82,
            "id": "m2",
            "end": 105,
            "type": "Task",
            "text": "document classification"
        },
        {
            "begin": 178,
            "id": "m3",
            "end": 194,
            "type": "Method",
            "text": "training methods"
        },
        {
            "begin": 251,
            "id": "m4",
            "end": 266,
            "type": "OtherScientificTerm",
            "text": "computer memory"
        },
        {
            "begin": 274,
            "id": "m5",
            "end": 281,
            "type": "Generic",
            "text": "methods"
        },
        {
            "begin": 311,
            "id": "m6",
            "end": 315,
            "type": "Generic",
            "text": "data"
        },
        {
            "begin": 332,
            "id": "m7",
            "end": 347,
            "type": "OtherScientificTerm",
            "text": "memory capacity"
        },
        {
            "begin": 359,
            "id": "m8",
            "end": 372,
            "type": "OtherScientificTerm",
            "text": "random access"
        },
        {
            "begin": 380,
            "id": "m9",
            "end": 384,
            "type": "OtherScientificTerm",
            "text": "disk"
        },
        {
            "begin": 411,
            "id": "m10",
            "end": 439,
            "type": "Method",
            "text": "block minimization framework"
        },
        {
            "begin": 444,
            "id": "m11",
            "end": 448,
            "type": "Generic",
            "text": "data"
        },
        {
            "begin": 465,
            "id": "m12",
            "end": 476,
            "type": "OtherScientificTerm",
            "text": "memory size"
        },
        {
            "begin": 526,
            "id": "m13",
            "end": 530,
            "type": "OtherScientificTerm",
            "text": "disk"
        },
        {
            "begin": 554,
            "id": "m14",
            "end": 570,
            "type": "Method",
            "text": "learning methods"
        },
        {
            "begin": 623,
            "id": "m15",
            "end": 632,
            "type": "Generic",
            "text": "framework"
        },
        {
            "begin": 637,
            "id": "m16",
            "end": 657,
            "type": "Method",
            "text": "primal and dual SVMs"
        },
        {
            "begin": 895,
            "id": "m17",
            "end": 901,
            "type": "Generic",
            "text": "method"
        }
    ],
    "relations": [
        {
            "args": [
                "m2",
                "m1"
            ],
            "type": "HYPONYM-OF",
            "id": "r0"
        },
        {
            "args": [
                "m6",
                "m7"
            ],
            "type": "COMPARE",
            "id": "r1"
        },
        {
            "args": [
                "m10",
                "m11"
            ],
            "type": "USED-FOR",
            "id": "r2"
        },
        {
            "args": [
                "m11",
                "m12"
            ],
            "type": "COMPARE",
            "id": "r3"
        },
        {
            "args": [
                "m15",
                "m16"
            ],
            "type": "USED-FOR",
            "id": "r4"
        }
    ],
    "sentences": [
        {
            "begin": 0,
            "text": "Recent advances in linear classification have shown that for applications such as document classification, the training can be extremely efficient.",
            "end": 147,
            "tokens": [
                {
                    "begin": 0,
                    "text": "Recent",
                    "end": 6,
                    "id": "s0-t0"
                },
                {
                    "begin": 7,
                    "text": "advances",
                    "end": 15,
                    "id": "s0-t1"
                },
                {
                    "begin": 16,
                    "text": "in",
                    "end": 18,
                    "id": "s0-t2"
                },
                {
                    "begin": 19,
                    "text": "linear",
                    "end": 25,
                    "id": "s0-t3"
                },
                {
                    "begin": 26,
                    "text": "classification",
                    "end": 40,
                    "id": "s0-t4"
                },
                {
                    "begin": 41,
                    "text": "have",
                    "end": 45,
                    "id": "s0-t5"
                },
                {
                    "begin": 46,
                    "text": "shown",
                    "end": 51,
                    "id": "s0-t6"
                },
                {
                    "begin": 52,
                    "text": "that",
                    "end": 56,
                    "id": "s0-t7"
                },
                {
                    "begin": 57,
                    "text": "for",
                    "end": 60,
                    "id": "s0-t8"
                },
                {
                    "begin": 61,
                    "text": "applications",
                    "end": 73,
                    "id": "s0-t9"
                },
                {
                    "begin": 74,
                    "text": "such",
                    "end": 78,
                    "id": "s0-t10"
                },
                {
                    "begin": 79,
                    "text": "as",
                    "end": 81,
                    "id": "s0-t11"
                },
                {
                    "begin": 82,
                    "text": "document",
                    "end": 90,
                    "id": "s0-t12"
                },
                {
                    "begin": 91,
                    "text": "classification",
                    "end": 105,
                    "id": "s0-t13"
                },
                {
                    "begin": 105,
                    "text": ",",
                    "end": 106,
                    "id": "s0-t14"
                },
                {
                    "begin": 107,
                    "text": "the",
                    "end": 110,
                    "id": "s0-t15"
                },
                {
                    "begin": 111,
                    "text": "training",
                    "end": 119,
                    "id": "s0-t16"
                },
                {
                    "begin": 120,
                    "text": "can",
                    "end": 123,
                    "id": "s0-t17"
                },
                {
                    "begin": 124,
                    "text": "be",
                    "end": 126,
                    "id": "s0-t18"
                },
                {
                    "begin": 127,
                    "text": "extremely",
                    "end": 136,
                    "id": "s0-t19"
                },
                {
                    "begin": 137,
                    "text": "efficient",
                    "end": 146,
                    "id": "s0-t20"
                },
                {
                    "begin": 146,
                    "text": ".",
                    "end": 147,
                    "id": "s0-t21"
                }
            ],
            "id": "s0"
        },
        {
            "begin": 147,
            "text": " However, most of the existing training methods are designed by assuming that data can be stored in the computer memory.",
            "end": 267,
            "tokens": [
                {
                    "begin": 148,
                    "text": "However",
                    "end": 155,
                    "id": "s1-t0"
                },
                {
                    "begin": 155,
                    "text": ",",
                    "end": 156,
                    "id": "s1-t1"
                },
                {
                    "begin": 157,
                    "text": "most",
                    "end": 161,
                    "id": "s1-t2"
                },
                {
                    "begin": 162,
                    "text": "of",
                    "end": 164,
                    "id": "s1-t3"
                },
                {
                    "begin": 165,
                    "text": "the",
                    "end": 168,
                    "id": "s1-t4"
                },
                {
                    "begin": 169,
                    "text": "existing",
                    "end": 177,
                    "id": "s1-t5"
                },
                {
                    "begin": 178,
                    "text": "training",
                    "end": 186,
                    "id": "s1-t6"
                },
                {
                    "begin": 187,
                    "text": "methods",
                    "end": 194,
                    "id": "s1-t7"
                },
                {
                    "begin": 195,
                    "text": "are",
                    "end": 198,
                    "id": "s1-t8"
                },
                {
                    "begin": 199,
                    "text": "designed",
                    "end": 207,
                    "id": "s1-t9"
                },
                {
                    "begin": 208,
                    "text": "by",
                    "end": 210,
                    "id": "s1-t10"
                },
                {
                    "begin": 211,
                    "text": "assuming",
                    "end": 219,
                    "id": "s1-t11"
                },
                {
                    "begin": 220,
                    "text": "that",
                    "end": 224,
                    "id": "s1-t12"
                },
                {
                    "begin": 225,
                    "text": "data",
                    "end": 229,
                    "id": "s1-t13"
                },
                {
                    "begin": 230,
                    "text": "can",
                    "end": 233,
                    "id": "s1-t14"
                },
                {
                    "begin": 234,
                    "text": "be",
                    "end": 236,
                    "id": "s1-t15"
                },
                {
                    "begin": 237,
                    "text": "stored",
                    "end": 243,
                    "id": "s1-t16"
                },
                {
                    "begin": 244,
                    "text": "in",
                    "end": 246,
                    "id": "s1-t17"
                },
                {
                    "begin": 247,
                    "text": "the",
                    "end": 250,
                    "id": "s1-t18"
                },
                {
                    "begin": 251,
                    "text": "computer",
                    "end": 259,
                    "id": "s1-t19"
                },
                {
                    "begin": 260,
                    "text": "memory",
                    "end": 266,
                    "id": "s1-t20"
                },
                {
                    "begin": 266,
                    "text": ".",
                    "end": 267,
                    "id": "s1-t21"
                }
            ],
            "id": "s1"
        },
        {
            "begin": 267,
            "text": " These methods can not be easily applied to data larger than the memory capacity due to the random access to the disk.",
            "end": 385,
            "tokens": [
                {
                    "begin": 268,
                    "text": "These",
                    "end": 273,
                    "id": "s2-t0"
                },
                {
                    "begin": 274,
                    "text": "methods",
                    "end": 281,
                    "id": "s2-t1"
                },
                {
                    "begin": 282,
                    "text": "can",
                    "end": 285,
                    "id": "s2-t2"
                },
                {
                    "begin": 286,
                    "text": "not",
                    "end": 289,
                    "id": "s2-t3"
                },
                {
                    "begin": 290,
                    "text": "be",
                    "end": 292,
                    "id": "s2-t4"
                },
                {
                    "begin": 293,
                    "text": "easily",
                    "end": 299,
                    "id": "s2-t5"
                },
                {
                    "begin": 300,
                    "text": "applied",
                    "end": 307,
                    "id": "s2-t6"
                },
                {
                    "begin": 308,
                    "text": "to",
                    "end": 310,
                    "id": "s2-t7"
                },
                {
                    "begin": 311,
                    "text": "data",
                    "end": 315,
                    "id": "s2-t8"
                },
                {
                    "begin": 316,
                    "text": "larger",
                    "end": 322,
                    "id": "s2-t9"
                },
                {
                    "begin": 323,
                    "text": "than",
                    "end": 327,
                    "id": "s2-t10"
                },
                {
                    "begin": 328,
                    "text": "the",
                    "end": 331,
                    "id": "s2-t11"
                },
                {
                    "begin": 332,
                    "text": "memory",
                    "end": 338,
                    "id": "s2-t12"
                },
                {
                    "begin": 339,
                    "text": "capacity",
                    "end": 347,
                    "id": "s2-t13"
                },
                {
                    "begin": 348,
                    "text": "due",
                    "end": 351,
                    "id": "s2-t14"
                },
                {
                    "begin": 352,
                    "text": "to",
                    "end": 354,
                    "id": "s2-t15"
                },
                {
                    "begin": 355,
                    "text": "the",
                    "end": 358,
                    "id": "s2-t16"
                },
                {
                    "begin": 359,
                    "text": "random",
                    "end": 365,
                    "id": "s2-t17"
                },
                {
                    "begin": 366,
                    "text": "access",
                    "end": 372,
                    "id": "s2-t18"
                },
                {
                    "begin": 373,
                    "text": "to",
                    "end": 375,
                    "id": "s2-t19"
                },
                {
                    "begin": 376,
                    "text": "the",
                    "end": 379,
                    "id": "s2-t20"
                },
                {
                    "begin": 380,
                    "text": "disk",
                    "end": 384,
                    "id": "s2-t21"
                },
                {
                    "begin": 384,
                    "text": ".",
                    "end": 385,
                    "id": "s2-t22"
                }
            ],
            "id": "s2"
        },
        {
            "begin": 385,
            "text": " We propose and analyze a block minimization framework for data larger than the memory size.",
            "end": 477,
            "tokens": [
                {
                    "begin": 386,
                    "text": "We",
                    "end": 388,
                    "id": "s3-t0"
                },
                {
                    "begin": 389,
                    "text": "propose",
                    "end": 396,
                    "id": "s3-t1"
                },
                {
                    "begin": 397,
                    "text": "and",
                    "end": 400,
                    "id": "s3-t2"
                },
                {
                    "begin": 401,
                    "text": "analyze",
                    "end": 408,
                    "id": "s3-t3"
                },
                {
                    "begin": 409,
                    "text": "a",
                    "end": 410,
                    "id": "s3-t4"
                },
                {
                    "begin": 411,
                    "text": "block",
                    "end": 416,
                    "id": "s3-t5"
                },
                {
                    "begin": 417,
                    "text": "minimization",
                    "end": 429,
                    "id": "s3-t6"
                },
                {
                    "begin": 430,
                    "text": "framework",
                    "end": 439,
                    "id": "s3-t7"
                },
                {
                    "begin": 440,
                    "text": "for",
                    "end": 443,
                    "id": "s3-t8"
                },
                {
                    "begin": 444,
                    "text": "data",
                    "end": 448,
                    "id": "s3-t9"
                },
                {
                    "begin": 449,
                    "text": "larger",
                    "end": 455,
                    "id": "s3-t10"
                },
                {
                    "begin": 456,
                    "text": "than",
                    "end": 460,
                    "id": "s3-t11"
                },
                {
                    "begin": 461,
                    "text": "the",
                    "end": 464,
                    "id": "s3-t12"
                },
                {
                    "begin": 465,
                    "text": "memory",
                    "end": 471,
                    "id": "s3-t13"
                },
                {
                    "begin": 472,
                    "text": "size",
                    "end": 476,
                    "id": "s3-t14"
                },
                {
                    "begin": 476,
                    "text": ".",
                    "end": 477,
                    "id": "s3-t15"
                }
            ],
            "id": "s3"
        },
        {
            "begin": 477,
            "text": " At each step a block of data is loaded from the disk and handled by certain learning methods.",
            "end": 571,
            "tokens": [
                {
                    "begin": 478,
                    "text": "At",
                    "end": 480,
                    "id": "s4-t0"
                },
                {
                    "begin": 481,
                    "text": "each",
                    "end": 485,
                    "id": "s4-t1"
                },
                {
                    "begin": 486,
                    "text": "step",
                    "end": 490,
                    "id": "s4-t2"
                },
                {
                    "begin": 491,
                    "text": "a",
                    "end": 492,
                    "id": "s4-t3"
                },
                {
                    "begin": 493,
                    "text": "block",
                    "end": 498,
                    "id": "s4-t4"
                },
                {
                    "begin": 499,
                    "text": "of",
                    "end": 501,
                    "id": "s4-t5"
                },
                {
                    "begin": 502,
                    "text": "data",
                    "end": 506,
                    "id": "s4-t6"
                },
                {
                    "begin": 507,
                    "text": "is",
                    "end": 509,
                    "id": "s4-t7"
                },
                {
                    "begin": 510,
                    "text": "loaded",
                    "end": 516,
                    "id": "s4-t8"
                },
                {
                    "begin": 517,
                    "text": "from",
                    "end": 521,
                    "id": "s4-t9"
                },
                {
                    "begin": 522,
                    "text": "the",
                    "end": 525,
                    "id": "s4-t10"
                },
                {
                    "begin": 526,
                    "text": "disk",
                    "end": 530,
                    "id": "s4-t11"
                },
                {
                    "begin": 531,
                    "text": "and",
                    "end": 534,
                    "id": "s4-t12"
                },
                {
                    "begin": 535,
                    "text": "handled",
                    "end": 542,
                    "id": "s4-t13"
                },
                {
                    "begin": 543,
                    "text": "by",
                    "end": 545,
                    "id": "s4-t14"
                },
                {
                    "begin": 546,
                    "text": "certain",
                    "end": 553,
                    "id": "s4-t15"
                },
                {
                    "begin": 554,
                    "text": "learning",
                    "end": 562,
                    "id": "s4-t16"
                },
                {
                    "begin": 563,
                    "text": "methods",
                    "end": 570,
                    "id": "s4-t17"
                },
                {
                    "begin": 570,
                    "text": ".",
                    "end": 571,
                    "id": "s4-t18"
                }
            ],
            "id": "s4"
        },
        {
            "begin": 571,
            "text": " We investigate two implementations of the proposed framework for primal and dual SVMs, respectively.",
            "end": 672,
            "tokens": [
                {
                    "begin": 572,
                    "text": "We",
                    "end": 574,
                    "id": "s5-t0"
                },
                {
                    "begin": 575,
                    "text": "investigate",
                    "end": 586,
                    "id": "s5-t1"
                },
                {
                    "begin": 587,
                    "text": "two",
                    "end": 590,
                    "id": "s5-t2"
                },
                {
                    "begin": 591,
                    "text": "implementations",
                    "end": 606,
                    "id": "s5-t3"
                },
                {
                    "begin": 607,
                    "text": "of",
                    "end": 609,
                    "id": "s5-t4"
                },
                {
                    "begin": 610,
                    "text": "the",
                    "end": 613,
                    "id": "s5-t5"
                },
                {
                    "begin": 614,
                    "text": "proposed",
                    "end": 622,
                    "id": "s5-t6"
                },
                {
                    "begin": 623,
                    "text": "framework",
                    "end": 632,
                    "id": "s5-t7"
                },
                {
                    "begin": 633,
                    "text": "for",
                    "end": 636,
                    "id": "s5-t8"
                },
                {
                    "begin": 637,
                    "text": "primal",
                    "end": 643,
                    "id": "s5-t9"
                },
                {
                    "begin": 644,
                    "text": "and",
                    "end": 647,
                    "id": "s5-t10"
                },
                {
                    "begin": 648,
                    "text": "dual",
                    "end": 652,
                    "id": "s5-t11"
                },
                {
                    "begin": 653,
                    "text": "SVMs",
                    "end": 657,
                    "id": "s5-t12"
                },
                {
                    "begin": 657,
                    "text": ",",
                    "end": 658,
                    "id": "s5-t13"
                },
                {
                    "begin": 659,
                    "text": "respectively",
                    "end": 671,
                    "id": "s5-t14"
                },
                {
                    "begin": 671,
                    "text": ".",
                    "end": 672,
                    "id": "s5-t15"
                }
            ],
            "id": "s5"
        },
        {
            "begin": 672,
            "text": " As data can not fit in memory, many design considerations are very different from those for traditional algorithms.",
            "end": 788,
            "tokens": [
                {
                    "begin": 673,
                    "text": "As",
                    "end": 675,
                    "id": "s6-t0"
                },
                {
                    "begin": 676,
                    "text": "data",
                    "end": 680,
                    "id": "s6-t1"
                },
                {
                    "begin": 681,
                    "text": "can",
                    "end": 684,
                    "id": "s6-t2"
                },
                {
                    "begin": 685,
                    "text": "not",
                    "end": 688,
                    "id": "s6-t3"
                },
                {
                    "begin": 689,
                    "text": "fit",
                    "end": 692,
                    "id": "s6-t4"
                },
                {
                    "begin": 693,
                    "text": "in",
                    "end": 695,
                    "id": "s6-t5"
                },
                {
                    "begin": 696,
                    "text": "memory",
                    "end": 702,
                    "id": "s6-t6"
                },
                {
                    "begin": 702,
                    "text": ",",
                    "end": 703,
                    "id": "s6-t7"
                },
                {
                    "begin": 704,
                    "text": "many",
                    "end": 708,
                    "id": "s6-t8"
                },
                {
                    "begin": 709,
                    "text": "design",
                    "end": 715,
                    "id": "s6-t9"
                },
                {
                    "begin": 716,
                    "text": "considerations",
                    "end": 730,
                    "id": "s6-t10"
                },
                {
                    "begin": 731,
                    "text": "are",
                    "end": 734,
                    "id": "s6-t11"
                },
                {
                    "begin": 735,
                    "text": "very",
                    "end": 739,
                    "id": "s6-t12"
                },
                {
                    "begin": 740,
                    "text": "different",
                    "end": 749,
                    "id": "s6-t13"
                },
                {
                    "begin": 750,
                    "text": "from",
                    "end": 754,
                    "id": "s6-t14"
                },
                {
                    "begin": 755,
                    "text": "those",
                    "end": 760,
                    "id": "s6-t15"
                },
                {
                    "begin": 761,
                    "text": "for",
                    "end": 764,
                    "id": "s6-t16"
                },
                {
                    "begin": 765,
                    "text": "traditional",
                    "end": 776,
                    "id": "s6-t17"
                },
                {
                    "begin": 777,
                    "text": "algorithms",
                    "end": 787,
                    "id": "s6-t18"
                },
                {
                    "begin": 787,
                    "text": ".",
                    "end": 788,
                    "id": "s6-t19"
                }
            ],
            "id": "s6"
        },
        {
            "begin": 788,
            "text": " Experiments using data sets 20 times larger than the memory demonstrate the effectiveness of the proposed method.",
            "end": 902,
            "tokens": [
                {
                    "begin": 789,
                    "text": "Experiments",
                    "end": 800,
                    "id": "s7-t0"
                },
                {
                    "begin": 801,
                    "text": "using",
                    "end": 806,
                    "id": "s7-t1"
                },
                {
                    "begin": 807,
                    "text": "data",
                    "end": 811,
                    "id": "s7-t2"
                },
                {
                    "begin": 812,
                    "text": "sets",
                    "end": 816,
                    "id": "s7-t3"
                },
                {
                    "begin": 817,
                    "text": "20",
                    "end": 819,
                    "id": "s7-t4"
                },
                {
                    "begin": 820,
                    "text": "times",
                    "end": 825,
                    "id": "s7-t5"
                },
                {
                    "begin": 826,
                    "text": "larger",
                    "end": 832,
                    "id": "s7-t6"
                },
                {
                    "begin": 833,
                    "text": "than",
                    "end": 837,
                    "id": "s7-t7"
                },
                {
                    "begin": 838,
                    "text": "the",
                    "end": 841,
                    "id": "s7-t8"
                },
                {
                    "begin": 842,
                    "text": "memory",
                    "end": 848,
                    "id": "s7-t9"
                },
                {
                    "begin": 849,
                    "text": "demonstrate",
                    "end": 860,
                    "id": "s7-t10"
                },
                {
                    "begin": 861,
                    "text": "the",
                    "end": 864,
                    "id": "s7-t11"
                },
                {
                    "begin": 865,
                    "text": "effectiveness",
                    "end": 878,
                    "id": "s7-t12"
                },
                {
                    "begin": 879,
                    "text": "of",
                    "end": 881,
                    "id": "s7-t13"
                },
                {
                    "begin": 882,
                    "text": "the",
                    "end": 885,
                    "id": "s7-t14"
                },
                {
                    "begin": 886,
                    "text": "proposed",
                    "end": 894,
                    "id": "s7-t15"
                },
                {
                    "begin": 895,
                    "text": "method",
                    "end": 901,
                    "id": "s7-t16"
                },
                {
                    "begin": 901,
                    "text": ".",
                    "end": 902,
                    "id": "s7-t17"
                }
            ],
            "id": "s7"
        }
    ],
    "text": "Recent advances in linear classification have shown that for applications such as document classification, the training can be extremely efficient. However, most of the existing training methods are designed by assuming that data can be stored in the computer memory. These methods can not be easily applied to data larger than the memory capacity due to the random access to the disk. We propose and analyze a block minimization framework for data larger than the memory size. At each step a block of data is loaded from the disk and handled by certain learning methods. We investigate two implementations of the proposed framework for primal and dual SVMs, respectively. As data can not fit in memory, many design considerations are very different from those for traditional algorithms. Experiments using data sets 20 times larger than the memory demonstrate the effectiveness of the proposed method.",
    "id": "c6cb7145-c168-4061-ae41-a34704d47adf"
}