{
    "mentions": [
        {
            "begin": 0,
            "id": "m0",
            "end": 11,
            "type": "Method",
            "text": "Unification"
        },
        {
            "begin": 37,
            "id": "m1",
            "end": 43,
            "type": "Generic",
            "text": "method"
        },
        {
            "begin": 59,
            "id": "m2",
            "end": 92,
            "type": "Task",
            "text": "relations between representations"
        },
        {
            "begin": 108,
            "id": "m3",
            "end": 126,
            "type": "OtherScientificTerm",
            "text": "feature structures"
        },
        {
            "begin": 182,
            "id": "m4",
            "end": 190,
            "type": "Generic",
            "text": "approach"
        },
        {
            "begin": 207,
            "id": "m5",
            "end": 228,
            "type": "Method",
            "text": "declarative formalism"
        },
        {
            "begin": 256,
            "id": "m6",
            "end": 309,
            "type": "OtherScientificTerm",
            "text": "direct mappings of one feature structure into another"
        }
    ],
    "relations": [
        {
            "args": [
                "m1",
                "m2"
            ],
            "type": "USED-FOR",
            "id": "r0"
        },
        {
            "args": [
                "m3",
                "m2"
            ],
            "type": "USED-FOR",
            "id": "r1"
        },
        {
            "args": [
                "m4",
                "m1"
            ],
            "type": "COMPARE",
            "id": "r2"
        },
        {
            "args": [
                "m6",
                "m5"
            ],
            "type": "FEATURE-OF",
            "id": "r3"
        }
    ],
    "sentences": [
        {
            "begin": 0,
            "text": "Unification is often the appropriate method for expressing relations between representations in the form of feature structures; however, there are circumstances in which a different approach is desirable.",
            "end": 204,
            "tokens": [
                {
                    "begin": 0,
                    "text": "Unification",
                    "end": 11,
                    "id": "s0-t0"
                },
                {
                    "begin": 12,
                    "text": "is",
                    "end": 14,
                    "id": "s0-t1"
                },
                {
                    "begin": 15,
                    "text": "often",
                    "end": 20,
                    "id": "s0-t2"
                },
                {
                    "begin": 21,
                    "text": "the",
                    "end": 24,
                    "id": "s0-t3"
                },
                {
                    "begin": 25,
                    "text": "appropriate",
                    "end": 36,
                    "id": "s0-t4"
                },
                {
                    "begin": 37,
                    "text": "method",
                    "end": 43,
                    "id": "s0-t5"
                },
                {
                    "begin": 44,
                    "text": "for",
                    "end": 47,
                    "id": "s0-t6"
                },
                {
                    "begin": 48,
                    "text": "expressing",
                    "end": 58,
                    "id": "s0-t7"
                },
                {
                    "begin": 59,
                    "text": "relations",
                    "end": 68,
                    "id": "s0-t8"
                },
                {
                    "begin": 69,
                    "text": "between",
                    "end": 76,
                    "id": "s0-t9"
                },
                {
                    "begin": 77,
                    "text": "representations",
                    "end": 92,
                    "id": "s0-t10"
                },
                {
                    "begin": 93,
                    "text": "in",
                    "end": 95,
                    "id": "s0-t11"
                },
                {
                    "begin": 96,
                    "text": "the",
                    "end": 99,
                    "id": "s0-t12"
                },
                {
                    "begin": 100,
                    "text": "form",
                    "end": 104,
                    "id": "s0-t13"
                },
                {
                    "begin": 105,
                    "text": "of",
                    "end": 107,
                    "id": "s0-t14"
                },
                {
                    "begin": 108,
                    "text": "feature",
                    "end": 115,
                    "id": "s0-t15"
                },
                {
                    "begin": 116,
                    "text": "structures",
                    "end": 126,
                    "id": "s0-t16"
                },
                {
                    "begin": 126,
                    "text": ";",
                    "end": 127,
                    "id": "s0-t17"
                },
                {
                    "begin": 128,
                    "text": "however",
                    "end": 135,
                    "id": "s0-t18"
                },
                {
                    "begin": 135,
                    "text": ",",
                    "end": 136,
                    "id": "s0-t19"
                },
                {
                    "begin": 137,
                    "text": "there",
                    "end": 142,
                    "id": "s0-t20"
                },
                {
                    "begin": 143,
                    "text": "are",
                    "end": 146,
                    "id": "s0-t21"
                },
                {
                    "begin": 147,
                    "text": "circumstances",
                    "end": 160,
                    "id": "s0-t22"
                },
                {
                    "begin": 161,
                    "text": "in",
                    "end": 163,
                    "id": "s0-t23"
                },
                {
                    "begin": 164,
                    "text": "which",
                    "end": 169,
                    "id": "s0-t24"
                },
                {
                    "begin": 170,
                    "text": "a",
                    "end": 171,
                    "id": "s0-t25"
                },
                {
                    "begin": 172,
                    "text": "different",
                    "end": 181,
                    "id": "s0-t26"
                },
                {
                    "begin": 182,
                    "text": "approach",
                    "end": 190,
                    "id": "s0-t27"
                },
                {
                    "begin": 191,
                    "text": "is",
                    "end": 193,
                    "id": "s0-t28"
                },
                {
                    "begin": 194,
                    "text": "desirable",
                    "end": 203,
                    "id": "s0-t29"
                },
                {
                    "begin": 203,
                    "text": ".",
                    "end": 204,
                    "id": "s0-t30"
                }
            ],
            "id": "s0"
        },
        {
            "begin": 204,
            "text": " A declarative formalism is presented which permits direct mappings of one feature structure into another, and illustrative examples are given of its application to areas of current interest.",
            "end": 395,
            "tokens": [
                {
                    "begin": 205,
                    "text": "A",
                    "end": 206,
                    "id": "s1-t0"
                },
                {
                    "begin": 207,
                    "text": "declarative",
                    "end": 218,
                    "id": "s1-t1"
                },
                {
                    "begin": 219,
                    "text": "formalism",
                    "end": 228,
                    "id": "s1-t2"
                },
                {
                    "begin": 229,
                    "text": "is",
                    "end": 231,
                    "id": "s1-t3"
                },
                {
                    "begin": 232,
                    "text": "presented",
                    "end": 241,
                    "id": "s1-t4"
                },
                {
                    "begin": 242,
                    "text": "which",
                    "end": 247,
                    "id": "s1-t5"
                },
                {
                    "begin": 248,
                    "text": "permits",
                    "end": 255,
                    "id": "s1-t6"
                },
                {
                    "begin": 256,
                    "text": "direct",
                    "end": 262,
                    "id": "s1-t7"
                },
                {
                    "begin": 263,
                    "text": "mappings",
                    "end": 271,
                    "id": "s1-t8"
                },
                {
                    "begin": 272,
                    "text": "of",
                    "end": 274,
                    "id": "s1-t9"
                },
                {
                    "begin": 275,
                    "text": "one",
                    "end": 278,
                    "id": "s1-t10"
                },
                {
                    "begin": 279,
                    "text": "feature",
                    "end": 286,
                    "id": "s1-t11"
                },
                {
                    "begin": 287,
                    "text": "structure",
                    "end": 296,
                    "id": "s1-t12"
                },
                {
                    "begin": 297,
                    "text": "into",
                    "end": 301,
                    "id": "s1-t13"
                },
                {
                    "begin": 302,
                    "text": "another",
                    "end": 309,
                    "id": "s1-t14"
                },
                {
                    "begin": 309,
                    "text": ",",
                    "end": 310,
                    "id": "s1-t15"
                },
                {
                    "begin": 311,
                    "text": "and",
                    "end": 314,
                    "id": "s1-t16"
                },
                {
                    "begin": 315,
                    "text": "illustrative",
                    "end": 327,
                    "id": "s1-t17"
                },
                {
                    "begin": 328,
                    "text": "examples",
                    "end": 336,
                    "id": "s1-t18"
                },
                {
                    "begin": 337,
                    "text": "are",
                    "end": 340,
                    "id": "s1-t19"
                },
                {
                    "begin": 341,
                    "text": "given",
                    "end": 346,
                    "id": "s1-t20"
                },
                {
                    "begin": 347,
                    "text": "of",
                    "end": 349,
                    "id": "s1-t21"
                },
                {
                    "begin": 350,
                    "text": "its",
                    "end": 353,
                    "id": "s1-t22"
                },
                {
                    "begin": 354,
                    "text": "application",
                    "end": 365,
                    "id": "s1-t23"
                },
                {
                    "begin": 366,
                    "text": "to",
                    "end": 368,
                    "id": "s1-t24"
                },
                {
                    "begin": 369,
                    "text": "areas",
                    "end": 374,
                    "id": "s1-t25"
                },
                {
                    "begin": 375,
                    "text": "of",
                    "end": 377,
                    "id": "s1-t26"
                },
                {
                    "begin": 378,
                    "text": "current",
                    "end": 385,
                    "id": "s1-t27"
                },
                {
                    "begin": 386,
                    "text": "interest",
                    "end": 394,
                    "id": "s1-t28"
                },
                {
                    "begin": 394,
                    "text": ".",
                    "end": 395,
                    "id": "s1-t29"
                }
            ],
            "id": "s1"
        }
    ],
    "text": "Unification is often the appropriate method for expressing relations between representations in the form of feature structures; however, there are circumstances in which a different approach is desirable. A declarative formalism is presented which permits direct mappings of one feature structure into another, and illustrative examples are given of its application to areas of current interest.",
    "id": "e8f77860-b1da-42d7-ae86-ab6631dd3397"
}