{
    "mentions": [
        {
            "begin": 32,
            "id": "m0",
            "end": 48,
            "type": "OtherScientificTerm",
            "text": "polysemous words"
        },
        {
            "begin": 154,
            "id": "m1",
            "end": 187,
            "type": "Method",
            "text": "word-sense disambiguation systems"
        },
        {
            "begin": 189,
            "id": "m2",
            "end": 192,
            "type": "Generic",
            "text": "one"
        },
        {
            "begin": 204,
            "id": "m3",
            "end": 222,
            "type": "Material",
            "text": "bilingual material"
        },
        {
            "begin": 231,
            "id": "m4",
            "end": 248,
            "type": "Material",
            "text": "Canadian Hansards"
        },
        {
            "begin": 261,
            "id": "m5",
            "end": 266,
            "type": "Generic",
            "text": "other"
        },
        {
            "begin": 278,
            "id": "m6",
            "end": 298,
            "type": "Material",
            "text": "monolingual material"
        },
        {
            "begin": 303,
            "id": "m7",
            "end": 320,
            "type": "Material",
            "text": "Roget's Thesaurus"
        },
        {
            "begin": 325,
            "id": "m8",
            "end": 347,
            "type": "Material",
            "text": "Grolier's Encyclopedia"
        },
        {
            "begin": 417,
            "id": "m9",
            "end": 426,
            "type": "OtherScientificTerm",
            "text": "discourse"
        },
        {
            "begin": 449,
            "id": "m10",
            "end": 464,
            "type": "OtherScientificTerm",
            "text": "polysemous word"
        },
        {
            "begin": 513,
            "id": "m11",
            "end": 535,
            "type": "OtherScientificTerm",
            "text": "well-written discourse"
        },
        {
            "begin": 723,
            "id": "m12",
            "end": 732,
            "type": "OtherScientificTerm",
            "text": "discourse"
        },
        {
            "begin": 818,
            "id": "m13",
            "end": 828,
            "type": "OtherScientificTerm",
            "text": "constraint"
        },
        {
            "begin": 866,
            "id": "m14",
            "end": 901,
            "type": "Method",
            "text": "word-sense disambiguation algorithm"
        },
        {
            "begin": 909,
            "id": "m15",
            "end": 911,
            "type": "Generic",
            "text": "it"
        },
        {
            "begin": 955,
            "id": "m16",
            "end": 980,
            "type": "Method",
            "text": "disambiguation algorithms"
        },
        {
            "begin": 1010,
            "id": "m17",
            "end": 1030,
            "type": "OtherScientificTerm",
            "text": "discourse constraint"
        }
    ],
    "relations": [
        {
            "args": [
                "m2",
                "m1"
            ],
            "type": "HYPONYM-OF",
            "id": "r0"
        },
        {
            "args": [
                "m2",
                "m5"
            ],
            "type": "CONJUNCTION",
            "id": "r1"
        },
        {
            "args": [
                "m3",
                "m2"
            ],
            "type": "EVALUATE-FOR",
            "id": "r2"
        },
        {
            "args": [
                "m5",
                "m1"
            ],
            "type": "HYPONYM-OF",
            "id": "r3"
        },
        {
            "args": [
                "m6",
                "m5"
            ],
            "type": "USED-FOR",
            "id": "r4"
        },
        {
            "args": [
                "m7",
                "m6"
            ],
            "type": "HYPONYM-OF",
            "id": "r5"
        },
        {
            "args": [
                "m7",
                "m8"
            ],
            "type": "CONJUNCTION",
            "id": "r6"
        },
        {
            "args": [
                "m8",
                "m6"
            ],
            "type": "HYPONYM-OF",
            "id": "r7"
        },
        {
            "args": [
                "m15",
                "m16"
            ],
            "type": "EVALUATE-FOR",
            "id": "r8"
        }
    ],
    "sentences": [
        {
            "begin": 0,
            "text": "It is well-known that there are polysemous words like sentence whose meaning or sense depends on the context of use.",
            "end": 116,
            "tokens": [
                {
                    "begin": 0,
                    "text": "It",
                    "end": 2,
                    "id": "s0-t0"
                },
                {
                    "begin": 3,
                    "text": "is",
                    "end": 5,
                    "id": "s0-t1"
                },
                {
                    "begin": 6,
                    "text": "well-known",
                    "end": 16,
                    "id": "s0-t2"
                },
                {
                    "begin": 17,
                    "text": "that",
                    "end": 21,
                    "id": "s0-t3"
                },
                {
                    "begin": 22,
                    "text": "there",
                    "end": 27,
                    "id": "s0-t4"
                },
                {
                    "begin": 28,
                    "text": "are",
                    "end": 31,
                    "id": "s0-t5"
                },
                {
                    "begin": 32,
                    "text": "polysemous",
                    "end": 42,
                    "id": "s0-t6"
                },
                {
                    "begin": 43,
                    "text": "words",
                    "end": 48,
                    "id": "s0-t7"
                },
                {
                    "begin": 49,
                    "text": "like",
                    "end": 53,
                    "id": "s0-t8"
                },
                {
                    "begin": 54,
                    "text": "sentence",
                    "end": 62,
                    "id": "s0-t9"
                },
                {
                    "begin": 63,
                    "text": "whose",
                    "end": 68,
                    "id": "s0-t10"
                },
                {
                    "begin": 69,
                    "text": "meaning",
                    "end": 76,
                    "id": "s0-t11"
                },
                {
                    "begin": 77,
                    "text": "or",
                    "end": 79,
                    "id": "s0-t12"
                },
                {
                    "begin": 80,
                    "text": "sense",
                    "end": 85,
                    "id": "s0-t13"
                },
                {
                    "begin": 86,
                    "text": "depends",
                    "end": 93,
                    "id": "s0-t14"
                },
                {
                    "begin": 94,
                    "text": "on",
                    "end": 96,
                    "id": "s0-t15"
                },
                {
                    "begin": 97,
                    "text": "the",
                    "end": 100,
                    "id": "s0-t16"
                },
                {
                    "begin": 101,
                    "text": "context",
                    "end": 108,
                    "id": "s0-t17"
                },
                {
                    "begin": 109,
                    "text": "of",
                    "end": 111,
                    "id": "s0-t18"
                },
                {
                    "begin": 112,
                    "text": "use",
                    "end": 115,
                    "id": "s0-t19"
                },
                {
                    "begin": 115,
                    "text": ".",
                    "end": 116,
                    "id": "s0-t20"
                }
            ],
            "id": "s0"
        },
        {
            "begin": 116,
            "text": " We have recently reported on two new word-sense disambiguation systems, one trained on bilingual material-LRB-the Canadian Hansards-RRB-and the other trained on monolingual material-LRB-Roget's Thesaurus and Grolier's Encyclopedia-RRB-.",
            "end": 353,
            "tokens": [
                {
                    "begin": 117,
                    "text": "We",
                    "end": 119,
                    "id": "s1-t0"
                },
                {
                    "begin": 120,
                    "text": "have",
                    "end": 124,
                    "id": "s1-t1"
                },
                {
                    "begin": 125,
                    "text": "recently",
                    "end": 133,
                    "id": "s1-t2"
                },
                {
                    "begin": 134,
                    "text": "reported",
                    "end": 142,
                    "id": "s1-t3"
                },
                {
                    "begin": 143,
                    "text": "on",
                    "end": 145,
                    "id": "s1-t4"
                },
                {
                    "begin": 146,
                    "text": "two",
                    "end": 149,
                    "id": "s1-t5"
                },
                {
                    "begin": 150,
                    "text": "new",
                    "end": 153,
                    "id": "s1-t6"
                },
                {
                    "begin": 154,
                    "text": "word-sense",
                    "end": 164,
                    "id": "s1-t7"
                },
                {
                    "begin": 165,
                    "text": "disambiguation",
                    "end": 179,
                    "id": "s1-t8"
                },
                {
                    "begin": 180,
                    "text": "systems",
                    "end": 187,
                    "id": "s1-t9"
                },
                {
                    "begin": 187,
                    "text": ",",
                    "end": 188,
                    "id": "s1-t10"
                },
                {
                    "begin": 189,
                    "text": "one",
                    "end": 192,
                    "id": "s1-t11"
                },
                {
                    "begin": 193,
                    "text": "trained",
                    "end": 200,
                    "id": "s1-t12"
                },
                {
                    "begin": 201,
                    "text": "on",
                    "end": 203,
                    "id": "s1-t13"
                },
                {
                    "begin": 204,
                    "text": "bilingual",
                    "end": 213,
                    "id": "s1-t14"
                },
                {
                    "begin": 214,
                    "text": "material",
                    "end": 222,
                    "id": "s1-t15"
                },
                {
                    "begin": 222,
                    "text": "-LRB-",
                    "end": 227,
                    "id": "s1-t16"
                },
                {
                    "begin": 227,
                    "text": "the",
                    "end": 230,
                    "id": "s1-t17"
                },
                {
                    "begin": 231,
                    "text": "Canadian",
                    "end": 239,
                    "id": "s1-t18"
                },
                {
                    "begin": 240,
                    "text": "Hansards",
                    "end": 248,
                    "id": "s1-t19"
                },
                {
                    "begin": 248,
                    "text": "-RRB-",
                    "end": 253,
                    "id": "s1-t20"
                },
                {
                    "begin": 253,
                    "text": "and",
                    "end": 256,
                    "id": "s1-t21"
                },
                {
                    "begin": 257,
                    "text": "the",
                    "end": 260,
                    "id": "s1-t22"
                },
                {
                    "begin": 261,
                    "text": "other",
                    "end": 266,
                    "id": "s1-t23"
                },
                {
                    "begin": 267,
                    "text": "trained",
                    "end": 274,
                    "id": "s1-t24"
                },
                {
                    "begin": 275,
                    "text": "on",
                    "end": 277,
                    "id": "s1-t25"
                },
                {
                    "begin": 278,
                    "text": "monolingual",
                    "end": 289,
                    "id": "s1-t26"
                },
                {
                    "begin": 290,
                    "text": "material",
                    "end": 298,
                    "id": "s1-t27"
                },
                {
                    "begin": 298,
                    "text": "-LRB-",
                    "end": 303,
                    "id": "s1-t28"
                },
                {
                    "begin": 303,
                    "text": "Roget",
                    "end": 308,
                    "id": "s1-t29"
                },
                {
                    "begin": 308,
                    "text": "'s",
                    "end": 310,
                    "id": "s1-t30"
                },
                {
                    "begin": 311,
                    "text": "Thesaurus",
                    "end": 320,
                    "id": "s1-t31"
                },
                {
                    "begin": 321,
                    "text": "and",
                    "end": 324,
                    "id": "s1-t32"
                },
                {
                    "begin": 325,
                    "text": "Grolier",
                    "end": 332,
                    "id": "s1-t33"
                },
                {
                    "begin": 332,
                    "text": "'s",
                    "end": 334,
                    "id": "s1-t34"
                },
                {
                    "begin": 335,
                    "text": "Encyclopedia",
                    "end": 347,
                    "id": "s1-t35"
                },
                {
                    "begin": 347,
                    "text": "-RRB-",
                    "end": 352,
                    "id": "s1-t36"
                },
                {
                    "begin": 352,
                    "text": ".",
                    "end": 353,
                    "id": "s1-t37"
                }
            ],
            "id": "s1"
        },
        {
            "begin": 353,
            "text": " As this work was nearing completion, we observed a very strong discourse effect.",
            "end": 434,
            "tokens": [
                {
                    "begin": 354,
                    "text": "As",
                    "end": 356,
                    "id": "s2-t0"
                },
                {
                    "begin": 357,
                    "text": "this",
                    "end": 361,
                    "id": "s2-t1"
                },
                {
                    "begin": 362,
                    "text": "work",
                    "end": 366,
                    "id": "s2-t2"
                },
                {
                    "begin": 367,
                    "text": "was",
                    "end": 370,
                    "id": "s2-t3"
                },
                {
                    "begin": 371,
                    "text": "nearing",
                    "end": 378,
                    "id": "s2-t4"
                },
                {
                    "begin": 379,
                    "text": "completion",
                    "end": 389,
                    "id": "s2-t5"
                },
                {
                    "begin": 389,
                    "text": ",",
                    "end": 390,
                    "id": "s2-t6"
                },
                {
                    "begin": 391,
                    "text": "we",
                    "end": 393,
                    "id": "s2-t7"
                },
                {
                    "begin": 394,
                    "text": "observed",
                    "end": 402,
                    "id": "s2-t8"
                },
                {
                    "begin": 403,
                    "text": "a",
                    "end": 404,
                    "id": "s2-t9"
                },
                {
                    "begin": 405,
                    "text": "very",
                    "end": 409,
                    "id": "s2-t10"
                },
                {
                    "begin": 410,
                    "text": "strong",
                    "end": 416,
                    "id": "s2-t11"
                },
                {
                    "begin": 417,
                    "text": "discourse",
                    "end": 426,
                    "id": "s2-t12"
                },
                {
                    "begin": 427,
                    "text": "effect",
                    "end": 433,
                    "id": "s2-t13"
                },
                {
                    "begin": 433,
                    "text": ".",
                    "end": 434,
                    "id": "s2-t14"
                }
            ],
            "id": "s2"
        },
        {
            "begin": 434,
            "text": " That is, if a polysemous word such as sentence appears two or more times in a well-written discourse, it is extremely likely that they will all share the same sense.",
            "end": 600,
            "tokens": [
                {
                    "begin": 435,
                    "text": "That",
                    "end": 439,
                    "id": "s3-t0"
                },
                {
                    "begin": 440,
                    "text": "is",
                    "end": 442,
                    "id": "s3-t1"
                },
                {
                    "begin": 442,
                    "text": ",",
                    "end": 443,
                    "id": "s3-t2"
                },
                {
                    "begin": 444,
                    "text": "if",
                    "end": 446,
                    "id": "s3-t3"
                },
                {
                    "begin": 447,
                    "text": "a",
                    "end": 448,
                    "id": "s3-t4"
                },
                {
                    "begin": 449,
                    "text": "polysemous",
                    "end": 459,
                    "id": "s3-t5"
                },
                {
                    "begin": 460,
                    "text": "word",
                    "end": 464,
                    "id": "s3-t6"
                },
                {
                    "begin": 465,
                    "text": "such",
                    "end": 469,
                    "id": "s3-t7"
                },
                {
                    "begin": 470,
                    "text": "as",
                    "end": 472,
                    "id": "s3-t8"
                },
                {
                    "begin": 473,
                    "text": "sentence",
                    "end": 481,
                    "id": "s3-t9"
                },
                {
                    "begin": 482,
                    "text": "appears",
                    "end": 489,
                    "id": "s3-t10"
                },
                {
                    "begin": 490,
                    "text": "two",
                    "end": 493,
                    "id": "s3-t11"
                },
                {
                    "begin": 494,
                    "text": "or",
                    "end": 496,
                    "id": "s3-t12"
                },
                {
                    "begin": 497,
                    "text": "more",
                    "end": 501,
                    "id": "s3-t13"
                },
                {
                    "begin": 502,
                    "text": "times",
                    "end": 507,
                    "id": "s3-t14"
                },
                {
                    "begin": 508,
                    "text": "in",
                    "end": 510,
                    "id": "s3-t15"
                },
                {
                    "begin": 511,
                    "text": "a",
                    "end": 512,
                    "id": "s3-t16"
                },
                {
                    "begin": 513,
                    "text": "well-written",
                    "end": 525,
                    "id": "s3-t17"
                },
                {
                    "begin": 526,
                    "text": "discourse",
                    "end": 535,
                    "id": "s3-t18"
                },
                {
                    "begin": 535,
                    "text": ",",
                    "end": 536,
                    "id": "s3-t19"
                },
                {
                    "begin": 537,
                    "text": "it",
                    "end": 539,
                    "id": "s3-t20"
                },
                {
                    "begin": 540,
                    "text": "is",
                    "end": 542,
                    "id": "s3-t21"
                },
                {
                    "begin": 543,
                    "text": "extremely",
                    "end": 552,
                    "id": "s3-t22"
                },
                {
                    "begin": 553,
                    "text": "likely",
                    "end": 559,
                    "id": "s3-t23"
                },
                {
                    "begin": 560,
                    "text": "that",
                    "end": 564,
                    "id": "s3-t24"
                },
                {
                    "begin": 565,
                    "text": "they",
                    "end": 569,
                    "id": "s3-t25"
                },
                {
                    "begin": 570,
                    "text": "will",
                    "end": 574,
                    "id": "s3-t26"
                },
                {
                    "begin": 575,
                    "text": "all",
                    "end": 578,
                    "id": "s3-t27"
                },
                {
                    "begin": 579,
                    "text": "share",
                    "end": 584,
                    "id": "s3-t28"
                },
                {
                    "begin": 585,
                    "text": "the",
                    "end": 588,
                    "id": "s3-t29"
                },
                {
                    "begin": 589,
                    "text": "same",
                    "end": 593,
                    "id": "s3-t30"
                },
                {
                    "begin": 594,
                    "text": "sense",
                    "end": 599,
                    "id": "s3-t31"
                },
                {
                    "begin": 599,
                    "text": ".",
                    "end": 600,
                    "id": "s3-t32"
                }
            ],
            "id": "s3"
        },
        {
            "begin": 600,
            "text": " This paper describes an experiment which confirmed this hypothesis and found that the tendency to share sense in the same discourse is extremely strong-LRB-98%-RRB-.",
            "end": 766,
            "tokens": [
                {
                    "begin": 601,
                    "text": "This",
                    "end": 605,
                    "id": "s4-t0"
                },
                {
                    "begin": 606,
                    "text": "paper",
                    "end": 611,
                    "id": "s4-t1"
                },
                {
                    "begin": 612,
                    "text": "describes",
                    "end": 621,
                    "id": "s4-t2"
                },
                {
                    "begin": 622,
                    "text": "an",
                    "end": 624,
                    "id": "s4-t3"
                },
                {
                    "begin": 625,
                    "text": "experiment",
                    "end": 635,
                    "id": "s4-t4"
                },
                {
                    "begin": 636,
                    "text": "which",
                    "end": 641,
                    "id": "s4-t5"
                },
                {
                    "begin": 642,
                    "text": "confirmed",
                    "end": 651,
                    "id": "s4-t6"
                },
                {
                    "begin": 652,
                    "text": "this",
                    "end": 656,
                    "id": "s4-t7"
                },
                {
                    "begin": 657,
                    "text": "hypothesis",
                    "end": 667,
                    "id": "s4-t8"
                },
                {
                    "begin": 668,
                    "text": "and",
                    "end": 671,
                    "id": "s4-t9"
                },
                {
                    "begin": 672,
                    "text": "found",
                    "end": 677,
                    "id": "s4-t10"
                },
                {
                    "begin": 678,
                    "text": "that",
                    "end": 682,
                    "id": "s4-t11"
                },
                {
                    "begin": 683,
                    "text": "the",
                    "end": 686,
                    "id": "s4-t12"
                },
                {
                    "begin": 687,
                    "text": "tendency",
                    "end": 695,
                    "id": "s4-t13"
                },
                {
                    "begin": 696,
                    "text": "to",
                    "end": 698,
                    "id": "s4-t14"
                },
                {
                    "begin": 699,
                    "text": "share",
                    "end": 704,
                    "id": "s4-t15"
                },
                {
                    "begin": 705,
                    "text": "sense",
                    "end": 710,
                    "id": "s4-t16"
                },
                {
                    "begin": 711,
                    "text": "in",
                    "end": 713,
                    "id": "s4-t17"
                },
                {
                    "begin": 714,
                    "text": "the",
                    "end": 717,
                    "id": "s4-t18"
                },
                {
                    "begin": 718,
                    "text": "same",
                    "end": 722,
                    "id": "s4-t19"
                },
                {
                    "begin": 723,
                    "text": "discourse",
                    "end": 732,
                    "id": "s4-t20"
                },
                {
                    "begin": 733,
                    "text": "is",
                    "end": 735,
                    "id": "s4-t21"
                },
                {
                    "begin": 736,
                    "text": "extremely",
                    "end": 745,
                    "id": "s4-t22"
                },
                {
                    "begin": 746,
                    "text": "strong",
                    "end": 752,
                    "id": "s4-t23"
                },
                {
                    "begin": 752,
                    "text": "-LRB-",
                    "end": 757,
                    "id": "s4-t24"
                },
                {
                    "begin": 757,
                    "text": "98",
                    "end": 759,
                    "id": "s4-t25"
                },
                {
                    "begin": 759,
                    "text": "%",
                    "end": 760,
                    "id": "s4-t26"
                },
                {
                    "begin": 760,
                    "text": "-RRB-",
                    "end": 765,
                    "id": "s4-t27"
                },
                {
                    "begin": 765,
                    "text": ".",
                    "end": 766,
                    "id": "s4-t28"
                }
            ],
            "id": "s4"
        },
        {
            "begin": 766,
            "text": " This result can be used as an additional source of constraint for improving the performance of the word-sense disambiguation algorithm.",
            "end": 902,
            "tokens": [
                {
                    "begin": 767,
                    "text": "This",
                    "end": 771,
                    "id": "s5-t0"
                },
                {
                    "begin": 772,
                    "text": "result",
                    "end": 778,
                    "id": "s5-t1"
                },
                {
                    "begin": 779,
                    "text": "can",
                    "end": 782,
                    "id": "s5-t2"
                },
                {
                    "begin": 783,
                    "text": "be",
                    "end": 785,
                    "id": "s5-t3"
                },
                {
                    "begin": 786,
                    "text": "used",
                    "end": 790,
                    "id": "s5-t4"
                },
                {
                    "begin": 791,
                    "text": "as",
                    "end": 793,
                    "id": "s5-t5"
                },
                {
                    "begin": 794,
                    "text": "an",
                    "end": 796,
                    "id": "s5-t6"
                },
                {
                    "begin": 797,
                    "text": "additional",
                    "end": 807,
                    "id": "s5-t7"
                },
                {
                    "begin": 808,
                    "text": "source",
                    "end": 814,
                    "id": "s5-t8"
                },
                {
                    "begin": 815,
                    "text": "of",
                    "end": 817,
                    "id": "s5-t9"
                },
                {
                    "begin": 818,
                    "text": "constraint",
                    "end": 828,
                    "id": "s5-t10"
                },
                {
                    "begin": 829,
                    "text": "for",
                    "end": 832,
                    "id": "s5-t11"
                },
                {
                    "begin": 833,
                    "text": "improving",
                    "end": 842,
                    "id": "s5-t12"
                },
                {
                    "begin": 843,
                    "text": "the",
                    "end": 846,
                    "id": "s5-t13"
                },
                {
                    "begin": 847,
                    "text": "performance",
                    "end": 858,
                    "id": "s5-t14"
                },
                {
                    "begin": 859,
                    "text": "of",
                    "end": 861,
                    "id": "s5-t15"
                },
                {
                    "begin": 862,
                    "text": "the",
                    "end": 865,
                    "id": "s5-t16"
                },
                {
                    "begin": 866,
                    "text": "word-sense",
                    "end": 876,
                    "id": "s5-t17"
                },
                {
                    "begin": 877,
                    "text": "disambiguation",
                    "end": 891,
                    "id": "s5-t18"
                },
                {
                    "begin": 892,
                    "text": "algorithm",
                    "end": 901,
                    "id": "s5-t19"
                },
                {
                    "begin": 901,
                    "text": ".",
                    "end": 902,
                    "id": "s5-t20"
                }
            ],
            "id": "s5"
        },
        {
            "begin": 902,
            "text": " In addition, it could also be used to help evaluate disambiguation algorithms that did not make use of the discourse constraint.",
            "end": 1031,
            "tokens": [
                {
                    "begin": 903,
                    "text": "In",
                    "end": 905,
                    "id": "s6-t0"
                },
                {
                    "begin": 906,
                    "text": "addition",
                    "end": 914,
                    "id": "s6-t1"
                },
                {
                    "begin": 914,
                    "text": ",",
                    "end": 915,
                    "id": "s6-t2"
                },
                {
                    "begin": 916,
                    "text": "it",
                    "end": 918,
                    "id": "s6-t3"
                },
                {
                    "begin": 919,
                    "text": "could",
                    "end": 924,
                    "id": "s6-t4"
                },
                {
                    "begin": 925,
                    "text": "also",
                    "end": 929,
                    "id": "s6-t5"
                },
                {
                    "begin": 930,
                    "text": "be",
                    "end": 932,
                    "id": "s6-t6"
                },
                {
                    "begin": 933,
                    "text": "used",
                    "end": 937,
                    "id": "s6-t7"
                },
                {
                    "begin": 938,
                    "text": "to",
                    "end": 940,
                    "id": "s6-t8"
                },
                {
                    "begin": 941,
                    "text": "help",
                    "end": 945,
                    "id": "s6-t9"
                },
                {
                    "begin": 946,
                    "text": "evaluate",
                    "end": 954,
                    "id": "s6-t10"
                },
                {
                    "begin": 955,
                    "text": "disambiguation",
                    "end": 969,
                    "id": "s6-t11"
                },
                {
                    "begin": 970,
                    "text": "algorithms",
                    "end": 980,
                    "id": "s6-t12"
                },
                {
                    "begin": 981,
                    "text": "that",
                    "end": 985,
                    "id": "s6-t13"
                },
                {
                    "begin": 986,
                    "text": "did",
                    "end": 989,
                    "id": "s6-t14"
                },
                {
                    "begin": 990,
                    "text": "not",
                    "end": 993,
                    "id": "s6-t15"
                },
                {
                    "begin": 994,
                    "text": "make",
                    "end": 998,
                    "id": "s6-t16"
                },
                {
                    "begin": 999,
                    "text": "use",
                    "end": 1002,
                    "id": "s6-t17"
                },
                {
                    "begin": 1003,
                    "text": "of",
                    "end": 1005,
                    "id": "s6-t18"
                },
                {
                    "begin": 1006,
                    "text": "the",
                    "end": 1009,
                    "id": "s6-t19"
                },
                {
                    "begin": 1010,
                    "text": "discourse",
                    "end": 1019,
                    "id": "s6-t20"
                },
                {
                    "begin": 1020,
                    "text": "constraint",
                    "end": 1030,
                    "id": "s6-t21"
                },
                {
                    "begin": 1030,
                    "text": ".",
                    "end": 1031,
                    "id": "s6-t22"
                }
            ],
            "id": "s6"
        }
    ],
    "text": "It is well-known that there are polysemous words like sentence whose meaning or sense depends on the context of use. We have recently reported on two new word-sense disambiguation systems, one trained on bilingual material-LRB-the Canadian Hansards-RRB-and the other trained on monolingual material-LRB-Roget's Thesaurus and Grolier's Encyclopedia-RRB-. As this work was nearing completion, we observed a very strong discourse effect. That is, if a polysemous word such as sentence appears two or more times in a well-written discourse, it is extremely likely that they will all share the same sense. This paper describes an experiment which confirmed this hypothesis and found that the tendency to share sense in the same discourse is extremely strong-LRB-98%-RRB-. This result can be used as an additional source of constraint for improving the performance of the word-sense disambiguation algorithm. In addition, it could also be used to help evaluate disambiguation algorithms that did not make use of the discourse constraint.",
    "id": "2682e15a-cf09-410c-89e0-e48abb0c5bf7"
}