{
    "mentions": [
        {
            "begin": 2,
            "id": "m0",
            "end": 8,
            "type": "Generic",
            "text": "method"
        },
        {
            "begin": 12,
            "id": "m1",
            "end": 28,
            "type": "Task",
            "text": "sense resolution"
        },
        {
            "begin": 58,
            "id": "m2",
            "end": 65,
            "type": "Material",
            "text": "WordNet"
        },
        {
            "begin": 70,
            "id": "m3",
            "end": 94,
            "type": "Material",
            "text": "on-line lexical database"
        },
        {
            "begin": 113,
            "id": "m4",
            "end": 131,
            "type": "OtherScientificTerm",
            "text": "semantic relations"
        },
        {
            "begin": 136,
            "id": "m5",
            "end": 144,
            "type": "OtherScientificTerm",
            "text": "synonymy"
        },
        {
            "begin": 146,
            "id": "m6",
            "end": 154,
            "type": "OtherScientificTerm",
            "text": "antonymy"
        },
        {
            "begin": 156,
            "id": "m7",
            "end": 164,
            "type": "OtherScientificTerm",
            "text": "hyponymy"
        },
        {
            "begin": 166,
            "id": "m8",
            "end": 174,
            "type": "OtherScientificTerm",
            "text": "meronymy"
        },
        {
            "begin": 176,
            "id": "m9",
            "end": 208,
            "type": "OtherScientificTerm",
            "text": "causal and troponymic entailment"
        },
        {
            "begin": 259,
            "id": "m10",
            "end": 266,
            "type": "Material",
            "text": "WordNet"
        },
        {
            "begin": 299,
            "id": "m11",
            "end": 325,
            "type": "OtherScientificTerm",
            "text": "semantically related words"
        },
        {
            "begin": 360,
            "id": "m12",
            "end": 376,
            "type": "Task",
            "text": "sense resolution"
        },
        {
            "begin": 384,
            "id": "m13",
            "end": 399,
            "type": "Task",
            "text": "text processing"
        },
        {
            "begin": 473,
            "id": "m14",
            "end": 483,
            "type": "Generic",
            "text": "procedures"
        },
        {
            "begin": 552,
            "id": "m15",
            "end": 570,
            "type": "OtherScientificTerm",
            "text": "alternative senses"
        },
        {
            "begin": 578,
            "id": "m16",
            "end": 593,
            "type": "OtherScientificTerm",
            "text": "polysemous word"
        },
        {
            "begin": 701,
            "id": "m17",
            "end": 716,
            "type": "OtherScientificTerm",
            "text": "polysemous word"
        },
        {
            "begin": 932,
            "id": "m18",
            "end": 947,
            "type": "OtherScientificTerm",
            "text": "polysemous word"
        },
        {
            "begin": 1052,
            "id": "m19",
            "end": 1059,
            "type": "Material",
            "text": "WordNet"
        },
        {
            "begin": 1094,
            "id": "m20",
            "end": 1111,
            "type": "OtherScientificTerm",
            "text": "semantic distance"
        },
        {
            "begin": 1301,
            "id": "m21",
            "end": 1310,
            "type": "Generic",
            "text": "procedure"
        },
        {
            "begin": 1360,
            "id": "m22",
            "end": 1381,
            "type": "Task",
            "text": "information retrieval"
        },
        {
            "begin": 1383,
            "id": "m23",
            "end": 1405,
            "type": "Task",
            "text": "mechanical translation"
        },
        {
            "begin": 1407,
            "id": "m24",
            "end": 1435,
            "type": "Task",
            "text": "intelligent tutoring systems"
        }
    ],
    "relations": [
        {
            "args": [
                "m0",
                "m1"
            ],
            "type": "USED-FOR",
            "id": "r0"
        },
        {
            "args": [
                "m2",
                "m0"
            ],
            "type": "USED-FOR",
            "id": "r1"
        },
        {
            "args": [
                "m2",
                "m3"
            ],
            "type": "HYPONYM-OF",
            "id": "r2"
        },
        {
            "args": [
                "m4",
                "m2"
            ],
            "type": "PART-OF",
            "id": "r3"
        },
        {
            "args": [
                "m5",
                "m4"
            ],
            "type": "HYPONYM-OF",
            "id": "r4"
        },
        {
            "args": [
                "m5",
                "m6"
            ],
            "type": "CONJUNCTION",
            "id": "r5"
        },
        {
            "args": [
                "m6",
                "m4"
            ],
            "type": "HYPONYM-OF",
            "id": "r6"
        },
        {
            "args": [
                "m6",
                "m7"
            ],
            "type": "CONJUNCTION",
            "id": "r7"
        },
        {
            "args": [
                "m7",
                "m4"
            ],
            "type": "HYPONYM-OF",
            "id": "r8"
        },
        {
            "args": [
                "m7",
                "m8"
            ],
            "type": "CONJUNCTION",
            "id": "r9"
        },
        {
            "args": [
                "m8",
                "m4"
            ],
            "type": "HYPONYM-OF",
            "id": "r10"
        },
        {
            "args": [
                "m8",
                "m9"
            ],
            "type": "CONJUNCTION",
            "id": "r11"
        },
        {
            "args": [
                "m9",
                "m4"
            ],
            "type": "HYPONYM-OF",
            "id": "r12"
        },
        {
            "args": [
                "m10",
                "m11"
            ],
            "type": "USED-FOR",
            "id": "r13"
        },
        {
            "args": [
                "m11",
                "m12"
            ],
            "type": "USED-FOR",
            "id": "r14"
        },
        {
            "args": [
                "m12",
                "m13"
            ],
            "type": "USED-FOR",
            "id": "r15"
        },
        {
            "args": [
                "m19",
                "m20"
            ],
            "type": "USED-FOR",
            "id": "r16"
        },
        {
            "args": [
                "m21",
                "m22"
            ],
            "type": "USED-FOR",
            "id": "r17"
        },
        {
            "args": [
                "m21",
                "m23"
            ],
            "type": "USED-FOR",
            "id": "r18"
        },
        {
            "args": [
                "m21",
                "m24"
            ],
            "type": "USED-FOR",
            "id": "r19"
        },
        {
            "args": [
                "m22",
                "m23"
            ],
            "type": "CONJUNCTION",
            "id": "r20"
        },
        {
            "args": [
                "m23",
                "m24"
            ],
            "type": "CONJUNCTION",
            "id": "r21"
        }
    ],
    "sentences": [
        {
            "begin": 0,
            "text": "A method of sense resolution is proposed that is based on WordNet, an on-line lexical database that incorporates semantic relations-LRB-synonymy, antonymy, hyponymy, meronymy, causal and troponymic entailment-RRB-as labeled pointers between word senses.",
            "end": 253,
            "tokens": [
                {
                    "begin": 0,
                    "text": "A",
                    "end": 1,
                    "id": "s0-t0"
                },
                {
                    "begin": 2,
                    "text": "method",
                    "end": 8,
                    "id": "s0-t1"
                },
                {
                    "begin": 9,
                    "text": "of",
                    "end": 11,
                    "id": "s0-t2"
                },
                {
                    "begin": 12,
                    "text": "sense",
                    "end": 17,
                    "id": "s0-t3"
                },
                {
                    "begin": 18,
                    "text": "resolution",
                    "end": 28,
                    "id": "s0-t4"
                },
                {
                    "begin": 29,
                    "text": "is",
                    "end": 31,
                    "id": "s0-t5"
                },
                {
                    "begin": 32,
                    "text": "proposed",
                    "end": 40,
                    "id": "s0-t6"
                },
                {
                    "begin": 41,
                    "text": "that",
                    "end": 45,
                    "id": "s0-t7"
                },
                {
                    "begin": 46,
                    "text": "is",
                    "end": 48,
                    "id": "s0-t8"
                },
                {
                    "begin": 49,
                    "text": "based",
                    "end": 54,
                    "id": "s0-t9"
                },
                {
                    "begin": 55,
                    "text": "on",
                    "end": 57,
                    "id": "s0-t10"
                },
                {
                    "begin": 58,
                    "text": "WordNet",
                    "end": 65,
                    "id": "s0-t11"
                },
                {
                    "begin": 65,
                    "text": ",",
                    "end": 66,
                    "id": "s0-t12"
                },
                {
                    "begin": 67,
                    "text": "an",
                    "end": 69,
                    "id": "s0-t13"
                },
                {
                    "begin": 70,
                    "text": "on-line",
                    "end": 77,
                    "id": "s0-t14"
                },
                {
                    "begin": 78,
                    "text": "lexical",
                    "end": 85,
                    "id": "s0-t15"
                },
                {
                    "begin": 86,
                    "text": "database",
                    "end": 94,
                    "id": "s0-t16"
                },
                {
                    "begin": 95,
                    "text": "that",
                    "end": 99,
                    "id": "s0-t17"
                },
                {
                    "begin": 100,
                    "text": "incorporates",
                    "end": 112,
                    "id": "s0-t18"
                },
                {
                    "begin": 113,
                    "text": "semantic",
                    "end": 121,
                    "id": "s0-t19"
                },
                {
                    "begin": 122,
                    "text": "relations",
                    "end": 131,
                    "id": "s0-t20"
                },
                {
                    "begin": 131,
                    "text": "-LRB-",
                    "end": 136,
                    "id": "s0-t21"
                },
                {
                    "begin": 136,
                    "text": "synonymy",
                    "end": 144,
                    "id": "s0-t22"
                },
                {
                    "begin": 144,
                    "text": ",",
                    "end": 145,
                    "id": "s0-t23"
                },
                {
                    "begin": 146,
                    "text": "antonymy",
                    "end": 154,
                    "id": "s0-t24"
                },
                {
                    "begin": 154,
                    "text": ",",
                    "end": 155,
                    "id": "s0-t25"
                },
                {
                    "begin": 156,
                    "text": "hyponymy",
                    "end": 164,
                    "id": "s0-t26"
                },
                {
                    "begin": 164,
                    "text": ",",
                    "end": 165,
                    "id": "s0-t27"
                },
                {
                    "begin": 166,
                    "text": "meronymy",
                    "end": 174,
                    "id": "s0-t28"
                },
                {
                    "begin": 174,
                    "text": ",",
                    "end": 175,
                    "id": "s0-t29"
                },
                {
                    "begin": 176,
                    "text": "causal",
                    "end": 182,
                    "id": "s0-t30"
                },
                {
                    "begin": 183,
                    "text": "and",
                    "end": 186,
                    "id": "s0-t31"
                },
                {
                    "begin": 187,
                    "text": "troponymic",
                    "end": 197,
                    "id": "s0-t32"
                },
                {
                    "begin": 198,
                    "text": "entailment",
                    "end": 208,
                    "id": "s0-t33"
                },
                {
                    "begin": 208,
                    "text": "-RRB-",
                    "end": 213,
                    "id": "s0-t34"
                },
                {
                    "begin": 213,
                    "text": "as",
                    "end": 215,
                    "id": "s0-t35"
                },
                {
                    "begin": 216,
                    "text": "labeled",
                    "end": 223,
                    "id": "s0-t36"
                },
                {
                    "begin": 224,
                    "text": "pointers",
                    "end": 232,
                    "id": "s0-t37"
                },
                {
                    "begin": 233,
                    "text": "between",
                    "end": 240,
                    "id": "s0-t38"
                },
                {
                    "begin": 241,
                    "text": "word",
                    "end": 245,
                    "id": "s0-t39"
                },
                {
                    "begin": 246,
                    "text": "senses",
                    "end": 252,
                    "id": "s0-t40"
                },
                {
                    "begin": 252,
                    "text": ".",
                    "end": 253,
                    "id": "s0-t41"
                }
            ],
            "id": "s0"
        },
        {
            "begin": 253,
            "text": " With WordNet, it is easy to retrieve sets of semantically related words, a facility that will be used for sense resolution during text processing, as follows.",
            "end": 412,
            "tokens": [
                {
                    "begin": 254,
                    "text": "With",
                    "end": 258,
                    "id": "s1-t0"
                },
                {
                    "begin": 259,
                    "text": "WordNet",
                    "end": 266,
                    "id": "s1-t1"
                },
                {
                    "begin": 266,
                    "text": ",",
                    "end": 267,
                    "id": "s1-t2"
                },
                {
                    "begin": 268,
                    "text": "it",
                    "end": 270,
                    "id": "s1-t3"
                },
                {
                    "begin": 271,
                    "text": "is",
                    "end": 273,
                    "id": "s1-t4"
                },
                {
                    "begin": 274,
                    "text": "easy",
                    "end": 278,
                    "id": "s1-t5"
                },
                {
                    "begin": 279,
                    "text": "to",
                    "end": 281,
                    "id": "s1-t6"
                },
                {
                    "begin": 282,
                    "text": "retrieve",
                    "end": 290,
                    "id": "s1-t7"
                },
                {
                    "begin": 291,
                    "text": "sets",
                    "end": 295,
                    "id": "s1-t8"
                },
                {
                    "begin": 296,
                    "text": "of",
                    "end": 298,
                    "id": "s1-t9"
                },
                {
                    "begin": 299,
                    "text": "semantically",
                    "end": 311,
                    "id": "s1-t10"
                },
                {
                    "begin": 312,
                    "text": "related",
                    "end": 319,
                    "id": "s1-t11"
                },
                {
                    "begin": 320,
                    "text": "words",
                    "end": 325,
                    "id": "s1-t12"
                },
                {
                    "begin": 325,
                    "text": ",",
                    "end": 326,
                    "id": "s1-t13"
                },
                {
                    "begin": 327,
                    "text": "a",
                    "end": 328,
                    "id": "s1-t14"
                },
                {
                    "begin": 329,
                    "text": "facility",
                    "end": 337,
                    "id": "s1-t15"
                },
                {
                    "begin": 338,
                    "text": "that",
                    "end": 342,
                    "id": "s1-t16"
                },
                {
                    "begin": 343,
                    "text": "will",
                    "end": 347,
                    "id": "s1-t17"
                },
                {
                    "begin": 348,
                    "text": "be",
                    "end": 350,
                    "id": "s1-t18"
                },
                {
                    "begin": 351,
                    "text": "used",
                    "end": 355,
                    "id": "s1-t19"
                },
                {
                    "begin": 356,
                    "text": "for",
                    "end": 359,
                    "id": "s1-t20"
                },
                {
                    "begin": 360,
                    "text": "sense",
                    "end": 365,
                    "id": "s1-t21"
                },
                {
                    "begin": 366,
                    "text": "resolution",
                    "end": 376,
                    "id": "s1-t22"
                },
                {
                    "begin": 377,
                    "text": "during",
                    "end": 383,
                    "id": "s1-t23"
                },
                {
                    "begin": 384,
                    "text": "text",
                    "end": 388,
                    "id": "s1-t24"
                },
                {
                    "begin": 389,
                    "text": "processing",
                    "end": 399,
                    "id": "s1-t25"
                },
                {
                    "begin": 399,
                    "text": ",",
                    "end": 400,
                    "id": "s1-t26"
                },
                {
                    "begin": 401,
                    "text": "as",
                    "end": 403,
                    "id": "s1-t27"
                },
                {
                    "begin": 404,
                    "text": "follows",
                    "end": 411,
                    "id": "s1-t28"
                },
                {
                    "begin": 411,
                    "text": ".",
                    "end": 412,
                    "id": "s1-t29"
                }
            ],
            "id": "s1"
        },
        {
            "begin": 412,
            "text": " When a word with multiple senses is encountered, one of two procedures will be followed.",
            "end": 501,
            "tokens": [
                {
                    "begin": 413,
                    "text": "When",
                    "end": 417,
                    "id": "s2-t0"
                },
                {
                    "begin": 418,
                    "text": "a",
                    "end": 419,
                    "id": "s2-t1"
                },
                {
                    "begin": 420,
                    "text": "word",
                    "end": 424,
                    "id": "s2-t2"
                },
                {
                    "begin": 425,
                    "text": "with",
                    "end": 429,
                    "id": "s2-t3"
                },
                {
                    "begin": 430,
                    "text": "multiple",
                    "end": 438,
                    "id": "s2-t4"
                },
                {
                    "begin": 439,
                    "text": "senses",
                    "end": 445,
                    "id": "s2-t5"
                },
                {
                    "begin": 446,
                    "text": "is",
                    "end": 448,
                    "id": "s2-t6"
                },
                {
                    "begin": 449,
                    "text": "encountered",
                    "end": 460,
                    "id": "s2-t7"
                },
                {
                    "begin": 460,
                    "text": ",",
                    "end": 461,
                    "id": "s2-t8"
                },
                {
                    "begin": 462,
                    "text": "one",
                    "end": 465,
                    "id": "s2-t9"
                },
                {
                    "begin": 466,
                    "text": "of",
                    "end": 468,
                    "id": "s2-t10"
                },
                {
                    "begin": 469,
                    "text": "two",
                    "end": 472,
                    "id": "s2-t11"
                },
                {
                    "begin": 473,
                    "text": "procedures",
                    "end": 483,
                    "id": "s2-t12"
                },
                {
                    "begin": 484,
                    "text": "will",
                    "end": 488,
                    "id": "s2-t13"
                },
                {
                    "begin": 489,
                    "text": "be",
                    "end": 491,
                    "id": "s2-t14"
                },
                {
                    "begin": 492,
                    "text": "followed",
                    "end": 500,
                    "id": "s2-t15"
                },
                {
                    "begin": 500,
                    "text": ".",
                    "end": 501,
                    "id": "s2-t16"
                }
            ],
            "id": "s2"
        },
        {
            "begin": 501,
            "text": " Either,-LRB-1-RRB-words related in meaning to the alternative senses of the polysemous word will be retrieved; new strings will be derived by substituting these related words into the context of the polysemous word; a large textual corpus will then be searched for these derived strings; and that sense will be chosen that corresponds to the derived string that is found most often in the corpus.",
            "end": 898,
            "tokens": [
                {
                    "begin": 502,
                    "text": "Either",
                    "end": 508,
                    "id": "s3-t0"
                },
                {
                    "begin": 508,
                    "text": ",",
                    "end": 509,
                    "id": "s3-t1"
                },
                {
                    "begin": 509,
                    "text": "-LRB-",
                    "end": 514,
                    "id": "s3-t2"
                },
                {
                    "begin": 514,
                    "text": "1",
                    "end": 515,
                    "id": "s3-t3"
                },
                {
                    "begin": 515,
                    "text": "-RRB-",
                    "end": 520,
                    "id": "s3-t4"
                },
                {
                    "begin": 520,
                    "text": "words",
                    "end": 525,
                    "id": "s3-t5"
                },
                {
                    "begin": 526,
                    "text": "related",
                    "end": 533,
                    "id": "s3-t6"
                },
                {
                    "begin": 534,
                    "text": "in",
                    "end": 536,
                    "id": "s3-t7"
                },
                {
                    "begin": 537,
                    "text": "meaning",
                    "end": 544,
                    "id": "s3-t8"
                },
                {
                    "begin": 545,
                    "text": "to",
                    "end": 547,
                    "id": "s3-t9"
                },
                {
                    "begin": 548,
                    "text": "the",
                    "end": 551,
                    "id": "s3-t10"
                },
                {
                    "begin": 552,
                    "text": "alternative",
                    "end": 563,
                    "id": "s3-t11"
                },
                {
                    "begin": 564,
                    "text": "senses",
                    "end": 570,
                    "id": "s3-t12"
                },
                {
                    "begin": 571,
                    "text": "of",
                    "end": 573,
                    "id": "s3-t13"
                },
                {
                    "begin": 574,
                    "text": "the",
                    "end": 577,
                    "id": "s3-t14"
                },
                {
                    "begin": 578,
                    "text": "polysemous",
                    "end": 588,
                    "id": "s3-t15"
                },
                {
                    "begin": 589,
                    "text": "word",
                    "end": 593,
                    "id": "s3-t16"
                },
                {
                    "begin": 594,
                    "text": "will",
                    "end": 598,
                    "id": "s3-t17"
                },
                {
                    "begin": 599,
                    "text": "be",
                    "end": 601,
                    "id": "s3-t18"
                },
                {
                    "begin": 602,
                    "text": "retrieved",
                    "end": 611,
                    "id": "s3-t19"
                },
                {
                    "begin": 611,
                    "text": ";",
                    "end": 612,
                    "id": "s3-t20"
                },
                {
                    "begin": 613,
                    "text": "new",
                    "end": 616,
                    "id": "s3-t21"
                },
                {
                    "begin": 617,
                    "text": "strings",
                    "end": 624,
                    "id": "s3-t22"
                },
                {
                    "begin": 625,
                    "text": "will",
                    "end": 629,
                    "id": "s3-t23"
                },
                {
                    "begin": 630,
                    "text": "be",
                    "end": 632,
                    "id": "s3-t24"
                },
                {
                    "begin": 633,
                    "text": "derived",
                    "end": 640,
                    "id": "s3-t25"
                },
                {
                    "begin": 641,
                    "text": "by",
                    "end": 643,
                    "id": "s3-t26"
                },
                {
                    "begin": 644,
                    "text": "substituting",
                    "end": 656,
                    "id": "s3-t27"
                },
                {
                    "begin": 657,
                    "text": "these",
                    "end": 662,
                    "id": "s3-t28"
                },
                {
                    "begin": 663,
                    "text": "related",
                    "end": 670,
                    "id": "s3-t29"
                },
                {
                    "begin": 671,
                    "text": "words",
                    "end": 676,
                    "id": "s3-t30"
                },
                {
                    "begin": 677,
                    "text": "into",
                    "end": 681,
                    "id": "s3-t31"
                },
                {
                    "begin": 682,
                    "text": "the",
                    "end": 685,
                    "id": "s3-t32"
                },
                {
                    "begin": 686,
                    "text": "context",
                    "end": 693,
                    "id": "s3-t33"
                },
                {
                    "begin": 694,
                    "text": "of",
                    "end": 696,
                    "id": "s3-t34"
                },
                {
                    "begin": 697,
                    "text": "the",
                    "end": 700,
                    "id": "s3-t35"
                },
                {
                    "begin": 701,
                    "text": "polysemous",
                    "end": 711,
                    "id": "s3-t36"
                },
                {
                    "begin": 712,
                    "text": "word",
                    "end": 716,
                    "id": "s3-t37"
                },
                {
                    "begin": 716,
                    "text": ";",
                    "end": 717,
                    "id": "s3-t38"
                },
                {
                    "begin": 718,
                    "text": "a",
                    "end": 719,
                    "id": "s3-t39"
                },
                {
                    "begin": 720,
                    "text": "large",
                    "end": 725,
                    "id": "s3-t40"
                },
                {
                    "begin": 726,
                    "text": "textual",
                    "end": 733,
                    "id": "s3-t41"
                },
                {
                    "begin": 734,
                    "text": "corpus",
                    "end": 740,
                    "id": "s3-t42"
                },
                {
                    "begin": 741,
                    "text": "will",
                    "end": 745,
                    "id": "s3-t43"
                },
                {
                    "begin": 746,
                    "text": "then",
                    "end": 750,
                    "id": "s3-t44"
                },
                {
                    "begin": 751,
                    "text": "be",
                    "end": 753,
                    "id": "s3-t45"
                },
                {
                    "begin": 754,
                    "text": "searched",
                    "end": 762,
                    "id": "s3-t46"
                },
                {
                    "begin": 763,
                    "text": "for",
                    "end": 766,
                    "id": "s3-t47"
                },
                {
                    "begin": 767,
                    "text": "these",
                    "end": 772,
                    "id": "s3-t48"
                },
                {
                    "begin": 773,
                    "text": "derived",
                    "end": 780,
                    "id": "s3-t49"
                },
                {
                    "begin": 781,
                    "text": "strings",
                    "end": 788,
                    "id": "s3-t50"
                },
                {
                    "begin": 788,
                    "text": ";",
                    "end": 789,
                    "id": "s3-t51"
                },
                {
                    "begin": 790,
                    "text": "and",
                    "end": 793,
                    "id": "s3-t52"
                },
                {
                    "begin": 794,
                    "text": "that",
                    "end": 798,
                    "id": "s3-t53"
                },
                {
                    "begin": 799,
                    "text": "sense",
                    "end": 804,
                    "id": "s3-t54"
                },
                {
                    "begin": 805,
                    "text": "will",
                    "end": 809,
                    "id": "s3-t55"
                },
                {
                    "begin": 810,
                    "text": "be",
                    "end": 812,
                    "id": "s3-t56"
                },
                {
                    "begin": 813,
                    "text": "chosen",
                    "end": 819,
                    "id": "s3-t57"
                },
                {
                    "begin": 820,
                    "text": "that",
                    "end": 824,
                    "id": "s3-t58"
                },
                {
                    "begin": 825,
                    "text": "corresponds",
                    "end": 836,
                    "id": "s3-t59"
                },
                {
                    "begin": 837,
                    "text": "to",
                    "end": 839,
                    "id": "s3-t60"
                },
                {
                    "begin": 840,
                    "text": "the",
                    "end": 843,
                    "id": "s3-t61"
                },
                {
                    "begin": 844,
                    "text": "derived",
                    "end": 851,
                    "id": "s3-t62"
                },
                {
                    "begin": 852,
                    "text": "string",
                    "end": 858,
                    "id": "s3-t63"
                },
                {
                    "begin": 859,
                    "text": "that",
                    "end": 863,
                    "id": "s3-t64"
                },
                {
                    "begin": 864,
                    "text": "is",
                    "end": 866,
                    "id": "s3-t65"
                },
                {
                    "begin": 867,
                    "text": "found",
                    "end": 872,
                    "id": "s3-t66"
                },
                {
                    "begin": 873,
                    "text": "most",
                    "end": 877,
                    "id": "s3-t67"
                },
                {
                    "begin": 878,
                    "text": "often",
                    "end": 883,
                    "id": "s3-t68"
                },
                {
                    "begin": 884,
                    "text": "in",
                    "end": 886,
                    "id": "s3-t69"
                },
                {
                    "begin": 887,
                    "text": "the",
                    "end": 890,
                    "id": "s3-t70"
                },
                {
                    "begin": 891,
                    "text": "corpus",
                    "end": 897,
                    "id": "s3-t71"
                },
                {
                    "begin": 897,
                    "text": ".",
                    "end": 898,
                    "id": "s3-t72"
                }
            ],
            "id": "s3"
        },
        {
            "begin": 898,
            "text": " Or,-LRB-2-RRB-the context of the polysemous word will be used as a key to search a large corpus; all words found to occur in that context will be noted; WordNet will then be used to estimate the semantic distance from those words to the alternative senses of the polysemous word; and that sense will be chosen that is closest in meaning to other words occurring in the same context If successful, this procedure could have practical applications to problems of information retrieval, mechanical translation, intelligent tutoring systems, and elsewhere.",
            "end": 1451,
            "tokens": [
                {
                    "begin": 899,
                    "text": "Or",
                    "end": 901,
                    "id": "s4-t0"
                },
                {
                    "begin": 901,
                    "text": ",",
                    "end": 902,
                    "id": "s4-t1"
                },
                {
                    "begin": 902,
                    "text": "-LRB-",
                    "end": 907,
                    "id": "s4-t2"
                },
                {
                    "begin": 907,
                    "text": "2",
                    "end": 908,
                    "id": "s4-t3"
                },
                {
                    "begin": 908,
                    "text": "-RRB-",
                    "end": 913,
                    "id": "s4-t4"
                },
                {
                    "begin": 913,
                    "text": "the",
                    "end": 916,
                    "id": "s4-t5"
                },
                {
                    "begin": 917,
                    "text": "context",
                    "end": 924,
                    "id": "s4-t6"
                },
                {
                    "begin": 925,
                    "text": "of",
                    "end": 927,
                    "id": "s4-t7"
                },
                {
                    "begin": 928,
                    "text": "the",
                    "end": 931,
                    "id": "s4-t8"
                },
                {
                    "begin": 932,
                    "text": "polysemous",
                    "end": 942,
                    "id": "s4-t9"
                },
                {
                    "begin": 943,
                    "text": "word",
                    "end": 947,
                    "id": "s4-t10"
                },
                {
                    "begin": 948,
                    "text": "will",
                    "end": 952,
                    "id": "s4-t11"
                },
                {
                    "begin": 953,
                    "text": "be",
                    "end": 955,
                    "id": "s4-t12"
                },
                {
                    "begin": 956,
                    "text": "used",
                    "end": 960,
                    "id": "s4-t13"
                },
                {
                    "begin": 961,
                    "text": "as",
                    "end": 963,
                    "id": "s4-t14"
                },
                {
                    "begin": 964,
                    "text": "a",
                    "end": 965,
                    "id": "s4-t15"
                },
                {
                    "begin": 966,
                    "text": "key",
                    "end": 969,
                    "id": "s4-t16"
                },
                {
                    "begin": 970,
                    "text": "to",
                    "end": 972,
                    "id": "s4-t17"
                },
                {
                    "begin": 973,
                    "text": "search",
                    "end": 979,
                    "id": "s4-t18"
                },
                {
                    "begin": 980,
                    "text": "a",
                    "end": 981,
                    "id": "s4-t19"
                },
                {
                    "begin": 982,
                    "text": "large",
                    "end": 987,
                    "id": "s4-t20"
                },
                {
                    "begin": 988,
                    "text": "corpus",
                    "end": 994,
                    "id": "s4-t21"
                },
                {
                    "begin": 994,
                    "text": ";",
                    "end": 995,
                    "id": "s4-t22"
                },
                {
                    "begin": 996,
                    "text": "all",
                    "end": 999,
                    "id": "s4-t23"
                },
                {
                    "begin": 1000,
                    "text": "words",
                    "end": 1005,
                    "id": "s4-t24"
                },
                {
                    "begin": 1006,
                    "text": "found",
                    "end": 1011,
                    "id": "s4-t25"
                },
                {
                    "begin": 1012,
                    "text": "to",
                    "end": 1014,
                    "id": "s4-t26"
                },
                {
                    "begin": 1015,
                    "text": "occur",
                    "end": 1020,
                    "id": "s4-t27"
                },
                {
                    "begin": 1021,
                    "text": "in",
                    "end": 1023,
                    "id": "s4-t28"
                },
                {
                    "begin": 1024,
                    "text": "that",
                    "end": 1028,
                    "id": "s4-t29"
                },
                {
                    "begin": 1029,
                    "text": "context",
                    "end": 1036,
                    "id": "s4-t30"
                },
                {
                    "begin": 1037,
                    "text": "will",
                    "end": 1041,
                    "id": "s4-t31"
                },
                {
                    "begin": 1042,
                    "text": "be",
                    "end": 1044,
                    "id": "s4-t32"
                },
                {
                    "begin": 1045,
                    "text": "noted",
                    "end": 1050,
                    "id": "s4-t33"
                },
                {
                    "begin": 1050,
                    "text": ";",
                    "end": 1051,
                    "id": "s4-t34"
                },
                {
                    "begin": 1052,
                    "text": "WordNet",
                    "end": 1059,
                    "id": "s4-t35"
                },
                {
                    "begin": 1060,
                    "text": "will",
                    "end": 1064,
                    "id": "s4-t36"
                },
                {
                    "begin": 1065,
                    "text": "then",
                    "end": 1069,
                    "id": "s4-t37"
                },
                {
                    "begin": 1070,
                    "text": "be",
                    "end": 1072,
                    "id": "s4-t38"
                },
                {
                    "begin": 1073,
                    "text": "used",
                    "end": 1077,
                    "id": "s4-t39"
                },
                {
                    "begin": 1078,
                    "text": "to",
                    "end": 1080,
                    "id": "s4-t40"
                },
                {
                    "begin": 1081,
                    "text": "estimate",
                    "end": 1089,
                    "id": "s4-t41"
                },
                {
                    "begin": 1090,
                    "text": "the",
                    "end": 1093,
                    "id": "s4-t42"
                },
                {
                    "begin": 1094,
                    "text": "semantic",
                    "end": 1102,
                    "id": "s4-t43"
                },
                {
                    "begin": 1103,
                    "text": "distance",
                    "end": 1111,
                    "id": "s4-t44"
                },
                {
                    "begin": 1112,
                    "text": "from",
                    "end": 1116,
                    "id": "s4-t45"
                },
                {
                    "begin": 1117,
                    "text": "those",
                    "end": 1122,
                    "id": "s4-t46"
                },
                {
                    "begin": 1123,
                    "text": "words",
                    "end": 1128,
                    "id": "s4-t47"
                },
                {
                    "begin": 1129,
                    "text": "to",
                    "end": 1131,
                    "id": "s4-t48"
                },
                {
                    "begin": 1132,
                    "text": "the",
                    "end": 1135,
                    "id": "s4-t49"
                },
                {
                    "begin": 1136,
                    "text": "alternative",
                    "end": 1147,
                    "id": "s4-t50"
                },
                {
                    "begin": 1148,
                    "text": "senses",
                    "end": 1154,
                    "id": "s4-t51"
                },
                {
                    "begin": 1155,
                    "text": "of",
                    "end": 1157,
                    "id": "s4-t52"
                },
                {
                    "begin": 1158,
                    "text": "the",
                    "end": 1161,
                    "id": "s4-t53"
                },
                {
                    "begin": 1162,
                    "text": "polysemous",
                    "end": 1172,
                    "id": "s4-t54"
                },
                {
                    "begin": 1173,
                    "text": "word",
                    "end": 1177,
                    "id": "s4-t55"
                },
                {
                    "begin": 1177,
                    "text": ";",
                    "end": 1178,
                    "id": "s4-t56"
                },
                {
                    "begin": 1179,
                    "text": "and",
                    "end": 1182,
                    "id": "s4-t57"
                },
                {
                    "begin": 1183,
                    "text": "that",
                    "end": 1187,
                    "id": "s4-t58"
                },
                {
                    "begin": 1188,
                    "text": "sense",
                    "end": 1193,
                    "id": "s4-t59"
                },
                {
                    "begin": 1194,
                    "text": "will",
                    "end": 1198,
                    "id": "s4-t60"
                },
                {
                    "begin": 1199,
                    "text": "be",
                    "end": 1201,
                    "id": "s4-t61"
                },
                {
                    "begin": 1202,
                    "text": "chosen",
                    "end": 1208,
                    "id": "s4-t62"
                },
                {
                    "begin": 1209,
                    "text": "that",
                    "end": 1213,
                    "id": "s4-t63"
                },
                {
                    "begin": 1214,
                    "text": "is",
                    "end": 1216,
                    "id": "s4-t64"
                },
                {
                    "begin": 1217,
                    "text": "closest",
                    "end": 1224,
                    "id": "s4-t65"
                },
                {
                    "begin": 1225,
                    "text": "in",
                    "end": 1227,
                    "id": "s4-t66"
                },
                {
                    "begin": 1228,
                    "text": "meaning",
                    "end": 1235,
                    "id": "s4-t67"
                },
                {
                    "begin": 1236,
                    "text": "to",
                    "end": 1238,
                    "id": "s4-t68"
                },
                {
                    "begin": 1239,
                    "text": "other",
                    "end": 1244,
                    "id": "s4-t69"
                },
                {
                    "begin": 1245,
                    "text": "words",
                    "end": 1250,
                    "id": "s4-t70"
                },
                {
                    "begin": 1251,
                    "text": "occurring",
                    "end": 1260,
                    "id": "s4-t71"
                },
                {
                    "begin": 1261,
                    "text": "in",
                    "end": 1263,
                    "id": "s4-t72"
                },
                {
                    "begin": 1264,
                    "text": "the",
                    "end": 1267,
                    "id": "s4-t73"
                },
                {
                    "begin": 1268,
                    "text": "same",
                    "end": 1272,
                    "id": "s4-t74"
                },
                {
                    "begin": 1273,
                    "text": "context",
                    "end": 1280,
                    "id": "s4-t75"
                },
                {
                    "begin": 1281,
                    "text": "If",
                    "end": 1283,
                    "id": "s4-t76"
                },
                {
                    "begin": 1284,
                    "text": "successful",
                    "end": 1294,
                    "id": "s4-t77"
                },
                {
                    "begin": 1294,
                    "text": ",",
                    "end": 1295,
                    "id": "s4-t78"
                },
                {
                    "begin": 1296,
                    "text": "this",
                    "end": 1300,
                    "id": "s4-t79"
                },
                {
                    "begin": 1301,
                    "text": "procedure",
                    "end": 1310,
                    "id": "s4-t80"
                },
                {
                    "begin": 1311,
                    "text": "could",
                    "end": 1316,
                    "id": "s4-t81"
                },
                {
                    "begin": 1317,
                    "text": "have",
                    "end": 1321,
                    "id": "s4-t82"
                },
                {
                    "begin": 1322,
                    "text": "practical",
                    "end": 1331,
                    "id": "s4-t83"
                },
                {
                    "begin": 1332,
                    "text": "applications",
                    "end": 1344,
                    "id": "s4-t84"
                },
                {
                    "begin": 1345,
                    "text": "to",
                    "end": 1347,
                    "id": "s4-t85"
                },
                {
                    "begin": 1348,
                    "text": "problems",
                    "end": 1356,
                    "id": "s4-t86"
                },
                {
                    "begin": 1357,
                    "text": "of",
                    "end": 1359,
                    "id": "s4-t87"
                },
                {
                    "begin": 1360,
                    "text": "information",
                    "end": 1371,
                    "id": "s4-t88"
                },
                {
                    "begin": 1372,
                    "text": "retrieval",
                    "end": 1381,
                    "id": "s4-t89"
                },
                {
                    "begin": 1381,
                    "text": ",",
                    "end": 1382,
                    "id": "s4-t90"
                },
                {
                    "begin": 1383,
                    "text": "mechanical",
                    "end": 1393,
                    "id": "s4-t91"
                },
                {
                    "begin": 1394,
                    "text": "translation",
                    "end": 1405,
                    "id": "s4-t92"
                },
                {
                    "begin": 1405,
                    "text": ",",
                    "end": 1406,
                    "id": "s4-t93"
                },
                {
                    "begin": 1407,
                    "text": "intelligent",
                    "end": 1418,
                    "id": "s4-t94"
                },
                {
                    "begin": 1419,
                    "text": "tutoring",
                    "end": 1427,
                    "id": "s4-t95"
                },
                {
                    "begin": 1428,
                    "text": "systems",
                    "end": 1435,
                    "id": "s4-t96"
                },
                {
                    "begin": 1435,
                    "text": ",",
                    "end": 1436,
                    "id": "s4-t97"
                },
                {
                    "begin": 1437,
                    "text": "and",
                    "end": 1440,
                    "id": "s4-t98"
                },
                {
                    "begin": 1441,
                    "text": "elsewhere",
                    "end": 1450,
                    "id": "s4-t99"
                },
                {
                    "begin": 1450,
                    "text": ".",
                    "end": 1451,
                    "id": "s4-t100"
                }
            ],
            "id": "s4"
        }
    ],
    "text": "A method of sense resolution is proposed that is based on WordNet, an on-line lexical database that incorporates semantic relations-LRB-synonymy, antonymy, hyponymy, meronymy, causal and troponymic entailment-RRB-as labeled pointers between word senses. With WordNet, it is easy to retrieve sets of semantically related words, a facility that will be used for sense resolution during text processing, as follows. When a word with multiple senses is encountered, one of two procedures will be followed. Either,-LRB-1-RRB-words related in meaning to the alternative senses of the polysemous word will be retrieved; new strings will be derived by substituting these related words into the context of the polysemous word; a large textual corpus will then be searched for these derived strings; and that sense will be chosen that corresponds to the derived string that is found most often in the corpus. Or,-LRB-2-RRB-the context of the polysemous word will be used as a key to search a large corpus; all words found to occur in that context will be noted; WordNet will then be used to estimate the semantic distance from those words to the alternative senses of the polysemous word; and that sense will be chosen that is closest in meaning to other words occurring in the same context If successful, this procedure could have practical applications to problems of information retrieval, mechanical translation, intelligent tutoring systems, and elsewhere.",
    "id": "fb0c3283-5e18-4b4e-b084-4b1bd1ac59e4"
}