{
    "mentions": [
        {
            "begin": 19,
            "id": "m0",
            "end": 45,
            "type": "Method",
            "text": "verbal and nonverbal means"
        },
        {
            "begin": 50,
            "id": "m1",
            "end": 59,
            "type": "Task",
            "text": "grounding"
        },
        {
            "begin": 75,
            "id": "m2",
            "end": 81,
            "type": "Generic",
            "text": "design"
        },
        {
            "begin": 86,
            "id": "m3",
            "end": 116,
            "type": "Method",
            "text": "embodied conversational agents"
        },
        {
            "begin": 167,
            "id": "m4",
            "end": 180,
            "type": "Task",
            "text": "common ground"
        },
        {
            "begin": 184,
            "id": "m5",
            "end": 210,
            "type": "Task",
            "text": "human-computer interaction"
        },
        {
            "begin": 224,
            "id": "m6",
            "end": 232,
            "type": "OtherScientificTerm",
            "text": "eye gaze"
        },
        {
            "begin": 234,
            "id": "m7",
            "end": 243,
            "type": "OtherScientificTerm",
            "text": "head nods"
        },
        {
            "begin": 248,
            "id": "m8",
            "end": 265,
            "type": "OtherScientificTerm",
            "text": "attentional focus"
        },
        {
            "begin": 286,
            "id": "m9",
            "end": 307,
            "type": "Task",
            "text": "direction-giving task"
        },
        {
            "begin": 329,
            "id": "m10",
            "end": 348,
            "type": "OtherScientificTerm",
            "text": "nonverbal behaviors"
        },
        {
            "begin": 383,
            "id": "m11",
            "end": 396,
            "type": "OtherScientificTerm",
            "text": "dialogue move"
        },
        {
            "begin": 471,
            "id": "m12",
            "end": 488,
            "type": "OtherScientificTerm",
            "text": "negative feedback"
        },
        {
            "begin": 528,
            "id": "m13",
            "end": 531,
            "type": "Method",
            "text": "ECA"
        },
        {
            "begin": 542,
            "id": "m14",
            "end": 577,
            "type": "OtherScientificTerm",
            "text": "verbal and nonverbal grounding acts"
        },
        {
            "begin": 588,
            "id": "m15",
            "end": 602,
            "type": "OtherScientificTerm",
            "text": "dialogue state"
        }
    ],
    "relations": [
        {
            "args": [
                "m0",
                "m1"
            ],
            "type": "USED-FOR",
            "id": "r0"
        },
        {
            "args": [
                "m2",
                "m3"
            ],
            "type": "USED-FOR",
            "id": "r1"
        },
        {
            "args": [
                "m4",
                "m5"
            ],
            "type": "USED-FOR",
            "id": "r2"
        },
        {
            "args": [
                "m6",
                "m7"
            ],
            "type": "CONJUNCTION",
            "id": "r3"
        },
        {
            "args": [
                "m6",
                "m9"
            ],
            "type": "PART-OF",
            "id": "r4"
        },
        {
            "args": [
                "m7",
                "m8"
            ],
            "type": "CONJUNCTION",
            "id": "r5"
        },
        {
            "args": [
                "m7",
                "m9"
            ],
            "type": "PART-OF",
            "id": "r6"
        },
        {
            "args": [
                "m8",
                "m9"
            ],
            "type": "PART-OF",
            "id": "r7"
        },
        {
            "args": [
                "m14",
                "m13"
            ],
            "type": "USED-FOR",
            "id": "r8"
        },
        {
            "args": [
                "m14",
                "m15"
            ],
            "type": "USED-FOR",
            "id": "r9"
        }
    ],
    "sentences": [
        {
            "begin": 0,
            "text": "We investigate the verbal and nonverbal means for grounding, and propose a design for embodied conversational agents that relies on both kinds of signals to establish common ground in human-computer interaction.",
            "end": 211,
            "tokens": [
                {
                    "begin": 0,
                    "text": "We",
                    "end": 2,
                    "id": "s0-t0"
                },
                {
                    "begin": 3,
                    "text": "investigate",
                    "end": 14,
                    "id": "s0-t1"
                },
                {
                    "begin": 15,
                    "text": "the",
                    "end": 18,
                    "id": "s0-t2"
                },
                {
                    "begin": 19,
                    "text": "verbal",
                    "end": 25,
                    "id": "s0-t3"
                },
                {
                    "begin": 26,
                    "text": "and",
                    "end": 29,
                    "id": "s0-t4"
                },
                {
                    "begin": 30,
                    "text": "nonverbal",
                    "end": 39,
                    "id": "s0-t5"
                },
                {
                    "begin": 40,
                    "text": "means",
                    "end": 45,
                    "id": "s0-t6"
                },
                {
                    "begin": 46,
                    "text": "for",
                    "end": 49,
                    "id": "s0-t7"
                },
                {
                    "begin": 50,
                    "text": "grounding",
                    "end": 59,
                    "id": "s0-t8"
                },
                {
                    "begin": 59,
                    "text": ",",
                    "end": 60,
                    "id": "s0-t9"
                },
                {
                    "begin": 61,
                    "text": "and",
                    "end": 64,
                    "id": "s0-t10"
                },
                {
                    "begin": 65,
                    "text": "propose",
                    "end": 72,
                    "id": "s0-t11"
                },
                {
                    "begin": 73,
                    "text": "a",
                    "end": 74,
                    "id": "s0-t12"
                },
                {
                    "begin": 75,
                    "text": "design",
                    "end": 81,
                    "id": "s0-t13"
                },
                {
                    "begin": 82,
                    "text": "for",
                    "end": 85,
                    "id": "s0-t14"
                },
                {
                    "begin": 86,
                    "text": "embodied",
                    "end": 94,
                    "id": "s0-t15"
                },
                {
                    "begin": 95,
                    "text": "conversational",
                    "end": 109,
                    "id": "s0-t16"
                },
                {
                    "begin": 110,
                    "text": "agents",
                    "end": 116,
                    "id": "s0-t17"
                },
                {
                    "begin": 117,
                    "text": "that",
                    "end": 121,
                    "id": "s0-t18"
                },
                {
                    "begin": 122,
                    "text": "relies",
                    "end": 128,
                    "id": "s0-t19"
                },
                {
                    "begin": 129,
                    "text": "on",
                    "end": 131,
                    "id": "s0-t20"
                },
                {
                    "begin": 132,
                    "text": "both",
                    "end": 136,
                    "id": "s0-t21"
                },
                {
                    "begin": 137,
                    "text": "kinds",
                    "end": 142,
                    "id": "s0-t22"
                },
                {
                    "begin": 143,
                    "text": "of",
                    "end": 145,
                    "id": "s0-t23"
                },
                {
                    "begin": 146,
                    "text": "signals",
                    "end": 153,
                    "id": "s0-t24"
                },
                {
                    "begin": 154,
                    "text": "to",
                    "end": 156,
                    "id": "s0-t25"
                },
                {
                    "begin": 157,
                    "text": "establish",
                    "end": 166,
                    "id": "s0-t26"
                },
                {
                    "begin": 167,
                    "text": "common",
                    "end": 173,
                    "id": "s0-t27"
                },
                {
                    "begin": 174,
                    "text": "ground",
                    "end": 180,
                    "id": "s0-t28"
                },
                {
                    "begin": 181,
                    "text": "in",
                    "end": 183,
                    "id": "s0-t29"
                },
                {
                    "begin": 184,
                    "text": "human-computer",
                    "end": 198,
                    "id": "s0-t30"
                },
                {
                    "begin": 199,
                    "text": "interaction",
                    "end": 210,
                    "id": "s0-t31"
                },
                {
                    "begin": 210,
                    "text": ".",
                    "end": 211,
                    "id": "s0-t32"
                }
            ],
            "id": "s0"
        },
        {
            "begin": 211,
            "text": " We analyzed eye gaze, head nods and attentional focus in the context of a direction-giving task.",
            "end": 308,
            "tokens": [
                {
                    "begin": 212,
                    "text": "We",
                    "end": 214,
                    "id": "s1-t0"
                },
                {
                    "begin": 215,
                    "text": "analyzed",
                    "end": 223,
                    "id": "s1-t1"
                },
                {
                    "begin": 224,
                    "text": "eye",
                    "end": 227,
                    "id": "s1-t2"
                },
                {
                    "begin": 228,
                    "text": "gaze",
                    "end": 232,
                    "id": "s1-t3"
                },
                {
                    "begin": 232,
                    "text": ",",
                    "end": 233,
                    "id": "s1-t4"
                },
                {
                    "begin": 234,
                    "text": "head",
                    "end": 238,
                    "id": "s1-t5"
                },
                {
                    "begin": 239,
                    "text": "nods",
                    "end": 243,
                    "id": "s1-t6"
                },
                {
                    "begin": 244,
                    "text": "and",
                    "end": 247,
                    "id": "s1-t7"
                },
                {
                    "begin": 248,
                    "text": "attentional",
                    "end": 259,
                    "id": "s1-t8"
                },
                {
                    "begin": 260,
                    "text": "focus",
                    "end": 265,
                    "id": "s1-t9"
                },
                {
                    "begin": 266,
                    "text": "in",
                    "end": 268,
                    "id": "s1-t10"
                },
                {
                    "begin": 269,
                    "text": "the",
                    "end": 272,
                    "id": "s1-t11"
                },
                {
                    "begin": 273,
                    "text": "context",
                    "end": 280,
                    "id": "s1-t12"
                },
                {
                    "begin": 281,
                    "text": "of",
                    "end": 283,
                    "id": "s1-t13"
                },
                {
                    "begin": 284,
                    "text": "a",
                    "end": 285,
                    "id": "s1-t14"
                },
                {
                    "begin": 286,
                    "text": "direction-giving",
                    "end": 302,
                    "id": "s1-t15"
                },
                {
                    "begin": 303,
                    "text": "task",
                    "end": 307,
                    "id": "s1-t16"
                },
                {
                    "begin": 307,
                    "text": ".",
                    "end": 308,
                    "id": "s1-t17"
                }
            ],
            "id": "s1"
        },
        {
            "begin": 308,
            "text": " The distribution of nonverbal behaviors differed depending on the type of dialogue move being grounded, and the overall pattern reflected a monitoring of lack of negative feedback.",
            "end": 489,
            "tokens": [
                {
                    "begin": 309,
                    "text": "The",
                    "end": 312,
                    "id": "s2-t0"
                },
                {
                    "begin": 313,
                    "text": "distribution",
                    "end": 325,
                    "id": "s2-t1"
                },
                {
                    "begin": 326,
                    "text": "of",
                    "end": 328,
                    "id": "s2-t2"
                },
                {
                    "begin": 329,
                    "text": "nonverbal",
                    "end": 338,
                    "id": "s2-t3"
                },
                {
                    "begin": 339,
                    "text": "behaviors",
                    "end": 348,
                    "id": "s2-t4"
                },
                {
                    "begin": 349,
                    "text": "differed",
                    "end": 357,
                    "id": "s2-t5"
                },
                {
                    "begin": 358,
                    "text": "depending",
                    "end": 367,
                    "id": "s2-t6"
                },
                {
                    "begin": 368,
                    "text": "on",
                    "end": 370,
                    "id": "s2-t7"
                },
                {
                    "begin": 371,
                    "text": "the",
                    "end": 374,
                    "id": "s2-t8"
                },
                {
                    "begin": 375,
                    "text": "type",
                    "end": 379,
                    "id": "s2-t9"
                },
                {
                    "begin": 380,
                    "text": "of",
                    "end": 382,
                    "id": "s2-t10"
                },
                {
                    "begin": 383,
                    "text": "dialogue",
                    "end": 391,
                    "id": "s2-t11"
                },
                {
                    "begin": 392,
                    "text": "move",
                    "end": 396,
                    "id": "s2-t12"
                },
                {
                    "begin": 397,
                    "text": "being",
                    "end": 402,
                    "id": "s2-t13"
                },
                {
                    "begin": 403,
                    "text": "grounded",
                    "end": 411,
                    "id": "s2-t14"
                },
                {
                    "begin": 411,
                    "text": ",",
                    "end": 412,
                    "id": "s2-t15"
                },
                {
                    "begin": 413,
                    "text": "and",
                    "end": 416,
                    "id": "s2-t16"
                },
                {
                    "begin": 417,
                    "text": "the",
                    "end": 420,
                    "id": "s2-t17"
                },
                {
                    "begin": 421,
                    "text": "overall",
                    "end": 428,
                    "id": "s2-t18"
                },
                {
                    "begin": 429,
                    "text": "pattern",
                    "end": 436,
                    "id": "s2-t19"
                },
                {
                    "begin": 437,
                    "text": "reflected",
                    "end": 446,
                    "id": "s2-t20"
                },
                {
                    "begin": 447,
                    "text": "a",
                    "end": 448,
                    "id": "s2-t21"
                },
                {
                    "begin": 449,
                    "text": "monitoring",
                    "end": 459,
                    "id": "s2-t22"
                },
                {
                    "begin": 460,
                    "text": "of",
                    "end": 462,
                    "id": "s2-t23"
                },
                {
                    "begin": 463,
                    "text": "lack",
                    "end": 467,
                    "id": "s2-t24"
                },
                {
                    "begin": 468,
                    "text": "of",
                    "end": 470,
                    "id": "s2-t25"
                },
                {
                    "begin": 471,
                    "text": "negative",
                    "end": 479,
                    "id": "s2-t26"
                },
                {
                    "begin": 480,
                    "text": "feedback",
                    "end": 488,
                    "id": "s2-t27"
                },
                {
                    "begin": 488,
                    "text": ".",
                    "end": 489,
                    "id": "s2-t28"
                }
            ],
            "id": "s2"
        },
        {
            "begin": 489,
            "text": " Based on these results, we present an ECA that uses verbal and nonverbal grounding acts to update dialogue state.",
            "end": 603,
            "tokens": [
                {
                    "begin": 490,
                    "text": "Based",
                    "end": 495,
                    "id": "s3-t0"
                },
                {
                    "begin": 496,
                    "text": "on",
                    "end": 498,
                    "id": "s3-t1"
                },
                {
                    "begin": 499,
                    "text": "these",
                    "end": 504,
                    "id": "s3-t2"
                },
                {
                    "begin": 505,
                    "text": "results",
                    "end": 512,
                    "id": "s3-t3"
                },
                {
                    "begin": 512,
                    "text": ",",
                    "end": 513,
                    "id": "s3-t4"
                },
                {
                    "begin": 514,
                    "text": "we",
                    "end": 516,
                    "id": "s3-t5"
                },
                {
                    "begin": 517,
                    "text": "present",
                    "end": 524,
                    "id": "s3-t6"
                },
                {
                    "begin": 525,
                    "text": "an",
                    "end": 527,
                    "id": "s3-t7"
                },
                {
                    "begin": 528,
                    "text": "ECA",
                    "end": 531,
                    "id": "s3-t8"
                },
                {
                    "begin": 532,
                    "text": "that",
                    "end": 536,
                    "id": "s3-t9"
                },
                {
                    "begin": 537,
                    "text": "uses",
                    "end": 541,
                    "id": "s3-t10"
                },
                {
                    "begin": 542,
                    "text": "verbal",
                    "end": 548,
                    "id": "s3-t11"
                },
                {
                    "begin": 549,
                    "text": "and",
                    "end": 552,
                    "id": "s3-t12"
                },
                {
                    "begin": 553,
                    "text": "nonverbal",
                    "end": 562,
                    "id": "s3-t13"
                },
                {
                    "begin": 563,
                    "text": "grounding",
                    "end": 572,
                    "id": "s3-t14"
                },
                {
                    "begin": 573,
                    "text": "acts",
                    "end": 577,
                    "id": "s3-t15"
                },
                {
                    "begin": 578,
                    "text": "to",
                    "end": 580,
                    "id": "s3-t16"
                },
                {
                    "begin": 581,
                    "text": "update",
                    "end": 587,
                    "id": "s3-t17"
                },
                {
                    "begin": 588,
                    "text": "dialogue",
                    "end": 596,
                    "id": "s3-t18"
                },
                {
                    "begin": 597,
                    "text": "state",
                    "end": 602,
                    "id": "s3-t19"
                },
                {
                    "begin": 602,
                    "text": ".",
                    "end": 603,
                    "id": "s3-t20"
                }
            ],
            "id": "s3"
        }
    ],
    "text": "We investigate the verbal and nonverbal means for grounding, and propose a design for embodied conversational agents that relies on both kinds of signals to establish common ground in human-computer interaction. We analyzed eye gaze, head nods and attentional focus in the context of a direction-giving task. The distribution of nonverbal behaviors differed depending on the type of dialogue move being grounded, and the overall pattern reflected a monitoring of lack of negative feedback. Based on these results, we present an ECA that uses verbal and nonverbal grounding acts to update dialogue state.",
    "id": "1e1c959f-9584-48f6-9734-f122889251bf"
}