{
    "mentions": [
        {
            "begin": 27,
            "id": "m0",
            "end": 35,
            "type": "Metric",
            "text": "accuracy"
        },
        {
            "begin": 40,
            "id": "m1",
            "end": 54,
            "type": "Material",
            "text": "newspaper text"
        },
        {
            "begin": 56,
            "id": "m2",
            "end": 90,
            "type": "Task",
            "text": "part of speech-LRB-pos-RRB-tagging"
        },
        {
            "begin": 175,
            "id": "m3",
            "end": 181,
            "type": "Method",
            "text": "parser"
        },
        {
            "begin": 193,
            "id": "m4",
            "end": 210,
            "type": "OtherScientificTerm",
            "text": "pos tag ambiguity"
        },
        {
            "begin": 254,
            "id": "m5",
            "end": 272,
            "type": "Method",
            "text": "grammar formalisms"
        },
        {
            "begin": 288,
            "id": "m6",
            "end": 323,
            "type": "OtherScientificTerm",
            "text": "fine-grained grammatical categories"
        },
        {
            "begin": 337,
            "id": "m7",
            "end": 340,
            "type": "OtherScientificTerm",
            "text": "tag"
        },
        {
            "begin": 345,
            "id": "m8",
            "end": 348,
            "type": "OtherScientificTerm",
            "text": "ccg"
        },
        {
            "begin": 350,
            "id": "m9",
            "end": 366,
            "type": "Metric",
            "text": "tagging accuracy"
        },
        {
            "begin": 401,
            "id": "m10",
            "end": 411,
            "type": "Generic",
            "text": "formalisms"
        },
        {
            "begin": 413,
            "id": "m11",
            "end": 443,
            "type": "OtherScientificTerm",
            "text": "premature ambiguity resolution"
        },
        {
            "begin": 450,
            "id": "m12",
            "end": 457,
            "type": "Task",
            "text": "parsing"
        },
        {
            "begin": 484,
            "id": "m13",
            "end": 506,
            "type": "Method",
            "text": "multi-tagging approach"
        },
        {
            "begin": 543,
            "id": "m14",
            "end": 569,
            "type": "OtherScientificTerm",
            "text": "lexical category ambiguity"
        },
        {
            "begin": 597,
            "id": "m15",
            "end": 608,
            "type": "Task",
            "text": "ccg parsing"
        },
        {
            "begin": 625,
            "id": "m16",
            "end": 647,
            "type": "Method",
            "text": "multi-tagging approach"
        },
        {
            "begin": 655,
            "id": "m17",
            "end": 664,
            "type": "OtherScientificTerm",
            "text": "pos level"
        },
        {
            "begin": 721,
            "id": "m18",
            "end": 729,
            "type": "OtherScientificTerm",
            "text": "pos tags"
        },
        {
            "begin": 740,
            "id": "m19",
            "end": 760,
            "type": "Metric",
            "text": "pos tagging accuracy"
        },
        {
            "begin": 790,
            "id": "m20",
            "end": 807,
            "type": "OtherScientificTerm",
            "text": "pos tag ambiguity"
        },
        {
            "begin": 815,
            "id": "m21",
            "end": 843,
            "type": "Method",
            "text": "language processing pipeline"
        },
        {
            "begin": 869,
            "id": "m22",
            "end": 885,
            "type": "Method",
            "text": "ccg supertagging"
        }
    ],
    "relations": [
        {
            "args": [
                "m0",
                "m2"
            ],
            "type": "EVALUATE-FOR",
            "id": "r0"
        },
        {
            "args": [
                "m1",
                "m2"
            ],
            "type": "EVALUATE-FOR",
            "id": "r1"
        },
        {
            "args": [
                "m3",
                "m4"
            ],
            "type": "USED-FOR",
            "id": "r2"
        },
        {
            "args": [
                "m6",
                "m5"
            ],
            "type": "USED-FOR",
            "id": "r3"
        },
        {
            "args": [
                "m7",
                "m6"
            ],
            "type": "HYPONYM-OF",
            "id": "r4"
        },
        {
            "args": [
                "m8",
                "m6"
            ],
            "type": "HYPONYM-OF",
            "id": "r5"
        },
        {
            "args": [
                "m9",
                "m5"
            ],
            "type": "EVALUATE-FOR",
            "id": "r6"
        },
        {
            "args": [
                "m12",
                "m10"
            ],
            "type": "USED-FOR",
            "id": "r7"
        },
        {
            "args": [
                "m13",
                "m15"
            ],
            "type": "USED-FOR",
            "id": "r8"
        },
        {
            "args": [
                "m14",
                "m13"
            ],
            "type": "FEATURE-OF",
            "id": "r9"
        },
        {
            "args": [
                "m16",
                "m17"
            ],
            "type": "USED-FOR",
            "id": "r10"
        },
        {
            "args": [
                "m20",
                "m21"
            ],
            "type": "FEATURE-OF",
            "id": "r11"
        },
        {
            "args": [
                "m20",
                "m22"
            ],
            "type": "USED-FOR",
            "id": "r12"
        }
    ],
    "sentences": [
        {
            "begin": 0,
            "text": "With performance above 97% accuracy for newspaper text, part of speech-LRB-pos-RRB-tagging might be considered a solved problem.",
            "end": 128,
            "tokens": [
                {
                    "begin": 0,
                    "text": "With",
                    "end": 4,
                    "id": "s0-t0"
                },
                {
                    "begin": 5,
                    "text": "performance",
                    "end": 16,
                    "id": "s0-t1"
                },
                {
                    "begin": 17,
                    "text": "above",
                    "end": 22,
                    "id": "s0-t2"
                },
                {
                    "begin": 23,
                    "text": "97",
                    "end": 25,
                    "id": "s0-t3"
                },
                {
                    "begin": 25,
                    "text": "%",
                    "end": 26,
                    "id": "s0-t4"
                },
                {
                    "begin": 27,
                    "text": "accuracy",
                    "end": 35,
                    "id": "s0-t5"
                },
                {
                    "begin": 36,
                    "text": "for",
                    "end": 39,
                    "id": "s0-t6"
                },
                {
                    "begin": 40,
                    "text": "newspaper",
                    "end": 49,
                    "id": "s0-t7"
                },
                {
                    "begin": 50,
                    "text": "text",
                    "end": 54,
                    "id": "s0-t8"
                },
                {
                    "begin": 54,
                    "text": ",",
                    "end": 55,
                    "id": "s0-t9"
                },
                {
                    "begin": 56,
                    "text": "part",
                    "end": 60,
                    "id": "s0-t10"
                },
                {
                    "begin": 61,
                    "text": "of",
                    "end": 63,
                    "id": "s0-t11"
                },
                {
                    "begin": 64,
                    "text": "speech",
                    "end": 70,
                    "id": "s0-t12"
                },
                {
                    "begin": 70,
                    "text": "-LRB-",
                    "end": 75,
                    "id": "s0-t13"
                },
                {
                    "begin": 75,
                    "text": "pos",
                    "end": 78,
                    "id": "s0-t14"
                },
                {
                    "begin": 78,
                    "text": "-RRB-",
                    "end": 83,
                    "id": "s0-t15"
                },
                {
                    "begin": 83,
                    "text": "tagging",
                    "end": 90,
                    "id": "s0-t16"
                },
                {
                    "begin": 91,
                    "text": "might",
                    "end": 96,
                    "id": "s0-t17"
                },
                {
                    "begin": 97,
                    "text": "be",
                    "end": 99,
                    "id": "s0-t18"
                },
                {
                    "begin": 100,
                    "text": "considered",
                    "end": 110,
                    "id": "s0-t19"
                },
                {
                    "begin": 111,
                    "text": "a",
                    "end": 112,
                    "id": "s0-t20"
                },
                {
                    "begin": 113,
                    "text": "solved",
                    "end": 119,
                    "id": "s0-t21"
                },
                {
                    "begin": 120,
                    "text": "problem",
                    "end": 127,
                    "id": "s0-t22"
                },
                {
                    "begin": 127,
                    "text": ".",
                    "end": 128,
                    "id": "s0-t23"
                }
            ],
            "id": "s0"
        },
        {
            "begin": 128,
            "text": " Previous studies have shown that allowing the parser to resolve pos tag ambiguity does not improve performance.",
            "end": 240,
            "tokens": [
                {
                    "begin": 129,
                    "text": "Previous",
                    "end": 137,
                    "id": "s1-t0"
                },
                {
                    "begin": 138,
                    "text": "studies",
                    "end": 145,
                    "id": "s1-t1"
                },
                {
                    "begin": 146,
                    "text": "have",
                    "end": 150,
                    "id": "s1-t2"
                },
                {
                    "begin": 151,
                    "text": "shown",
                    "end": 156,
                    "id": "s1-t3"
                },
                {
                    "begin": 157,
                    "text": "that",
                    "end": 161,
                    "id": "s1-t4"
                },
                {
                    "begin": 162,
                    "text": "allowing",
                    "end": 170,
                    "id": "s1-t5"
                },
                {
                    "begin": 171,
                    "text": "the",
                    "end": 174,
                    "id": "s1-t6"
                },
                {
                    "begin": 175,
                    "text": "parser",
                    "end": 181,
                    "id": "s1-t7"
                },
                {
                    "begin": 182,
                    "text": "to",
                    "end": 184,
                    "id": "s1-t8"
                },
                {
                    "begin": 185,
                    "text": "resolve",
                    "end": 192,
                    "id": "s1-t9"
                },
                {
                    "begin": 193,
                    "text": "pos",
                    "end": 196,
                    "id": "s1-t10"
                },
                {
                    "begin": 197,
                    "text": "tag",
                    "end": 200,
                    "id": "s1-t11"
                },
                {
                    "begin": 201,
                    "text": "ambiguity",
                    "end": 210,
                    "id": "s1-t12"
                },
                {
                    "begin": 211,
                    "text": "does",
                    "end": 215,
                    "id": "s1-t13"
                },
                {
                    "begin": 216,
                    "text": "not",
                    "end": 219,
                    "id": "s1-t14"
                },
                {
                    "begin": 220,
                    "text": "improve",
                    "end": 227,
                    "id": "s1-t15"
                },
                {
                    "begin": 228,
                    "text": "performance",
                    "end": 239,
                    "id": "s1-t16"
                },
                {
                    "begin": 239,
                    "text": ".",
                    "end": 240,
                    "id": "s1-t17"
                }
            ],
            "id": "s1"
        },
        {
            "begin": 240,
            "text": " However, for grammar formalisms which use more fine-grained grammatical categories, for example tag and ccg, tagging accuracy is much lower.",
            "end": 381,
            "tokens": [
                {
                    "begin": 241,
                    "text": "However",
                    "end": 248,
                    "id": "s2-t0"
                },
                {
                    "begin": 248,
                    "text": ",",
                    "end": 249,
                    "id": "s2-t1"
                },
                {
                    "begin": 250,
                    "text": "for",
                    "end": 253,
                    "id": "s2-t2"
                },
                {
                    "begin": 254,
                    "text": "grammar",
                    "end": 261,
                    "id": "s2-t3"
                },
                {
                    "begin": 262,
                    "text": "formalisms",
                    "end": 272,
                    "id": "s2-t4"
                },
                {
                    "begin": 273,
                    "text": "which",
                    "end": 278,
                    "id": "s2-t5"
                },
                {
                    "begin": 279,
                    "text": "use",
                    "end": 282,
                    "id": "s2-t6"
                },
                {
                    "begin": 283,
                    "text": "more",
                    "end": 287,
                    "id": "s2-t7"
                },
                {
                    "begin": 288,
                    "text": "fine-grained",
                    "end": 300,
                    "id": "s2-t8"
                },
                {
                    "begin": 301,
                    "text": "grammatical",
                    "end": 312,
                    "id": "s2-t9"
                },
                {
                    "begin": 313,
                    "text": "categories",
                    "end": 323,
                    "id": "s2-t10"
                },
                {
                    "begin": 323,
                    "text": ",",
                    "end": 324,
                    "id": "s2-t11"
                },
                {
                    "begin": 325,
                    "text": "for",
                    "end": 328,
                    "id": "s2-t12"
                },
                {
                    "begin": 329,
                    "text": "example",
                    "end": 336,
                    "id": "s2-t13"
                },
                {
                    "begin": 337,
                    "text": "tag",
                    "end": 340,
                    "id": "s2-t14"
                },
                {
                    "begin": 341,
                    "text": "and",
                    "end": 344,
                    "id": "s2-t15"
                },
                {
                    "begin": 345,
                    "text": "ccg",
                    "end": 348,
                    "id": "s2-t16"
                },
                {
                    "begin": 348,
                    "text": ",",
                    "end": 349,
                    "id": "s2-t17"
                },
                {
                    "begin": 350,
                    "text": "tagging",
                    "end": 357,
                    "id": "s2-t18"
                },
                {
                    "begin": 358,
                    "text": "accuracy",
                    "end": 366,
                    "id": "s2-t19"
                },
                {
                    "begin": 367,
                    "text": "is",
                    "end": 369,
                    "id": "s2-t20"
                },
                {
                    "begin": 370,
                    "text": "much",
                    "end": 374,
                    "id": "s2-t21"
                },
                {
                    "begin": 375,
                    "text": "lower",
                    "end": 380,
                    "id": "s2-t22"
                },
                {
                    "begin": 380,
                    "text": ".",
                    "end": 381,
                    "id": "s2-t23"
                }
            ],
            "id": "s2"
        },
        {
            "begin": 381,
            "text": " In fact, for these formalisms, premature ambiguity resolution makes parsing infeasible.",
            "end": 469,
            "tokens": [
                {
                    "begin": 382,
                    "text": "In",
                    "end": 384,
                    "id": "s3-t0"
                },
                {
                    "begin": 385,
                    "text": "fact",
                    "end": 389,
                    "id": "s3-t1"
                },
                {
                    "begin": 389,
                    "text": ",",
                    "end": 390,
                    "id": "s3-t2"
                },
                {
                    "begin": 391,
                    "text": "for",
                    "end": 394,
                    "id": "s3-t3"
                },
                {
                    "begin": 395,
                    "text": "these",
                    "end": 400,
                    "id": "s3-t4"
                },
                {
                    "begin": 401,
                    "text": "formalisms",
                    "end": 411,
                    "id": "s3-t5"
                },
                {
                    "begin": 411,
                    "text": ",",
                    "end": 412,
                    "id": "s3-t6"
                },
                {
                    "begin": 413,
                    "text": "premature",
                    "end": 422,
                    "id": "s3-t7"
                },
                {
                    "begin": 423,
                    "text": "ambiguity",
                    "end": 432,
                    "id": "s3-t8"
                },
                {
                    "begin": 433,
                    "text": "resolution",
                    "end": 443,
                    "id": "s3-t9"
                },
                {
                    "begin": 444,
                    "text": "makes",
                    "end": 449,
                    "id": "s3-t10"
                },
                {
                    "begin": 450,
                    "text": "parsing",
                    "end": 457,
                    "id": "s3-t11"
                },
                {
                    "begin": 458,
                    "text": "infeasible",
                    "end": 468,
                    "id": "s3-t12"
                },
                {
                    "begin": 468,
                    "text": ".",
                    "end": 469,
                    "id": "s3-t13"
                }
            ],
            "id": "s3"
        },
        {
            "begin": 469,
            "text": " We describe a multi-tagging approach which maintains a suitable level of lexical category ambiguity for accurate and efficient ccg parsing.",
            "end": 609,
            "tokens": [
                {
                    "begin": 470,
                    "text": "We",
                    "end": 472,
                    "id": "s4-t0"
                },
                {
                    "begin": 473,
                    "text": "describe",
                    "end": 481,
                    "id": "s4-t1"
                },
                {
                    "begin": 482,
                    "text": "a",
                    "end": 483,
                    "id": "s4-t2"
                },
                {
                    "begin": 484,
                    "text": "multi-tagging",
                    "end": 497,
                    "id": "s4-t3"
                },
                {
                    "begin": 498,
                    "text": "approach",
                    "end": 506,
                    "id": "s4-t4"
                },
                {
                    "begin": 507,
                    "text": "which",
                    "end": 512,
                    "id": "s4-t5"
                },
                {
                    "begin": 513,
                    "text": "maintains",
                    "end": 522,
                    "id": "s4-t6"
                },
                {
                    "begin": 523,
                    "text": "a",
                    "end": 524,
                    "id": "s4-t7"
                },
                {
                    "begin": 525,
                    "text": "suitable",
                    "end": 533,
                    "id": "s4-t8"
                },
                {
                    "begin": 534,
                    "text": "level",
                    "end": 539,
                    "id": "s4-t9"
                },
                {
                    "begin": 540,
                    "text": "of",
                    "end": 542,
                    "id": "s4-t10"
                },
                {
                    "begin": 543,
                    "text": "lexical",
                    "end": 550,
                    "id": "s4-t11"
                },
                {
                    "begin": 551,
                    "text": "category",
                    "end": 559,
                    "id": "s4-t12"
                },
                {
                    "begin": 560,
                    "text": "ambiguity",
                    "end": 569,
                    "id": "s4-t13"
                },
                {
                    "begin": 570,
                    "text": "for",
                    "end": 573,
                    "id": "s4-t14"
                },
                {
                    "begin": 574,
                    "text": "accurate",
                    "end": 582,
                    "id": "s4-t15"
                },
                {
                    "begin": 583,
                    "text": "and",
                    "end": 586,
                    "id": "s4-t16"
                },
                {
                    "begin": 587,
                    "text": "efficient",
                    "end": 596,
                    "id": "s4-t17"
                },
                {
                    "begin": 597,
                    "text": "ccg",
                    "end": 600,
                    "id": "s4-t18"
                },
                {
                    "begin": 601,
                    "text": "parsing",
                    "end": 608,
                    "id": "s4-t19"
                },
                {
                    "begin": 608,
                    "text": ".",
                    "end": 609,
                    "id": "s4-t20"
                }
            ],
            "id": "s4"
        },
        {
            "begin": 609,
            "text": " We extend this multi-tagging approach to the pos level to overcome errors introduced by automatically assigned pos tags.",
            "end": 730,
            "tokens": [
                {
                    "begin": 610,
                    "text": "We",
                    "end": 612,
                    "id": "s5-t0"
                },
                {
                    "begin": 613,
                    "text": "extend",
                    "end": 619,
                    "id": "s5-t1"
                },
                {
                    "begin": 620,
                    "text": "this",
                    "end": 624,
                    "id": "s5-t2"
                },
                {
                    "begin": 625,
                    "text": "multi-tagging",
                    "end": 638,
                    "id": "s5-t3"
                },
                {
                    "begin": 639,
                    "text": "approach",
                    "end": 647,
                    "id": "s5-t4"
                },
                {
                    "begin": 648,
                    "text": "to",
                    "end": 650,
                    "id": "s5-t5"
                },
                {
                    "begin": 651,
                    "text": "the",
                    "end": 654,
                    "id": "s5-t6"
                },
                {
                    "begin": 655,
                    "text": "pos",
                    "end": 658,
                    "id": "s5-t7"
                },
                {
                    "begin": 659,
                    "text": "level",
                    "end": 664,
                    "id": "s5-t8"
                },
                {
                    "begin": 665,
                    "text": "to",
                    "end": 667,
                    "id": "s5-t9"
                },
                {
                    "begin": 668,
                    "text": "overcome",
                    "end": 676,
                    "id": "s5-t10"
                },
                {
                    "begin": 677,
                    "text": "errors",
                    "end": 683,
                    "id": "s5-t11"
                },
                {
                    "begin": 684,
                    "text": "introduced",
                    "end": 694,
                    "id": "s5-t12"
                },
                {
                    "begin": 695,
                    "text": "by",
                    "end": 697,
                    "id": "s5-t13"
                },
                {
                    "begin": 698,
                    "text": "automatically",
                    "end": 711,
                    "id": "s5-t14"
                },
                {
                    "begin": 712,
                    "text": "assigned",
                    "end": 720,
                    "id": "s5-t15"
                },
                {
                    "begin": 721,
                    "text": "pos",
                    "end": 724,
                    "id": "s5-t16"
                },
                {
                    "begin": 725,
                    "text": "tags",
                    "end": 729,
                    "id": "s5-t17"
                },
                {
                    "begin": 729,
                    "text": ".",
                    "end": 730,
                    "id": "s5-t18"
                }
            ],
            "id": "s5"
        },
        {
            "begin": 730,
            "text": " Although pos tagging accuracy seems high, maintaining some pos tag ambiguity in the language processing pipeline results in more accurate ccg supertagging.",
            "end": 886,
            "tokens": [
                {
                    "begin": 731,
                    "text": "Although",
                    "end": 739,
                    "id": "s6-t0"
                },
                {
                    "begin": 740,
                    "text": "pos",
                    "end": 743,
                    "id": "s6-t1"
                },
                {
                    "begin": 744,
                    "text": "tagging",
                    "end": 751,
                    "id": "s6-t2"
                },
                {
                    "begin": 752,
                    "text": "accuracy",
                    "end": 760,
                    "id": "s6-t3"
                },
                {
                    "begin": 761,
                    "text": "seems",
                    "end": 766,
                    "id": "s6-t4"
                },
                {
                    "begin": 767,
                    "text": "high",
                    "end": 771,
                    "id": "s6-t5"
                },
                {
                    "begin": 771,
                    "text": ",",
                    "end": 772,
                    "id": "s6-t6"
                },
                {
                    "begin": 773,
                    "text": "maintaining",
                    "end": 784,
                    "id": "s6-t7"
                },
                {
                    "begin": 785,
                    "text": "some",
                    "end": 789,
                    "id": "s6-t8"
                },
                {
                    "begin": 790,
                    "text": "pos",
                    "end": 793,
                    "id": "s6-t9"
                },
                {
                    "begin": 794,
                    "text": "tag",
                    "end": 797,
                    "id": "s6-t10"
                },
                {
                    "begin": 798,
                    "text": "ambiguity",
                    "end": 807,
                    "id": "s6-t11"
                },
                {
                    "begin": 808,
                    "text": "in",
                    "end": 810,
                    "id": "s6-t12"
                },
                {
                    "begin": 811,
                    "text": "the",
                    "end": 814,
                    "id": "s6-t13"
                },
                {
                    "begin": 815,
                    "text": "language",
                    "end": 823,
                    "id": "s6-t14"
                },
                {
                    "begin": 824,
                    "text": "processing",
                    "end": 834,
                    "id": "s6-t15"
                },
                {
                    "begin": 835,
                    "text": "pipeline",
                    "end": 843,
                    "id": "s6-t16"
                },
                {
                    "begin": 844,
                    "text": "results",
                    "end": 851,
                    "id": "s6-t17"
                },
                {
                    "begin": 852,
                    "text": "in",
                    "end": 854,
                    "id": "s6-t18"
                },
                {
                    "begin": 855,
                    "text": "more",
                    "end": 859,
                    "id": "s6-t19"
                },
                {
                    "begin": 860,
                    "text": "accurate",
                    "end": 868,
                    "id": "s6-t20"
                },
                {
                    "begin": 869,
                    "text": "ccg",
                    "end": 872,
                    "id": "s6-t21"
                },
                {
                    "begin": 873,
                    "text": "supertagging",
                    "end": 885,
                    "id": "s6-t22"
                },
                {
                    "begin": 885,
                    "text": ".",
                    "end": 886,
                    "id": "s6-t23"
                }
            ],
            "id": "s6"
        }
    ],
    "text": "With performance above 97% accuracy for newspaper text, part of speech-LRB-pos-RRB-tagging might be considered a solved problem. Previous studies have shown that allowing the parser to resolve pos tag ambiguity does not improve performance. However, for grammar formalisms which use more fine-grained grammatical categories, for example tag and ccg, tagging accuracy is much lower. In fact, for these formalisms, premature ambiguity resolution makes parsing infeasible. We describe a multi-tagging approach which maintains a suitable level of lexical category ambiguity for accurate and efficient ccg parsing. We extend this multi-tagging approach to the pos level to overcome errors introduced by automatically assigned pos tags. Although pos tagging accuracy seems high, maintaining some pos tag ambiguity in the language processing pipeline results in more accurate ccg supertagging.",
    "id": "1a885cee-2977-45fd-810a-743957247121"
}