{
    "mentions": [
        {
            "begin": 23,
            "id": "m0",
            "end": 40,
            "type": "Generic",
            "text": "evaluation method"
        },
        {
            "begin": 53,
            "id": "m1",
            "end": 74,
            "type": "Method",
            "text": "latent variable model"
        },
        {
            "begin": 79,
            "id": "m2",
            "end": 90,
            "type": "OtherScientificTerm",
            "text": "paraphrases"
        },
        {
            "begin": 171,
            "id": "m3",
            "end": 186,
            "type": "OtherScientificTerm",
            "text": "latent variable"
        },
        {
            "begin": 194,
            "id": "m4",
            "end": 199,
            "type": "Generic",
            "text": "model"
        },
        {
            "begin": 271,
            "id": "m5",
            "end": 281,
            "type": "OtherScientificTerm",
            "text": "paraphrase"
        },
        {
            "begin": 397,
            "id": "m6",
            "end": 403,
            "type": "Generic",
            "text": "method"
        },
        {
            "begin": 424,
            "id": "m7",
            "end": 432,
            "type": "Metric",
            "text": "accuracy"
        },
        {
            "begin": 579,
            "id": "m8",
            "end": 585,
            "type": "Generic",
            "text": "method"
        },
        {
            "begin": 602,
            "id": "m9",
            "end": 619,
            "type": "OtherScientificTerm",
            "text": "topic information"
        }
    ],
    "relations": [
        {
            "args": [
                "m0",
                "m2"
            ],
            "type": "EVALUATE-FOR",
            "id": "r0"
        },
        {
            "args": [
                "m1",
                "m0"
            ],
            "type": "USED-FOR",
            "id": "r1"
        },
        {
            "args": [
                "m7",
                "m8"
            ],
            "type": "EVALUATE-FOR",
            "id": "r2"
        },
        {
            "args": [
                "m9",
                "m8"
            ],
            "type": "USED-FOR",
            "id": "r3"
        }
    ],
    "sentences": [
        {
            "begin": 0,
            "text": "This paper presents an evaluation method employing a latent variable model for paraphrases with their contexts.",
            "end": 111,
            "tokens": [
                {
                    "begin": 0,
                    "text": "This",
                    "end": 4,
                    "id": "s0-t0"
                },
                {
                    "begin": 5,
                    "text": "paper",
                    "end": 10,
                    "id": "s0-t1"
                },
                {
                    "begin": 11,
                    "text": "presents",
                    "end": 19,
                    "id": "s0-t2"
                },
                {
                    "begin": 20,
                    "text": "an",
                    "end": 22,
                    "id": "s0-t3"
                },
                {
                    "begin": 23,
                    "text": "evaluation",
                    "end": 33,
                    "id": "s0-t4"
                },
                {
                    "begin": 34,
                    "text": "method",
                    "end": 40,
                    "id": "s0-t5"
                },
                {
                    "begin": 41,
                    "text": "employing",
                    "end": 50,
                    "id": "s0-t6"
                },
                {
                    "begin": 51,
                    "text": "a",
                    "end": 52,
                    "id": "s0-t7"
                },
                {
                    "begin": 53,
                    "text": "latent",
                    "end": 59,
                    "id": "s0-t8"
                },
                {
                    "begin": 60,
                    "text": "variable",
                    "end": 68,
                    "id": "s0-t9"
                },
                {
                    "begin": 69,
                    "text": "model",
                    "end": 74,
                    "id": "s0-t10"
                },
                {
                    "begin": 75,
                    "text": "for",
                    "end": 78,
                    "id": "s0-t11"
                },
                {
                    "begin": 79,
                    "text": "paraphrases",
                    "end": 90,
                    "id": "s0-t12"
                },
                {
                    "begin": 91,
                    "text": "with",
                    "end": 95,
                    "id": "s0-t13"
                },
                {
                    "begin": 96,
                    "text": "their",
                    "end": 101,
                    "id": "s0-t14"
                },
                {
                    "begin": 102,
                    "text": "contexts",
                    "end": 110,
                    "id": "s0-t15"
                },
                {
                    "begin": 110,
                    "text": ".",
                    "end": 111,
                    "id": "s0-t16"
                }
            ],
            "id": "s0"
        },
        {
            "begin": 111,
            "text": " We assume that the context of a sentence is indicated by a latent variable of the model as a topic and that the likelihood of each variable can be inferred.",
            "end": 268,
            "tokens": [
                {
                    "begin": 112,
                    "text": "We",
                    "end": 114,
                    "id": "s1-t0"
                },
                {
                    "begin": 115,
                    "text": "assume",
                    "end": 121,
                    "id": "s1-t1"
                },
                {
                    "begin": 122,
                    "text": "that",
                    "end": 126,
                    "id": "s1-t2"
                },
                {
                    "begin": 127,
                    "text": "the",
                    "end": 130,
                    "id": "s1-t3"
                },
                {
                    "begin": 131,
                    "text": "context",
                    "end": 138,
                    "id": "s1-t4"
                },
                {
                    "begin": 139,
                    "text": "of",
                    "end": 141,
                    "id": "s1-t5"
                },
                {
                    "begin": 142,
                    "text": "a",
                    "end": 143,
                    "id": "s1-t6"
                },
                {
                    "begin": 144,
                    "text": "sentence",
                    "end": 152,
                    "id": "s1-t7"
                },
                {
                    "begin": 153,
                    "text": "is",
                    "end": 155,
                    "id": "s1-t8"
                },
                {
                    "begin": 156,
                    "text": "indicated",
                    "end": 165,
                    "id": "s1-t9"
                },
                {
                    "begin": 166,
                    "text": "by",
                    "end": 168,
                    "id": "s1-t10"
                },
                {
                    "begin": 169,
                    "text": "a",
                    "end": 170,
                    "id": "s1-t11"
                },
                {
                    "begin": 171,
                    "text": "latent",
                    "end": 177,
                    "id": "s1-t12"
                },
                {
                    "begin": 178,
                    "text": "variable",
                    "end": 186,
                    "id": "s1-t13"
                },
                {
                    "begin": 187,
                    "text": "of",
                    "end": 189,
                    "id": "s1-t14"
                },
                {
                    "begin": 190,
                    "text": "the",
                    "end": 193,
                    "id": "s1-t15"
                },
                {
                    "begin": 194,
                    "text": "model",
                    "end": 199,
                    "id": "s1-t16"
                },
                {
                    "begin": 200,
                    "text": "as",
                    "end": 202,
                    "id": "s1-t17"
                },
                {
                    "begin": 203,
                    "text": "a",
                    "end": 204,
                    "id": "s1-t18"
                },
                {
                    "begin": 205,
                    "text": "topic",
                    "end": 210,
                    "id": "s1-t19"
                },
                {
                    "begin": 211,
                    "text": "and",
                    "end": 214,
                    "id": "s1-t20"
                },
                {
                    "begin": 215,
                    "text": "that",
                    "end": 219,
                    "id": "s1-t21"
                },
                {
                    "begin": 220,
                    "text": "the",
                    "end": 223,
                    "id": "s1-t22"
                },
                {
                    "begin": 224,
                    "text": "likelihood",
                    "end": 234,
                    "id": "s1-t23"
                },
                {
                    "begin": 235,
                    "text": "of",
                    "end": 237,
                    "id": "s1-t24"
                },
                {
                    "begin": 238,
                    "text": "each",
                    "end": 242,
                    "id": "s1-t25"
                },
                {
                    "begin": 243,
                    "text": "variable",
                    "end": 251,
                    "id": "s1-t26"
                },
                {
                    "begin": 252,
                    "text": "can",
                    "end": 255,
                    "id": "s1-t27"
                },
                {
                    "begin": 256,
                    "text": "be",
                    "end": 258,
                    "id": "s1-t28"
                },
                {
                    "begin": 259,
                    "text": "inferred",
                    "end": 267,
                    "id": "s1-t29"
                },
                {
                    "begin": 267,
                    "text": ".",
                    "end": 268,
                    "id": "s1-t30"
                }
            ],
            "id": "s1"
        },
        {
            "begin": 268,
            "text": " A paraphrase is evaluated for whether its sentences are used in the same context.",
            "end": 350,
            "tokens": [
                {
                    "begin": 269,
                    "text": "A",
                    "end": 270,
                    "id": "s2-t0"
                },
                {
                    "begin": 271,
                    "text": "paraphrase",
                    "end": 281,
                    "id": "s2-t1"
                },
                {
                    "begin": 282,
                    "text": "is",
                    "end": 284,
                    "id": "s2-t2"
                },
                {
                    "begin": 285,
                    "text": "evaluated",
                    "end": 294,
                    "id": "s2-t3"
                },
                {
                    "begin": 295,
                    "text": "for",
                    "end": 298,
                    "id": "s2-t4"
                },
                {
                    "begin": 299,
                    "text": "whether",
                    "end": 306,
                    "id": "s2-t5"
                },
                {
                    "begin": 307,
                    "text": "its",
                    "end": 310,
                    "id": "s2-t6"
                },
                {
                    "begin": 311,
                    "text": "sentences",
                    "end": 320,
                    "id": "s2-t7"
                },
                {
                    "begin": 321,
                    "text": "are",
                    "end": 324,
                    "id": "s2-t8"
                },
                {
                    "begin": 325,
                    "text": "used",
                    "end": 329,
                    "id": "s2-t9"
                },
                {
                    "begin": 330,
                    "text": "in",
                    "end": 332,
                    "id": "s2-t10"
                },
                {
                    "begin": 333,
                    "text": "the",
                    "end": 336,
                    "id": "s2-t11"
                },
                {
                    "begin": 337,
                    "text": "same",
                    "end": 341,
                    "id": "s2-t12"
                },
                {
                    "begin": 342,
                    "text": "context",
                    "end": 349,
                    "id": "s2-t13"
                },
                {
                    "begin": 349,
                    "text": ".",
                    "end": 350,
                    "id": "s2-t14"
                }
            ],
            "id": "s2"
        },
        {
            "begin": 350,
            "text": " Experimental results showed that the proposed method achieves almost 60% accuracy and that there is not a large performance difference between the two models.",
            "end": 509,
            "tokens": [
                {
                    "begin": 351,
                    "text": "Experimental",
                    "end": 363,
                    "id": "s3-t0"
                },
                {
                    "begin": 364,
                    "text": "results",
                    "end": 371,
                    "id": "s3-t1"
                },
                {
                    "begin": 372,
                    "text": "showed",
                    "end": 378,
                    "id": "s3-t2"
                },
                {
                    "begin": 379,
                    "text": "that",
                    "end": 383,
                    "id": "s3-t3"
                },
                {
                    "begin": 384,
                    "text": "the",
                    "end": 387,
                    "id": "s3-t4"
                },
                {
                    "begin": 388,
                    "text": "proposed",
                    "end": 396,
                    "id": "s3-t5"
                },
                {
                    "begin": 397,
                    "text": "method",
                    "end": 403,
                    "id": "s3-t6"
                },
                {
                    "begin": 404,
                    "text": "achieves",
                    "end": 412,
                    "id": "s3-t7"
                },
                {
                    "begin": 413,
                    "text": "almost",
                    "end": 419,
                    "id": "s3-t8"
                },
                {
                    "begin": 420,
                    "text": "60",
                    "end": 422,
                    "id": "s3-t9"
                },
                {
                    "begin": 422,
                    "text": "%",
                    "end": 423,
                    "id": "s3-t10"
                },
                {
                    "begin": 424,
                    "text": "accuracy",
                    "end": 432,
                    "id": "s3-t11"
                },
                {
                    "begin": 433,
                    "text": "and",
                    "end": 436,
                    "id": "s3-t12"
                },
                {
                    "begin": 437,
                    "text": "that",
                    "end": 441,
                    "id": "s3-t13"
                },
                {
                    "begin": 442,
                    "text": "there",
                    "end": 447,
                    "id": "s3-t14"
                },
                {
                    "begin": 448,
                    "text": "is",
                    "end": 450,
                    "id": "s3-t15"
                },
                {
                    "begin": 451,
                    "text": "not",
                    "end": 454,
                    "id": "s3-t16"
                },
                {
                    "begin": 455,
                    "text": "a",
                    "end": 456,
                    "id": "s3-t17"
                },
                {
                    "begin": 457,
                    "text": "large",
                    "end": 462,
                    "id": "s3-t18"
                },
                {
                    "begin": 463,
                    "text": "performance",
                    "end": 474,
                    "id": "s3-t19"
                },
                {
                    "begin": 475,
                    "text": "difference",
                    "end": 485,
                    "id": "s3-t20"
                },
                {
                    "begin": 486,
                    "text": "between",
                    "end": 493,
                    "id": "s3-t21"
                },
                {
                    "begin": 494,
                    "text": "the",
                    "end": 497,
                    "id": "s3-t22"
                },
                {
                    "begin": 498,
                    "text": "two",
                    "end": 501,
                    "id": "s3-t23"
                },
                {
                    "begin": 502,
                    "text": "models",
                    "end": 508,
                    "id": "s3-t24"
                },
                {
                    "begin": 508,
                    "text": ".",
                    "end": 509,
                    "id": "s3-t25"
                }
            ],
            "id": "s3"
        },
        {
            "begin": 509,
            "text": " The results also revealed an upper bound of accuracy of 77% with the method when using only topic information.",
            "end": 620,
            "tokens": [
                {
                    "begin": 510,
                    "text": "The",
                    "end": 513,
                    "id": "s4-t0"
                },
                {
                    "begin": 514,
                    "text": "results",
                    "end": 521,
                    "id": "s4-t1"
                },
                {
                    "begin": 522,
                    "text": "also",
                    "end": 526,
                    "id": "s4-t2"
                },
                {
                    "begin": 527,
                    "text": "revealed",
                    "end": 535,
                    "id": "s4-t3"
                },
                {
                    "begin": 536,
                    "text": "an",
                    "end": 538,
                    "id": "s4-t4"
                },
                {
                    "begin": 539,
                    "text": "upper",
                    "end": 544,
                    "id": "s4-t5"
                },
                {
                    "begin": 545,
                    "text": "bound",
                    "end": 550,
                    "id": "s4-t6"
                },
                {
                    "begin": 551,
                    "text": "of",
                    "end": 553,
                    "id": "s4-t7"
                },
                {
                    "begin": 554,
                    "text": "accuracy",
                    "end": 562,
                    "id": "s4-t8"
                },
                {
                    "begin": 563,
                    "text": "of",
                    "end": 565,
                    "id": "s4-t9"
                },
                {
                    "begin": 566,
                    "text": "77",
                    "end": 568,
                    "id": "s4-t10"
                },
                {
                    "begin": 568,
                    "text": "%",
                    "end": 569,
                    "id": "s4-t11"
                },
                {
                    "begin": 570,
                    "text": "with",
                    "end": 574,
                    "id": "s4-t12"
                },
                {
                    "begin": 575,
                    "text": "the",
                    "end": 578,
                    "id": "s4-t13"
                },
                {
                    "begin": 579,
                    "text": "method",
                    "end": 585,
                    "id": "s4-t14"
                },
                {
                    "begin": 586,
                    "text": "when",
                    "end": 590,
                    "id": "s4-t15"
                },
                {
                    "begin": 591,
                    "text": "using",
                    "end": 596,
                    "id": "s4-t16"
                },
                {
                    "begin": 597,
                    "text": "only",
                    "end": 601,
                    "id": "s4-t17"
                },
                {
                    "begin": 602,
                    "text": "topic",
                    "end": 607,
                    "id": "s4-t18"
                },
                {
                    "begin": 608,
                    "text": "information",
                    "end": 619,
                    "id": "s4-t19"
                },
                {
                    "begin": 619,
                    "text": ".",
                    "end": 620,
                    "id": "s4-t20"
                }
            ],
            "id": "s4"
        }
    ],
    "text": "This paper presents an evaluation method employing a latent variable model for paraphrases with their contexts. We assume that the context of a sentence is indicated by a latent variable of the model as a topic and that the likelihood of each variable can be inferred. A paraphrase is evaluated for whether its sentences are used in the same context. Experimental results showed that the proposed method achieves almost 60% accuracy and that there is not a large performance difference between the two models. The results also revealed an upper bound of accuracy of 77% with the method when using only topic information.",
    "id": "0fcf6828-954a-45c7-aca0-738598f10794"
}