{
    "mentions": [
        {
            "begin": 0,
            "id": "m0",
            "end": 12,
            "type": "Method",
            "text": "Hough voting"
        },
        {
            "begin": 18,
            "id": "m1",
            "end": 48,
            "type": "OtherScientificTerm",
            "text": "geometric transformation space"
        },
        {
            "begin": 70,
            "id": "m2",
            "end": 90,
            "type": "Task",
            "text": "spatial verification"
        },
        {
            "begin": 117,
            "id": "m3",
            "end": 141,
            "type": "OtherScientificTerm",
            "text": "feature detection errors"
        },
        {
            "begin": 157,
            "id": "m4",
            "end": 215,
            "type": "OtherScientificTerm",
            "text": "inflexible quan-tization of single feature correspondences"
        },
        {
            "begin": 258,
            "id": "m5",
            "end": 264,
            "type": "Generic",
            "text": "method"
        },
        {
            "begin": 273,
            "id": "m6",
            "end": 295,
            "type": "Method",
            "text": "adaptive dither voting"
        },
        {
            "begin": 301,
            "id": "m7",
            "end": 328,
            "type": "Task",
            "text": "robust spatial verification"
        },
        {
            "begin": 414,
            "id": "m8",
            "end": 420,
            "type": "Generic",
            "text": "method"
        },
        {
            "begin": 455,
            "id": "m9",
            "end": 488,
            "type": "OtherScientificTerm",
            "text": "multiple dithered transformations"
        },
        {
            "begin": 560,
            "id": "m10",
            "end": 566,
            "type": "Generic",
            "text": "method"
        },
        {
            "begin": 624,
            "id": "m11",
            "end": 651,
            "type": "OtherScientificTerm",
            "text": "transformation quantization"
        },
        {
            "begin": 685,
            "id": "m12",
            "end": 703,
            "type": "OtherScientificTerm",
            "text": "regards mismatches"
        },
        {
            "begin": 722,
            "id": "m13",
            "end": 743,
            "type": "OtherScientificTerm",
            "text": "geometric constraints"
        },
        {
            "begin": 751,
            "id": "m14",
            "end": 768,
            "type": "OtherScientificTerm",
            "text": "dithering process"
        },
        {
            "begin": 801,
            "id": "m15",
            "end": 815,
            "type": "OtherScientificTerm",
            "text": "non-uniformity"
        },
        {
            "begin": 821,
            "id": "m16",
            "end": 836,
            "type": "Method",
            "text": "Hough histogram"
        },
        {
            "begin": 844,
            "id": "m17",
            "end": 862,
            "type": "OtherScientificTerm",
            "text": "spatial similarity"
        },
        {
            "begin": 873,
            "id": "m18",
            "end": 899,
            "type": "OtherScientificTerm",
            "text": "multiple matching surfaces"
        },
        {
            "begin": 978,
            "id": "m19",
            "end": 984,
            "type": "Generic",
            "text": "method"
        },
        {
            "begin": 990,
            "id": "m20",
            "end": 996,
            "type": "Generic",
            "text": "method"
        },
        {
            "begin": 1030,
            "id": "m21",
            "end": 1042,
            "type": "Generic",
            "text": "counterparts"
        },
        {
            "begin": 1051,
            "id": "m22",
            "end": 1059,
            "type": "Metric",
            "text": "accuracy"
        },
        {
            "begin": 1064,
            "id": "m23",
            "end": 1075,
            "type": "Metric",
            "text": "scalability"
        },
        {
            "begin": 1109,
            "id": "m24",
            "end": 1144,
            "type": "Task",
            "text": "retrieval of small, rotated objects"
        }
    ],
    "relations": [
        {
            "args": [
                "m0",
                "m2"
            ],
            "type": "USED-FOR",
            "id": "r0"
        },
        {
            "args": [
                "m1",
                "m0"
            ],
            "type": "FEATURE-OF",
            "id": "r1"
        },
        {
            "args": [
                "m5",
                "m7"
            ],
            "type": "USED-FOR",
            "id": "r2"
        },
        {
            "args": [
                "m9",
                "m8"
            ],
            "type": "USED-FOR",
            "id": "r3"
        },
        {
            "args": [
                "m15",
                "m16"
            ],
            "type": "FEATURE-OF",
            "id": "r4"
        },
        {
            "args": [
                "m15",
                "m18"
            ],
            "type": "USED-FOR",
            "id": "r5"
        },
        {
            "args": [
                "m20",
                "m24"
            ],
            "type": "USED-FOR",
            "id": "r6"
        },
        {
            "args": [
                "m21",
                "m20"
            ],
            "type": "COMPARE",
            "id": "r7"
        },
        {
            "args": [
                "m22",
                "m20"
            ],
            "type": "EVALUATE-FOR",
            "id": "r8"
        },
        {
            "args": [
                "m22",
                "m21"
            ],
            "type": "EVALUATE-FOR",
            "id": "r9"
        },
        {
            "args": [
                "m23",
                "m20"
            ],
            "type": "EVALUATE-FOR",
            "id": "r10"
        },
        {
            "args": [
                "m23",
                "m21"
            ],
            "type": "EVALUATE-FOR",
            "id": "r11"
        }
    ],
    "sentences": [
        {
            "begin": 0,
            "text": "Hough voting in a geometric transformation space allows us to realize spatial verification, but remains sensitive to feature detection errors because of the inflexible quan-tization of single feature correspondences.",
            "end": 216,
            "tokens": [
                {
                    "begin": 0,
                    "text": "Hough",
                    "end": 5,
                    "id": "s0-t0"
                },
                {
                    "begin": 6,
                    "text": "voting",
                    "end": 12,
                    "id": "s0-t1"
                },
                {
                    "begin": 13,
                    "text": "in",
                    "end": 15,
                    "id": "s0-t2"
                },
                {
                    "begin": 16,
                    "text": "a",
                    "end": 17,
                    "id": "s0-t3"
                },
                {
                    "begin": 18,
                    "text": "geometric",
                    "end": 27,
                    "id": "s0-t4"
                },
                {
                    "begin": 28,
                    "text": "transformation",
                    "end": 42,
                    "id": "s0-t5"
                },
                {
                    "begin": 43,
                    "text": "space",
                    "end": 48,
                    "id": "s0-t6"
                },
                {
                    "begin": 49,
                    "text": "allows",
                    "end": 55,
                    "id": "s0-t7"
                },
                {
                    "begin": 56,
                    "text": "us",
                    "end": 58,
                    "id": "s0-t8"
                },
                {
                    "begin": 59,
                    "text": "to",
                    "end": 61,
                    "id": "s0-t9"
                },
                {
                    "begin": 62,
                    "text": "realize",
                    "end": 69,
                    "id": "s0-t10"
                },
                {
                    "begin": 70,
                    "text": "spatial",
                    "end": 77,
                    "id": "s0-t11"
                },
                {
                    "begin": 78,
                    "text": "verification",
                    "end": 90,
                    "id": "s0-t12"
                },
                {
                    "begin": 90,
                    "text": ",",
                    "end": 91,
                    "id": "s0-t13"
                },
                {
                    "begin": 92,
                    "text": "but",
                    "end": 95,
                    "id": "s0-t14"
                },
                {
                    "begin": 96,
                    "text": "remains",
                    "end": 103,
                    "id": "s0-t15"
                },
                {
                    "begin": 104,
                    "text": "sensitive",
                    "end": 113,
                    "id": "s0-t16"
                },
                {
                    "begin": 114,
                    "text": "to",
                    "end": 116,
                    "id": "s0-t17"
                },
                {
                    "begin": 117,
                    "text": "feature",
                    "end": 124,
                    "id": "s0-t18"
                },
                {
                    "begin": 125,
                    "text": "detection",
                    "end": 134,
                    "id": "s0-t19"
                },
                {
                    "begin": 135,
                    "text": "errors",
                    "end": 141,
                    "id": "s0-t20"
                },
                {
                    "begin": 142,
                    "text": "because",
                    "end": 149,
                    "id": "s0-t21"
                },
                {
                    "begin": 150,
                    "text": "of",
                    "end": 152,
                    "id": "s0-t22"
                },
                {
                    "begin": 153,
                    "text": "the",
                    "end": 156,
                    "id": "s0-t23"
                },
                {
                    "begin": 157,
                    "text": "inflexible",
                    "end": 167,
                    "id": "s0-t24"
                },
                {
                    "begin": 168,
                    "text": "quan-tization",
                    "end": 181,
                    "id": "s0-t25"
                },
                {
                    "begin": 182,
                    "text": "of",
                    "end": 184,
                    "id": "s0-t26"
                },
                {
                    "begin": 185,
                    "text": "single",
                    "end": 191,
                    "id": "s0-t27"
                },
                {
                    "begin": 192,
                    "text": "feature",
                    "end": 199,
                    "id": "s0-t28"
                },
                {
                    "begin": 200,
                    "text": "correspondences",
                    "end": 215,
                    "id": "s0-t29"
                },
                {
                    "begin": 215,
                    "text": ".",
                    "end": 216,
                    "id": "s0-t30"
                }
            ],
            "id": "s0"
        },
        {
            "begin": 216,
            "text": " To handle this problem, we propose a new method, called adaptive dither voting, for robust spatial verification.",
            "end": 329,
            "tokens": [
                {
                    "begin": 217,
                    "text": "To",
                    "end": 219,
                    "id": "s1-t0"
                },
                {
                    "begin": 220,
                    "text": "handle",
                    "end": 226,
                    "id": "s1-t1"
                },
                {
                    "begin": 227,
                    "text": "this",
                    "end": 231,
                    "id": "s1-t2"
                },
                {
                    "begin": 232,
                    "text": "problem",
                    "end": 239,
                    "id": "s1-t3"
                },
                {
                    "begin": 239,
                    "text": ",",
                    "end": 240,
                    "id": "s1-t4"
                },
                {
                    "begin": 241,
                    "text": "we",
                    "end": 243,
                    "id": "s1-t5"
                },
                {
                    "begin": 244,
                    "text": "propose",
                    "end": 251,
                    "id": "s1-t6"
                },
                {
                    "begin": 252,
                    "text": "a",
                    "end": 253,
                    "id": "s1-t7"
                },
                {
                    "begin": 254,
                    "text": "new",
                    "end": 257,
                    "id": "s1-t8"
                },
                {
                    "begin": 258,
                    "text": "method",
                    "end": 264,
                    "id": "s1-t9"
                },
                {
                    "begin": 264,
                    "text": ",",
                    "end": 265,
                    "id": "s1-t10"
                },
                {
                    "begin": 266,
                    "text": "called",
                    "end": 272,
                    "id": "s1-t11"
                },
                {
                    "begin": 273,
                    "text": "adaptive",
                    "end": 281,
                    "id": "s1-t12"
                },
                {
                    "begin": 282,
                    "text": "dither",
                    "end": 288,
                    "id": "s1-t13"
                },
                {
                    "begin": 289,
                    "text": "voting",
                    "end": 295,
                    "id": "s1-t14"
                },
                {
                    "begin": 295,
                    "text": ",",
                    "end": 296,
                    "id": "s1-t15"
                },
                {
                    "begin": 297,
                    "text": "for",
                    "end": 300,
                    "id": "s1-t16"
                },
                {
                    "begin": 301,
                    "text": "robust",
                    "end": 307,
                    "id": "s1-t17"
                },
                {
                    "begin": 308,
                    "text": "spatial",
                    "end": 315,
                    "id": "s1-t18"
                },
                {
                    "begin": 316,
                    "text": "verification",
                    "end": 328,
                    "id": "s1-t19"
                },
                {
                    "begin": 328,
                    "text": ".",
                    "end": 329,
                    "id": "s1-t20"
                }
            ],
            "id": "s1"
        },
        {
            "begin": 329,
            "text": " For each correspondence, instead of hard-mapping it to a single transformation, the method augments its description by using multiple dithered transformations that are deterministically generated by the other correspondences.",
            "end": 555,
            "tokens": [
                {
                    "begin": 330,
                    "text": "For",
                    "end": 333,
                    "id": "s2-t0"
                },
                {
                    "begin": 334,
                    "text": "each",
                    "end": 338,
                    "id": "s2-t1"
                },
                {
                    "begin": 339,
                    "text": "correspondence",
                    "end": 353,
                    "id": "s2-t2"
                },
                {
                    "begin": 353,
                    "text": ",",
                    "end": 354,
                    "id": "s2-t3"
                },
                {
                    "begin": 355,
                    "text": "instead",
                    "end": 362,
                    "id": "s2-t4"
                },
                {
                    "begin": 363,
                    "text": "of",
                    "end": 365,
                    "id": "s2-t5"
                },
                {
                    "begin": 366,
                    "text": "hard-mapping",
                    "end": 378,
                    "id": "s2-t6"
                },
                {
                    "begin": 379,
                    "text": "it",
                    "end": 381,
                    "id": "s2-t7"
                },
                {
                    "begin": 382,
                    "text": "to",
                    "end": 384,
                    "id": "s2-t8"
                },
                {
                    "begin": 385,
                    "text": "a",
                    "end": 386,
                    "id": "s2-t9"
                },
                {
                    "begin": 387,
                    "text": "single",
                    "end": 393,
                    "id": "s2-t10"
                },
                {
                    "begin": 394,
                    "text": "transformation",
                    "end": 408,
                    "id": "s2-t11"
                },
                {
                    "begin": 408,
                    "text": ",",
                    "end": 409,
                    "id": "s2-t12"
                },
                {
                    "begin": 410,
                    "text": "the",
                    "end": 413,
                    "id": "s2-t13"
                },
                {
                    "begin": 414,
                    "text": "method",
                    "end": 420,
                    "id": "s2-t14"
                },
                {
                    "begin": 421,
                    "text": "augments",
                    "end": 429,
                    "id": "s2-t15"
                },
                {
                    "begin": 430,
                    "text": "its",
                    "end": 433,
                    "id": "s2-t16"
                },
                {
                    "begin": 434,
                    "text": "description",
                    "end": 445,
                    "id": "s2-t17"
                },
                {
                    "begin": 446,
                    "text": "by",
                    "end": 448,
                    "id": "s2-t18"
                },
                {
                    "begin": 449,
                    "text": "using",
                    "end": 454,
                    "id": "s2-t19"
                },
                {
                    "begin": 455,
                    "text": "multiple",
                    "end": 463,
                    "id": "s2-t20"
                },
                {
                    "begin": 464,
                    "text": "dithered",
                    "end": 472,
                    "id": "s2-t21"
                },
                {
                    "begin": 473,
                    "text": "transformations",
                    "end": 488,
                    "id": "s2-t22"
                },
                {
                    "begin": 489,
                    "text": "that",
                    "end": 493,
                    "id": "s2-t23"
                },
                {
                    "begin": 494,
                    "text": "are",
                    "end": 497,
                    "id": "s2-t24"
                },
                {
                    "begin": 498,
                    "text": "deterministically",
                    "end": 515,
                    "id": "s2-t25"
                },
                {
                    "begin": 516,
                    "text": "generated",
                    "end": 525,
                    "id": "s2-t26"
                },
                {
                    "begin": 526,
                    "text": "by",
                    "end": 528,
                    "id": "s2-t27"
                },
                {
                    "begin": 529,
                    "text": "the",
                    "end": 532,
                    "id": "s2-t28"
                },
                {
                    "begin": 533,
                    "text": "other",
                    "end": 538,
                    "id": "s2-t29"
                },
                {
                    "begin": 539,
                    "text": "correspondences",
                    "end": 554,
                    "id": "s2-t30"
                },
                {
                    "begin": 554,
                    "text": ".",
                    "end": 555,
                    "id": "s2-t31"
                }
            ],
            "id": "s2"
        },
        {
            "begin": 555,
            "text": " The method reduces the probability of losing correspondences during transformation quantization, and provides high robustness as regards mismatches by imposing three geometric constraints on the dithering process.",
            "end": 769,
            "tokens": [
                {
                    "begin": 556,
                    "text": "The",
                    "end": 559,
                    "id": "s3-t0"
                },
                {
                    "begin": 560,
                    "text": "method",
                    "end": 566,
                    "id": "s3-t1"
                },
                {
                    "begin": 567,
                    "text": "reduces",
                    "end": 574,
                    "id": "s3-t2"
                },
                {
                    "begin": 575,
                    "text": "the",
                    "end": 578,
                    "id": "s3-t3"
                },
                {
                    "begin": 579,
                    "text": "probability",
                    "end": 590,
                    "id": "s3-t4"
                },
                {
                    "begin": 591,
                    "text": "of",
                    "end": 593,
                    "id": "s3-t5"
                },
                {
                    "begin": 594,
                    "text": "losing",
                    "end": 600,
                    "id": "s3-t6"
                },
                {
                    "begin": 601,
                    "text": "correspondences",
                    "end": 616,
                    "id": "s3-t7"
                },
                {
                    "begin": 617,
                    "text": "during",
                    "end": 623,
                    "id": "s3-t8"
                },
                {
                    "begin": 624,
                    "text": "transformation",
                    "end": 638,
                    "id": "s3-t9"
                },
                {
                    "begin": 639,
                    "text": "quantization",
                    "end": 651,
                    "id": "s3-t10"
                },
                {
                    "begin": 651,
                    "text": ",",
                    "end": 652,
                    "id": "s3-t11"
                },
                {
                    "begin": 653,
                    "text": "and",
                    "end": 656,
                    "id": "s3-t12"
                },
                {
                    "begin": 657,
                    "text": "provides",
                    "end": 665,
                    "id": "s3-t13"
                },
                {
                    "begin": 666,
                    "text": "high",
                    "end": 670,
                    "id": "s3-t14"
                },
                {
                    "begin": 671,
                    "text": "robustness",
                    "end": 681,
                    "id": "s3-t15"
                },
                {
                    "begin": 682,
                    "text": "as",
                    "end": 684,
                    "id": "s3-t16"
                },
                {
                    "begin": 685,
                    "text": "regards",
                    "end": 692,
                    "id": "s3-t17"
                },
                {
                    "begin": 693,
                    "text": "mismatches",
                    "end": 703,
                    "id": "s3-t18"
                },
                {
                    "begin": 704,
                    "text": "by",
                    "end": 706,
                    "id": "s3-t19"
                },
                {
                    "begin": 707,
                    "text": "imposing",
                    "end": 715,
                    "id": "s3-t20"
                },
                {
                    "begin": 716,
                    "text": "three",
                    "end": 721,
                    "id": "s3-t21"
                },
                {
                    "begin": 722,
                    "text": "geometric",
                    "end": 731,
                    "id": "s3-t22"
                },
                {
                    "begin": 732,
                    "text": "constraints",
                    "end": 743,
                    "id": "s3-t23"
                },
                {
                    "begin": 744,
                    "text": "on",
                    "end": 746,
                    "id": "s3-t24"
                },
                {
                    "begin": 747,
                    "text": "the",
                    "end": 750,
                    "id": "s3-t25"
                },
                {
                    "begin": 751,
                    "text": "dithering",
                    "end": 760,
                    "id": "s3-t26"
                },
                {
                    "begin": 761,
                    "text": "process",
                    "end": 768,
                    "id": "s3-t27"
                },
                {
                    "begin": 768,
                    "text": ".",
                    "end": 769,
                    "id": "s3-t28"
                }
            ],
            "id": "s3"
        },
        {
            "begin": 769,
            "text": " We also propose exploiting the non-uniformity of a Hough histogram as the spatial similarity to handle multiple matching surfaces.",
            "end": 900,
            "tokens": [
                {
                    "begin": 770,
                    "text": "We",
                    "end": 772,
                    "id": "s4-t0"
                },
                {
                    "begin": 773,
                    "text": "also",
                    "end": 777,
                    "id": "s4-t1"
                },
                {
                    "begin": 778,
                    "text": "propose",
                    "end": 785,
                    "id": "s4-t2"
                },
                {
                    "begin": 786,
                    "text": "exploiting",
                    "end": 796,
                    "id": "s4-t3"
                },
                {
                    "begin": 797,
                    "text": "the",
                    "end": 800,
                    "id": "s4-t4"
                },
                {
                    "begin": 801,
                    "text": "non-uniformity",
                    "end": 815,
                    "id": "s4-t5"
                },
                {
                    "begin": 816,
                    "text": "of",
                    "end": 818,
                    "id": "s4-t6"
                },
                {
                    "begin": 819,
                    "text": "a",
                    "end": 820,
                    "id": "s4-t7"
                },
                {
                    "begin": 821,
                    "text": "Hough",
                    "end": 826,
                    "id": "s4-t8"
                },
                {
                    "begin": 827,
                    "text": "histogram",
                    "end": 836,
                    "id": "s4-t9"
                },
                {
                    "begin": 837,
                    "text": "as",
                    "end": 839,
                    "id": "s4-t10"
                },
                {
                    "begin": 840,
                    "text": "the",
                    "end": 843,
                    "id": "s4-t11"
                },
                {
                    "begin": 844,
                    "text": "spatial",
                    "end": 851,
                    "id": "s4-t12"
                },
                {
                    "begin": 852,
                    "text": "similarity",
                    "end": 862,
                    "id": "s4-t13"
                },
                {
                    "begin": 863,
                    "text": "to",
                    "end": 865,
                    "id": "s4-t14"
                },
                {
                    "begin": 866,
                    "text": "handle",
                    "end": 872,
                    "id": "s4-t15"
                },
                {
                    "begin": 873,
                    "text": "multiple",
                    "end": 881,
                    "id": "s4-t16"
                },
                {
                    "begin": 882,
                    "text": "matching",
                    "end": 890,
                    "id": "s4-t17"
                },
                {
                    "begin": 891,
                    "text": "surfaces",
                    "end": 899,
                    "id": "s4-t18"
                },
                {
                    "begin": 899,
                    "text": ".",
                    "end": 900,
                    "id": "s4-t19"
                }
            ],
            "id": "s4"
        },
        {
            "begin": 900,
            "text": " Extensive experiments conducted on four datasets show the superiority of our method.",
            "end": 985,
            "tokens": [
                {
                    "begin": 901,
                    "text": "Extensive",
                    "end": 910,
                    "id": "s5-t0"
                },
                {
                    "begin": 911,
                    "text": "experiments",
                    "end": 922,
                    "id": "s5-t1"
                },
                {
                    "begin": 923,
                    "text": "conducted",
                    "end": 932,
                    "id": "s5-t2"
                },
                {
                    "begin": 933,
                    "text": "on",
                    "end": 935,
                    "id": "s5-t3"
                },
                {
                    "begin": 936,
                    "text": "four",
                    "end": 940,
                    "id": "s5-t4"
                },
                {
                    "begin": 941,
                    "text": "datasets",
                    "end": 949,
                    "id": "s5-t5"
                },
                {
                    "begin": 950,
                    "text": "show",
                    "end": 954,
                    "id": "s5-t6"
                },
                {
                    "begin": 955,
                    "text": "the",
                    "end": 958,
                    "id": "s5-t7"
                },
                {
                    "begin": 959,
                    "text": "superiority",
                    "end": 970,
                    "id": "s5-t8"
                },
                {
                    "begin": 971,
                    "text": "of",
                    "end": 973,
                    "id": "s5-t9"
                },
                {
                    "begin": 974,
                    "text": "our",
                    "end": 977,
                    "id": "s5-t10"
                },
                {
                    "begin": 978,
                    "text": "method",
                    "end": 984,
                    "id": "s5-t11"
                },
                {
                    "begin": 984,
                    "text": ".",
                    "end": 985,
                    "id": "s5-t12"
                }
            ],
            "id": "s5"
        },
        {
            "begin": 985,
            "text": " The method outperforms its state-of-the-art counterparts in both accuracy and scalability, especially when it comes to the retrieval of small, rotated objects.",
            "end": 1145,
            "tokens": [
                {
                    "begin": 986,
                    "text": "The",
                    "end": 989,
                    "id": "s6-t0"
                },
                {
                    "begin": 990,
                    "text": "method",
                    "end": 996,
                    "id": "s6-t1"
                },
                {
                    "begin": 997,
                    "text": "outperforms",
                    "end": 1008,
                    "id": "s6-t2"
                },
                {
                    "begin": 1009,
                    "text": "its",
                    "end": 1012,
                    "id": "s6-t3"
                },
                {
                    "begin": 1013,
                    "text": "state-of-the-art",
                    "end": 1029,
                    "id": "s6-t4"
                },
                {
                    "begin": 1030,
                    "text": "counterparts",
                    "end": 1042,
                    "id": "s6-t5"
                },
                {
                    "begin": 1043,
                    "text": "in",
                    "end": 1045,
                    "id": "s6-t6"
                },
                {
                    "begin": 1046,
                    "text": "both",
                    "end": 1050,
                    "id": "s6-t7"
                },
                {
                    "begin": 1051,
                    "text": "accuracy",
                    "end": 1059,
                    "id": "s6-t8"
                },
                {
                    "begin": 1060,
                    "text": "and",
                    "end": 1063,
                    "id": "s6-t9"
                },
                {
                    "begin": 1064,
                    "text": "scalability",
                    "end": 1075,
                    "id": "s6-t10"
                },
                {
                    "begin": 1075,
                    "text": ",",
                    "end": 1076,
                    "id": "s6-t11"
                },
                {
                    "begin": 1077,
                    "text": "especially",
                    "end": 1087,
                    "id": "s6-t12"
                },
                {
                    "begin": 1088,
                    "text": "when",
                    "end": 1092,
                    "id": "s6-t13"
                },
                {
                    "begin": 1093,
                    "text": "it",
                    "end": 1095,
                    "id": "s6-t14"
                },
                {
                    "begin": 1096,
                    "text": "comes",
                    "end": 1101,
                    "id": "s6-t15"
                },
                {
                    "begin": 1102,
                    "text": "to",
                    "end": 1104,
                    "id": "s6-t16"
                },
                {
                    "begin": 1105,
                    "text": "the",
                    "end": 1108,
                    "id": "s6-t17"
                },
                {
                    "begin": 1109,
                    "text": "retrieval",
                    "end": 1118,
                    "id": "s6-t18"
                },
                {
                    "begin": 1119,
                    "text": "of",
                    "end": 1121,
                    "id": "s6-t19"
                },
                {
                    "begin": 1122,
                    "text": "small",
                    "end": 1127,
                    "id": "s6-t20"
                },
                {
                    "begin": 1127,
                    "text": ",",
                    "end": 1128,
                    "id": "s6-t21"
                },
                {
                    "begin": 1129,
                    "text": "rotated",
                    "end": 1136,
                    "id": "s6-t22"
                },
                {
                    "begin": 1137,
                    "text": "objects",
                    "end": 1144,
                    "id": "s6-t23"
                },
                {
                    "begin": 1144,
                    "text": ".",
                    "end": 1145,
                    "id": "s6-t24"
                }
            ],
            "id": "s6"
        }
    ],
    "text": "Hough voting in a geometric transformation space allows us to realize spatial verification, but remains sensitive to feature detection errors because of the inflexible quan-tization of single feature correspondences. To handle this problem, we propose a new method, called adaptive dither voting, for robust spatial verification. For each correspondence, instead of hard-mapping it to a single transformation, the method augments its description by using multiple dithered transformations that are deterministically generated by the other correspondences. The method reduces the probability of losing correspondences during transformation quantization, and provides high robustness as regards mismatches by imposing three geometric constraints on the dithering process. We also propose exploiting the non-uniformity of a Hough histogram as the spatial similarity to handle multiple matching surfaces. Extensive experiments conducted on four datasets show the superiority of our method. The method outperforms its state-of-the-art counterparts in both accuracy and scalability, especially when it comes to the retrieval of small, rotated objects.",
    "id": "ccbc965c-17b7-4101-9a78-7eceea84e1b8"
}