{
    "mentions": [
        {
            "begin": 13,
            "id": "m0",
            "end": 22,
            "type": "Generic",
            "text": "framework"
        },
        {
            "begin": 54,
            "id": "m1",
            "end": 62,
            "type": "OtherScientificTerm",
            "text": "concepts"
        },
        {
            "begin": 68,
            "id": "m2",
            "end": 114,
            "type": "Method",
            "text": "distributional measures of word co-occurrences"
        },
        {
            "begin": 166,
            "id": "m3",
            "end": 189,
            "type": "OtherScientificTerm",
            "text": "coarse-grained concepts"
        },
        {
            "begin": 247,
            "id": "m4",
            "end": 269,
            "type": "OtherScientificTerm",
            "text": "concept-concept matrix"
        },
        {
            "begin": 361,
            "id": "m5",
            "end": 386,
            "type": "Method",
            "text": "concept-distance measures"
        },
        {
            "begin": 410,
            "id": "m6",
            "end": 447,
            "type": "Method",
            "text": "distributional word-distance measures"
        },
        {
            "begin": 455,
            "id": "m7",
            "end": 460,
            "type": "Generic",
            "text": "tasks"
        },
        {
            "begin": 474,
            "id": "m8",
            "end": 522,
            "type": "Task",
            "text": "ranking word pairs in order of semantic distance"
        },
        {
            "begin": 538,
            "id": "m9",
            "end": 574,
            "type": "Task",
            "text": "correcting real-word spelling errors"
        },
        {
            "begin": 590,
            "id": "m10",
            "end": 594,
            "type": "Generic",
            "text": "task"
        },
        {
            "begin": 607,
            "id": "m11",
            "end": 629,
            "type": "Method",
            "text": "WordNet-based measures"
        },
        {
            "begin": 692,
            "id": "m12",
            "end": 732,
            "type": "Method",
            "text": "distributional concept-distance measures"
        }
    ],
    "relations": [
        {
            "args": [
                "m2",
                "m0"
            ],
            "type": "USED-FOR",
            "id": "r0"
        },
        {
            "args": [
                "m5",
                "m7"
            ],
            "type": "USED-FOR",
            "id": "r1"
        },
        {
            "args": [
                "m6",
                "m5"
            ],
            "type": "COMPARE",
            "id": "r2"
        },
        {
            "args": [
                "m6",
                "m7"
            ],
            "type": "USED-FOR",
            "id": "r3"
        },
        {
            "args": [
                "m8",
                "m7"
            ],
            "type": "HYPONYM-OF",
            "id": "r4"
        },
        {
            "args": [
                "m9",
                "m7"
            ],
            "type": "HYPONYM-OF",
            "id": "r5"
        },
        {
            "args": [
                "m9",
                "m8"
            ],
            "type": "CONJUNCTION",
            "id": "r6"
        },
        {
            "args": [
                "m10",
                "m11"
            ],
            "type": "EVALUATE-FOR",
            "id": "r7"
        },
        {
            "args": [
                "m10",
                "m12"
            ],
            "type": "EVALUATE-FOR",
            "id": "r8"
        },
        {
            "args": [
                "m12",
                "m11"
            ],
            "type": "COMPARE",
            "id": "r9"
        }
    ],
    "sentences": [
        {
            "begin": 0,
            "text": "We propose a framework to derive the distance between concepts from distributional measures of word co-occurrences.",
            "end": 115,
            "tokens": [
                {
                    "begin": 0,
                    "text": "We",
                    "end": 2,
                    "id": "s0-t0"
                },
                {
                    "begin": 3,
                    "text": "propose",
                    "end": 10,
                    "id": "s0-t1"
                },
                {
                    "begin": 11,
                    "text": "a",
                    "end": 12,
                    "id": "s0-t2"
                },
                {
                    "begin": 13,
                    "text": "framework",
                    "end": 22,
                    "id": "s0-t3"
                },
                {
                    "begin": 23,
                    "text": "to",
                    "end": 25,
                    "id": "s0-t4"
                },
                {
                    "begin": 26,
                    "text": "derive",
                    "end": 32,
                    "id": "s0-t5"
                },
                {
                    "begin": 33,
                    "text": "the",
                    "end": 36,
                    "id": "s0-t6"
                },
                {
                    "begin": 37,
                    "text": "distance",
                    "end": 45,
                    "id": "s0-t7"
                },
                {
                    "begin": 46,
                    "text": "between",
                    "end": 53,
                    "id": "s0-t8"
                },
                {
                    "begin": 54,
                    "text": "concepts",
                    "end": 62,
                    "id": "s0-t9"
                },
                {
                    "begin": 63,
                    "text": "from",
                    "end": 67,
                    "id": "s0-t10"
                },
                {
                    "begin": 68,
                    "text": "distributional",
                    "end": 82,
                    "id": "s0-t11"
                },
                {
                    "begin": 83,
                    "text": "measures",
                    "end": 91,
                    "id": "s0-t12"
                },
                {
                    "begin": 92,
                    "text": "of",
                    "end": 94,
                    "id": "s0-t13"
                },
                {
                    "begin": 95,
                    "text": "word",
                    "end": 99,
                    "id": "s0-t14"
                },
                {
                    "begin": 100,
                    "text": "co-occurrences",
                    "end": 114,
                    "id": "s0-t15"
                },
                {
                    "begin": 114,
                    "text": ".",
                    "end": 115,
                    "id": "s0-t16"
                }
            ],
            "id": "s0"
        },
        {
            "begin": 115,
            "text": " We use the categories in a published thesaurus as coarse-grained concepts, allowing all possible distance values to be stored in a concept-concept matrix roughly.01% the size of that created by existing measures.",
            "end": 328,
            "tokens": [
                {
                    "begin": 116,
                    "text": "We",
                    "end": 118,
                    "id": "s1-t0"
                },
                {
                    "begin": 119,
                    "text": "use",
                    "end": 122,
                    "id": "s1-t1"
                },
                {
                    "begin": 123,
                    "text": "the",
                    "end": 126,
                    "id": "s1-t2"
                },
                {
                    "begin": 127,
                    "text": "categories",
                    "end": 137,
                    "id": "s1-t3"
                },
                {
                    "begin": 138,
                    "text": "in",
                    "end": 140,
                    "id": "s1-t4"
                },
                {
                    "begin": 141,
                    "text": "a",
                    "end": 142,
                    "id": "s1-t5"
                },
                {
                    "begin": 143,
                    "text": "published",
                    "end": 152,
                    "id": "s1-t6"
                },
                {
                    "begin": 153,
                    "text": "thesaurus",
                    "end": 162,
                    "id": "s1-t7"
                },
                {
                    "begin": 163,
                    "text": "as",
                    "end": 165,
                    "id": "s1-t8"
                },
                {
                    "begin": 166,
                    "text": "coarse-grained",
                    "end": 180,
                    "id": "s1-t9"
                },
                {
                    "begin": 181,
                    "text": "concepts",
                    "end": 189,
                    "id": "s1-t10"
                },
                {
                    "begin": 189,
                    "text": ",",
                    "end": 190,
                    "id": "s1-t11"
                },
                {
                    "begin": 191,
                    "text": "allowing",
                    "end": 199,
                    "id": "s1-t12"
                },
                {
                    "begin": 200,
                    "text": "all",
                    "end": 203,
                    "id": "s1-t13"
                },
                {
                    "begin": 204,
                    "text": "possible",
                    "end": 212,
                    "id": "s1-t14"
                },
                {
                    "begin": 213,
                    "text": "distance",
                    "end": 221,
                    "id": "s1-t15"
                },
                {
                    "begin": 222,
                    "text": "values",
                    "end": 228,
                    "id": "s1-t16"
                },
                {
                    "begin": 229,
                    "text": "to",
                    "end": 231,
                    "id": "s1-t17"
                },
                {
                    "begin": 232,
                    "text": "be",
                    "end": 234,
                    "id": "s1-t18"
                },
                {
                    "begin": 235,
                    "text": "stored",
                    "end": 241,
                    "id": "s1-t19"
                },
                {
                    "begin": 242,
                    "text": "in",
                    "end": 244,
                    "id": "s1-t20"
                },
                {
                    "begin": 245,
                    "text": "a",
                    "end": 246,
                    "id": "s1-t21"
                },
                {
                    "begin": 247,
                    "text": "concept-concept",
                    "end": 262,
                    "id": "s1-t22"
                },
                {
                    "begin": 263,
                    "text": "matrix",
                    "end": 269,
                    "id": "s1-t23"
                },
                {
                    "begin": 270,
                    "text": "roughly",
                    "end": 277,
                    "id": "s1-t24"
                },
                {
                    "begin": 277,
                    "text": ".01",
                    "end": 280,
                    "id": "s1-t25"
                },
                {
                    "begin": 280,
                    "text": "%",
                    "end": 281,
                    "id": "s1-t26"
                },
                {
                    "begin": 282,
                    "text": "the",
                    "end": 285,
                    "id": "s1-t27"
                },
                {
                    "begin": 286,
                    "text": "size",
                    "end": 290,
                    "id": "s1-t28"
                },
                {
                    "begin": 291,
                    "text": "of",
                    "end": 293,
                    "id": "s1-t29"
                },
                {
                    "begin": 294,
                    "text": "that",
                    "end": 298,
                    "id": "s1-t30"
                },
                {
                    "begin": 299,
                    "text": "created",
                    "end": 306,
                    "id": "s1-t31"
                },
                {
                    "begin": 307,
                    "text": "by",
                    "end": 309,
                    "id": "s1-t32"
                },
                {
                    "begin": 310,
                    "text": "existing",
                    "end": 318,
                    "id": "s1-t33"
                },
                {
                    "begin": 319,
                    "text": "measures",
                    "end": 327,
                    "id": "s1-t34"
                },
                {
                    "begin": 327,
                    "text": ".",
                    "end": 328,
                    "id": "s1-t35"
                }
            ],
            "id": "s1"
        },
        {
            "begin": 328,
            "text": " We show that the newly proposed concept-distance measures outperform traditional distributional word-distance measures in the tasks of-LRB-1-RRB-ranking word pairs in order of semantic distance, and-LRB-2-RRB-correcting real-word spelling errors.",
            "end": 575,
            "tokens": [
                {
                    "begin": 329,
                    "text": "We",
                    "end": 331,
                    "id": "s2-t0"
                },
                {
                    "begin": 332,
                    "text": "show",
                    "end": 336,
                    "id": "s2-t1"
                },
                {
                    "begin": 337,
                    "text": "that",
                    "end": 341,
                    "id": "s2-t2"
                },
                {
                    "begin": 342,
                    "text": "the",
                    "end": 345,
                    "id": "s2-t3"
                },
                {
                    "begin": 346,
                    "text": "newly",
                    "end": 351,
                    "id": "s2-t4"
                },
                {
                    "begin": 352,
                    "text": "proposed",
                    "end": 360,
                    "id": "s2-t5"
                },
                {
                    "begin": 361,
                    "text": "concept-distance",
                    "end": 377,
                    "id": "s2-t6"
                },
                {
                    "begin": 378,
                    "text": "measures",
                    "end": 386,
                    "id": "s2-t7"
                },
                {
                    "begin": 387,
                    "text": "outperform",
                    "end": 397,
                    "id": "s2-t8"
                },
                {
                    "begin": 398,
                    "text": "traditional",
                    "end": 409,
                    "id": "s2-t9"
                },
                {
                    "begin": 410,
                    "text": "distributional",
                    "end": 424,
                    "id": "s2-t10"
                },
                {
                    "begin": 425,
                    "text": "word-distance",
                    "end": 438,
                    "id": "s2-t11"
                },
                {
                    "begin": 439,
                    "text": "measures",
                    "end": 447,
                    "id": "s2-t12"
                },
                {
                    "begin": 448,
                    "text": "in",
                    "end": 450,
                    "id": "s2-t13"
                },
                {
                    "begin": 451,
                    "text": "the",
                    "end": 454,
                    "id": "s2-t14"
                },
                {
                    "begin": 455,
                    "text": "tasks",
                    "end": 460,
                    "id": "s2-t15"
                },
                {
                    "begin": 461,
                    "text": "of",
                    "end": 463,
                    "id": "s2-t16"
                },
                {
                    "begin": 463,
                    "text": "-LRB-",
                    "end": 468,
                    "id": "s2-t17"
                },
                {
                    "begin": 468,
                    "text": "1",
                    "end": 469,
                    "id": "s2-t18"
                },
                {
                    "begin": 469,
                    "text": "-RRB-",
                    "end": 474,
                    "id": "s2-t19"
                },
                {
                    "begin": 474,
                    "text": "ranking",
                    "end": 481,
                    "id": "s2-t20"
                },
                {
                    "begin": 482,
                    "text": "word",
                    "end": 486,
                    "id": "s2-t21"
                },
                {
                    "begin": 487,
                    "text": "pairs",
                    "end": 492,
                    "id": "s2-t22"
                },
                {
                    "begin": 493,
                    "text": "in",
                    "end": 495,
                    "id": "s2-t23"
                },
                {
                    "begin": 496,
                    "text": "order",
                    "end": 501,
                    "id": "s2-t24"
                },
                {
                    "begin": 502,
                    "text": "of",
                    "end": 504,
                    "id": "s2-t25"
                },
                {
                    "begin": 505,
                    "text": "semantic",
                    "end": 513,
                    "id": "s2-t26"
                },
                {
                    "begin": 514,
                    "text": "distance",
                    "end": 522,
                    "id": "s2-t27"
                },
                {
                    "begin": 522,
                    "text": ",",
                    "end": 523,
                    "id": "s2-t28"
                },
                {
                    "begin": 524,
                    "text": "and",
                    "end": 527,
                    "id": "s2-t29"
                },
                {
                    "begin": 527,
                    "text": "-LRB-",
                    "end": 532,
                    "id": "s2-t30"
                },
                {
                    "begin": 532,
                    "text": "2",
                    "end": 533,
                    "id": "s2-t31"
                },
                {
                    "begin": 533,
                    "text": "-RRB-",
                    "end": 538,
                    "id": "s2-t32"
                },
                {
                    "begin": 538,
                    "text": "correcting",
                    "end": 548,
                    "id": "s2-t33"
                },
                {
                    "begin": 549,
                    "text": "real-word",
                    "end": 558,
                    "id": "s2-t34"
                },
                {
                    "begin": 559,
                    "text": "spelling",
                    "end": 567,
                    "id": "s2-t35"
                },
                {
                    "begin": 568,
                    "text": "errors",
                    "end": 574,
                    "id": "s2-t36"
                },
                {
                    "begin": 574,
                    "text": ".",
                    "end": 575,
                    "id": "s2-t37"
                }
            ],
            "id": "s2"
        },
        {
            "begin": 575,
            "text": " In the latter task, of all the WordNet-based measures, only that proposed by Jiang and Conrath outperforms the best distributional concept-distance measures.",
            "end": 733,
            "tokens": [
                {
                    "begin": 576,
                    "text": "In",
                    "end": 578,
                    "id": "s3-t0"
                },
                {
                    "begin": 579,
                    "text": "the",
                    "end": 582,
                    "id": "s3-t1"
                },
                {
                    "begin": 583,
                    "text": "latter",
                    "end": 589,
                    "id": "s3-t2"
                },
                {
                    "begin": 590,
                    "text": "task",
                    "end": 594,
                    "id": "s3-t3"
                },
                {
                    "begin": 594,
                    "text": ",",
                    "end": 595,
                    "id": "s3-t4"
                },
                {
                    "begin": 596,
                    "text": "of",
                    "end": 598,
                    "id": "s3-t5"
                },
                {
                    "begin": 599,
                    "text": "all",
                    "end": 602,
                    "id": "s3-t6"
                },
                {
                    "begin": 603,
                    "text": "the",
                    "end": 606,
                    "id": "s3-t7"
                },
                {
                    "begin": 607,
                    "text": "WordNet-based",
                    "end": 620,
                    "id": "s3-t8"
                },
                {
                    "begin": 621,
                    "text": "measures",
                    "end": 629,
                    "id": "s3-t9"
                },
                {
                    "begin": 629,
                    "text": ",",
                    "end": 630,
                    "id": "s3-t10"
                },
                {
                    "begin": 631,
                    "text": "only",
                    "end": 635,
                    "id": "s3-t11"
                },
                {
                    "begin": 636,
                    "text": "that",
                    "end": 640,
                    "id": "s3-t12"
                },
                {
                    "begin": 641,
                    "text": "proposed",
                    "end": 649,
                    "id": "s3-t13"
                },
                {
                    "begin": 650,
                    "text": "by",
                    "end": 652,
                    "id": "s3-t14"
                },
                {
                    "begin": 653,
                    "text": "Jiang",
                    "end": 658,
                    "id": "s3-t15"
                },
                {
                    "begin": 659,
                    "text": "and",
                    "end": 662,
                    "id": "s3-t16"
                },
                {
                    "begin": 663,
                    "text": "Conrath",
                    "end": 670,
                    "id": "s3-t17"
                },
                {
                    "begin": 671,
                    "text": "outperforms",
                    "end": 682,
                    "id": "s3-t18"
                },
                {
                    "begin": 683,
                    "text": "the",
                    "end": 686,
                    "id": "s3-t19"
                },
                {
                    "begin": 687,
                    "text": "best",
                    "end": 691,
                    "id": "s3-t20"
                },
                {
                    "begin": 692,
                    "text": "distributional",
                    "end": 706,
                    "id": "s3-t21"
                },
                {
                    "begin": 707,
                    "text": "concept-distance",
                    "end": 723,
                    "id": "s3-t22"
                },
                {
                    "begin": 724,
                    "text": "measures",
                    "end": 732,
                    "id": "s3-t23"
                },
                {
                    "begin": 732,
                    "text": ".",
                    "end": 733,
                    "id": "s3-t24"
                }
            ],
            "id": "s3"
        }
    ],
    "text": "We propose a framework to derive the distance between concepts from distributional measures of word co-occurrences. We use the categories in a published thesaurus as coarse-grained concepts, allowing all possible distance values to be stored in a concept-concept matrix roughly.01% the size of that created by existing measures. We show that the newly proposed concept-distance measures outperform traditional distributional word-distance measures in the tasks of-LRB-1-RRB-ranking word pairs in order of semantic distance, and-LRB-2-RRB-correcting real-word spelling errors. In the latter task, of all the WordNet-based measures, only that proposed by Jiang and Conrath outperforms the best distributional concept-distance measures.",
    "id": "e8bb0508-64f6-4166-9953-22cdf4a94ad6"
}