{
    "mentions": [
        {
            "begin": 0,
            "id": "m0",
            "end": 19,
            "type": "Method",
            "text": "Active shape models"
        },
        {
            "begin": 69,
            "id": "m1",
            "end": 87,
            "type": "Material",
            "text": "complex image data"
        },
        {
            "begin": 101,
            "id": "m2",
            "end": 126,
            "type": "Method",
            "text": "models of shape variation"
        },
        {
            "begin": 139,
            "id": "m3",
            "end": 156,
            "type": "Method",
            "text": "search algorithms"
        },
        {
            "begin": 166,
            "id": "m4",
            "end": 183,
            "type": "OtherScientificTerm",
            "text": "pri-ori knowledge"
        },
        {
            "begin": 237,
            "id": "m5",
            "end": 246,
            "type": "OtherScientificTerm",
            "text": "linearity"
        },
        {
            "begin": 250,
            "id": "m6",
            "end": 253,
            "type": "Method",
            "text": "PCA"
        },
        {
            "begin": 255,
            "id": "m7",
            "end": 270,
            "type": "OtherScientificTerm",
            "text": "non-linearities"
        },
        {
            "begin": 276,
            "id": "m8",
            "end": 285,
            "type": "OtherScientificTerm",
            "text": "rotations"
        },
        {
            "begin": 391,
            "id": "m9",
            "end": 435,
            "type": "Method",
            "text": "non-linear extensions of active shape models"
        },
        {
            "begin": 542,
            "id": "m10",
            "end": 558,
            "type": "OtherScientificTerm",
            "text": "user interaction"
        },
        {
            "begin": 608,
            "id": "m11",
            "end": 641,
            "type": "Task",
            "text": "build-ing/choosing optimal models"
        },
        {
            "begin": 731,
            "id": "m12",
            "end": 740,
            "type": "Generic",
            "text": "algorithm"
        },
        {
            "begin": 754,
            "id": "m13",
            "end": 790,
            "type": "Method",
            "text": "minimum description length principle"
        },
        {
            "begin": 868,
            "id": "m14",
            "end": 883,
            "type": "Method",
            "text": "linear modeling"
        },
        {
            "begin": 925,
            "id": "m15",
            "end": 930,
            "type": "Generic",
            "text": "model"
        },
        {
            "begin": 996,
            "id": "m16",
            "end": 1015,
            "type": "OtherScientificTerm",
            "text": "modes of variations"
        },
        {
            "begin": 1030,
            "id": "m17",
            "end": 1036,
            "type": "Generic",
            "text": "method"
        },
        {
            "begin": 1053,
            "id": "m18",
            "end": 1067,
            "type": "Material",
            "text": "synthetic data"
        },
        {
            "begin": 1069,
            "id": "m19",
            "end": 1083,
            "type": "Material",
            "text": "medical images"
        },
        {
            "begin": 1088,
            "id": "m20",
            "end": 1101,
            "type": "Material",
            "text": "hand contours"
        }
    ],
    "relations": [
        {
            "args": [
                "m0",
                "m1"
            ],
            "type": "USED-FOR",
            "id": "r0"
        },
        {
            "args": [
                "m3",
                "m2"
            ],
            "type": "USED-FOR",
            "id": "r1"
        },
        {
            "args": [
                "m4",
                "m3"
            ],
            "type": "USED-FOR",
            "id": "r2"
        },
        {
            "args": [
                "m5",
                "m6"
            ],
            "type": "FEATURE-OF",
            "id": "r3"
        },
        {
            "args": [
                "m8",
                "m7"
            ],
            "type": "HYPONYM-OF",
            "id": "r4"
        },
        {
            "args": [
                "m10",
                "m9"
            ],
            "type": "USED-FOR",
            "id": "r5"
        },
        {
            "args": [
                "m13",
                "m12"
            ],
            "type": "USED-FOR",
            "id": "r6"
        },
        {
            "args": [
                "m16",
                "m15"
            ],
            "type": "FEATURE-OF",
            "id": "r7"
        },
        {
            "args": [
                "m18",
                "m17"
            ],
            "type": "EVALUATE-FOR",
            "id": "r8"
        },
        {
            "args": [
                "m18",
                "m19"
            ],
            "type": "CONJUNCTION",
            "id": "r9"
        },
        {
            "args": [
                "m19",
                "m17"
            ],
            "type": "EVALUATE-FOR",
            "id": "r10"
        },
        {
            "args": [
                "m19",
                "m20"
            ],
            "type": "CONJUNCTION",
            "id": "r11"
        },
        {
            "args": [
                "m20",
                "m17"
            ],
            "type": "EVALUATE-FOR",
            "id": "r12"
        }
    ],
    "sentences": [
        {
            "begin": 0,
            "text": "Active shape models are a powerful and widely used tool to interpret complex image data.",
            "end": 88,
            "tokens": [
                {
                    "begin": 0,
                    "text": "Active",
                    "end": 6,
                    "id": "s0-t0"
                },
                {
                    "begin": 7,
                    "text": "shape",
                    "end": 12,
                    "id": "s0-t1"
                },
                {
                    "begin": 13,
                    "text": "models",
                    "end": 19,
                    "id": "s0-t2"
                },
                {
                    "begin": 20,
                    "text": "are",
                    "end": 23,
                    "id": "s0-t3"
                },
                {
                    "begin": 24,
                    "text": "a",
                    "end": 25,
                    "id": "s0-t4"
                },
                {
                    "begin": 26,
                    "text": "powerful",
                    "end": 34,
                    "id": "s0-t5"
                },
                {
                    "begin": 35,
                    "text": "and",
                    "end": 38,
                    "id": "s0-t6"
                },
                {
                    "begin": 39,
                    "text": "widely",
                    "end": 45,
                    "id": "s0-t7"
                },
                {
                    "begin": 46,
                    "text": "used",
                    "end": 50,
                    "id": "s0-t8"
                },
                {
                    "begin": 51,
                    "text": "tool",
                    "end": 55,
                    "id": "s0-t9"
                },
                {
                    "begin": 56,
                    "text": "to",
                    "end": 58,
                    "id": "s0-t10"
                },
                {
                    "begin": 59,
                    "text": "interpret",
                    "end": 68,
                    "id": "s0-t11"
                },
                {
                    "begin": 69,
                    "text": "complex",
                    "end": 76,
                    "id": "s0-t12"
                },
                {
                    "begin": 77,
                    "text": "image",
                    "end": 82,
                    "id": "s0-t13"
                },
                {
                    "begin": 83,
                    "text": "data",
                    "end": 87,
                    "id": "s0-t14"
                },
                {
                    "begin": 87,
                    "text": ".",
                    "end": 88,
                    "id": "s0-t15"
                }
            ],
            "id": "s0"
        },
        {
            "begin": 88,
            "text": " By building models of shape variation they enable search algorithms to use a pri-ori knowledge in an efficient and gainful way.",
            "end": 216,
            "tokens": [
                {
                    "begin": 89,
                    "text": "By",
                    "end": 91,
                    "id": "s1-t0"
                },
                {
                    "begin": 92,
                    "text": "building",
                    "end": 100,
                    "id": "s1-t1"
                },
                {
                    "begin": 101,
                    "text": "models",
                    "end": 107,
                    "id": "s1-t2"
                },
                {
                    "begin": 108,
                    "text": "of",
                    "end": 110,
                    "id": "s1-t3"
                },
                {
                    "begin": 111,
                    "text": "shape",
                    "end": 116,
                    "id": "s1-t4"
                },
                {
                    "begin": 117,
                    "text": "variation",
                    "end": 126,
                    "id": "s1-t5"
                },
                {
                    "begin": 127,
                    "text": "they",
                    "end": 131,
                    "id": "s1-t6"
                },
                {
                    "begin": 132,
                    "text": "enable",
                    "end": 138,
                    "id": "s1-t7"
                },
                {
                    "begin": 139,
                    "text": "search",
                    "end": 145,
                    "id": "s1-t8"
                },
                {
                    "begin": 146,
                    "text": "algorithms",
                    "end": 156,
                    "id": "s1-t9"
                },
                {
                    "begin": 157,
                    "text": "to",
                    "end": 159,
                    "id": "s1-t10"
                },
                {
                    "begin": 160,
                    "text": "use",
                    "end": 163,
                    "id": "s1-t11"
                },
                {
                    "begin": 164,
                    "text": "a",
                    "end": 165,
                    "id": "s1-t12"
                },
                {
                    "begin": 166,
                    "text": "pri-ori",
                    "end": 173,
                    "id": "s1-t13"
                },
                {
                    "begin": 174,
                    "text": "knowledge",
                    "end": 183,
                    "id": "s1-t14"
                },
                {
                    "begin": 184,
                    "text": "in",
                    "end": 186,
                    "id": "s1-t15"
                },
                {
                    "begin": 187,
                    "text": "an",
                    "end": 189,
                    "id": "s1-t16"
                },
                {
                    "begin": 190,
                    "text": "efficient",
                    "end": 199,
                    "id": "s1-t17"
                },
                {
                    "begin": 200,
                    "text": "and",
                    "end": 203,
                    "id": "s1-t18"
                },
                {
                    "begin": 204,
                    "text": "gainful",
                    "end": 211,
                    "id": "s1-t19"
                },
                {
                    "begin": 212,
                    "text": "way",
                    "end": 215,
                    "id": "s1-t20"
                },
                {
                    "begin": 215,
                    "text": ".",
                    "end": 216,
                    "id": "s1-t21"
                }
            ],
            "id": "s1"
        },
        {
            "begin": 216,
            "text": " However, due to the linearity of PCA, non-linearities like rotations or independently moving sub-parts in the data can deteriorate the resulting model considerably.",
            "end": 381,
            "tokens": [
                {
                    "begin": 217,
                    "text": "However",
                    "end": 224,
                    "id": "s2-t0"
                },
                {
                    "begin": 224,
                    "text": ",",
                    "end": 225,
                    "id": "s2-t1"
                },
                {
                    "begin": 226,
                    "text": "due",
                    "end": 229,
                    "id": "s2-t2"
                },
                {
                    "begin": 230,
                    "text": "to",
                    "end": 232,
                    "id": "s2-t3"
                },
                {
                    "begin": 233,
                    "text": "the",
                    "end": 236,
                    "id": "s2-t4"
                },
                {
                    "begin": 237,
                    "text": "linearity",
                    "end": 246,
                    "id": "s2-t5"
                },
                {
                    "begin": 247,
                    "text": "of",
                    "end": 249,
                    "id": "s2-t6"
                },
                {
                    "begin": 250,
                    "text": "PCA",
                    "end": 253,
                    "id": "s2-t7"
                },
                {
                    "begin": 253,
                    "text": ",",
                    "end": 254,
                    "id": "s2-t8"
                },
                {
                    "begin": 255,
                    "text": "non-linearities",
                    "end": 270,
                    "id": "s2-t9"
                },
                {
                    "begin": 271,
                    "text": "like",
                    "end": 275,
                    "id": "s2-t10"
                },
                {
                    "begin": 276,
                    "text": "rotations",
                    "end": 285,
                    "id": "s2-t11"
                },
                {
                    "begin": 286,
                    "text": "or",
                    "end": 288,
                    "id": "s2-t12"
                },
                {
                    "begin": 289,
                    "text": "independently",
                    "end": 302,
                    "id": "s2-t13"
                },
                {
                    "begin": 303,
                    "text": "moving",
                    "end": 309,
                    "id": "s2-t14"
                },
                {
                    "begin": 310,
                    "text": "sub-parts",
                    "end": 319,
                    "id": "s2-t15"
                },
                {
                    "begin": 320,
                    "text": "in",
                    "end": 322,
                    "id": "s2-t16"
                },
                {
                    "begin": 323,
                    "text": "the",
                    "end": 326,
                    "id": "s2-t17"
                },
                {
                    "begin": 327,
                    "text": "data",
                    "end": 331,
                    "id": "s2-t18"
                },
                {
                    "begin": 332,
                    "text": "can",
                    "end": 335,
                    "id": "s2-t19"
                },
                {
                    "begin": 336,
                    "text": "deteriorate",
                    "end": 347,
                    "id": "s2-t20"
                },
                {
                    "begin": 348,
                    "text": "the",
                    "end": 351,
                    "id": "s2-t21"
                },
                {
                    "begin": 352,
                    "text": "resulting",
                    "end": 361,
                    "id": "s2-t22"
                },
                {
                    "begin": 362,
                    "text": "model",
                    "end": 367,
                    "id": "s2-t23"
                },
                {
                    "begin": 368,
                    "text": "considerably",
                    "end": 380,
                    "id": "s2-t24"
                },
                {
                    "begin": 380,
                    "text": ".",
                    "end": 381,
                    "id": "s2-t25"
                }
            ],
            "id": "s2"
        },
        {
            "begin": 381,
            "text": " Although non-linear extensions of active shape models have been proposed and application specific solutions have been used, they still need a certain amount of user interaction during model building.",
            "end": 581,
            "tokens": [
                {
                    "begin": 382,
                    "text": "Although",
                    "end": 390,
                    "id": "s3-t0"
                },
                {
                    "begin": 391,
                    "text": "non-linear",
                    "end": 401,
                    "id": "s3-t1"
                },
                {
                    "begin": 402,
                    "text": "extensions",
                    "end": 412,
                    "id": "s3-t2"
                },
                {
                    "begin": 413,
                    "text": "of",
                    "end": 415,
                    "id": "s3-t3"
                },
                {
                    "begin": 416,
                    "text": "active",
                    "end": 422,
                    "id": "s3-t4"
                },
                {
                    "begin": 423,
                    "text": "shape",
                    "end": 428,
                    "id": "s3-t5"
                },
                {
                    "begin": 429,
                    "text": "models",
                    "end": 435,
                    "id": "s3-t6"
                },
                {
                    "begin": 436,
                    "text": "have",
                    "end": 440,
                    "id": "s3-t7"
                },
                {
                    "begin": 441,
                    "text": "been",
                    "end": 445,
                    "id": "s3-t8"
                },
                {
                    "begin": 446,
                    "text": "proposed",
                    "end": 454,
                    "id": "s3-t9"
                },
                {
                    "begin": 455,
                    "text": "and",
                    "end": 458,
                    "id": "s3-t10"
                },
                {
                    "begin": 459,
                    "text": "application",
                    "end": 470,
                    "id": "s3-t11"
                },
                {
                    "begin": 471,
                    "text": "specific",
                    "end": 479,
                    "id": "s3-t12"
                },
                {
                    "begin": 480,
                    "text": "solutions",
                    "end": 489,
                    "id": "s3-t13"
                },
                {
                    "begin": 490,
                    "text": "have",
                    "end": 494,
                    "id": "s3-t14"
                },
                {
                    "begin": 495,
                    "text": "been",
                    "end": 499,
                    "id": "s3-t15"
                },
                {
                    "begin": 500,
                    "text": "used",
                    "end": 504,
                    "id": "s3-t16"
                },
                {
                    "begin": 504,
                    "text": ",",
                    "end": 505,
                    "id": "s3-t17"
                },
                {
                    "begin": 506,
                    "text": "they",
                    "end": 510,
                    "id": "s3-t18"
                },
                {
                    "begin": 511,
                    "text": "still",
                    "end": 516,
                    "id": "s3-t19"
                },
                {
                    "begin": 517,
                    "text": "need",
                    "end": 521,
                    "id": "s3-t20"
                },
                {
                    "begin": 522,
                    "text": "a",
                    "end": 523,
                    "id": "s3-t21"
                },
                {
                    "begin": 524,
                    "text": "certain",
                    "end": 531,
                    "id": "s3-t22"
                },
                {
                    "begin": 532,
                    "text": "amount",
                    "end": 538,
                    "id": "s3-t23"
                },
                {
                    "begin": 539,
                    "text": "of",
                    "end": 541,
                    "id": "s3-t24"
                },
                {
                    "begin": 542,
                    "text": "user",
                    "end": 546,
                    "id": "s3-t25"
                },
                {
                    "begin": 547,
                    "text": "interaction",
                    "end": 558,
                    "id": "s3-t26"
                },
                {
                    "begin": 559,
                    "text": "during",
                    "end": 565,
                    "id": "s3-t27"
                },
                {
                    "begin": 566,
                    "text": "model",
                    "end": 571,
                    "id": "s3-t28"
                },
                {
                    "begin": 572,
                    "text": "building",
                    "end": 580,
                    "id": "s3-t29"
                },
                {
                    "begin": 580,
                    "text": ".",
                    "end": 581,
                    "id": "s3-t30"
                }
            ],
            "id": "s3"
        },
        {
            "begin": 581,
            "text": " In this paper the task of build-ing/choosing optimal models is tackled in a more generic information theoretic fashion.",
            "end": 701,
            "tokens": [
                {
                    "begin": 582,
                    "text": "In",
                    "end": 584,
                    "id": "s4-t0"
                },
                {
                    "begin": 585,
                    "text": "this",
                    "end": 589,
                    "id": "s4-t1"
                },
                {
                    "begin": 590,
                    "text": "paper",
                    "end": 595,
                    "id": "s4-t2"
                },
                {
                    "begin": 596,
                    "text": "the",
                    "end": 599,
                    "id": "s4-t3"
                },
                {
                    "begin": 600,
                    "text": "task",
                    "end": 604,
                    "id": "s4-t4"
                },
                {
                    "begin": 605,
                    "text": "of",
                    "end": 607,
                    "id": "s4-t5"
                },
                {
                    "begin": 608,
                    "text": "build-ing/choosing",
                    "end": 626,
                    "id": "s4-t6"
                },
                {
                    "begin": 627,
                    "text": "optimal",
                    "end": 634,
                    "id": "s4-t7"
                },
                {
                    "begin": 635,
                    "text": "models",
                    "end": 641,
                    "id": "s4-t8"
                },
                {
                    "begin": 642,
                    "text": "is",
                    "end": 644,
                    "id": "s4-t9"
                },
                {
                    "begin": 645,
                    "text": "tackled",
                    "end": 652,
                    "id": "s4-t10"
                },
                {
                    "begin": 653,
                    "text": "in",
                    "end": 655,
                    "id": "s4-t11"
                },
                {
                    "begin": 656,
                    "text": "a",
                    "end": 657,
                    "id": "s4-t12"
                },
                {
                    "begin": 658,
                    "text": "more",
                    "end": 662,
                    "id": "s4-t13"
                },
                {
                    "begin": 663,
                    "text": "generic",
                    "end": 670,
                    "id": "s4-t14"
                },
                {
                    "begin": 671,
                    "text": "information",
                    "end": 682,
                    "id": "s4-t15"
                },
                {
                    "begin": 683,
                    "text": "theoretic",
                    "end": 692,
                    "id": "s4-t16"
                },
                {
                    "begin": 693,
                    "text": "fashion",
                    "end": 700,
                    "id": "s4-t17"
                },
                {
                    "begin": 700,
                    "text": ".",
                    "end": 701,
                    "id": "s4-t18"
                }
            ],
            "id": "s4"
        },
        {
            "begin": 701,
            "text": " In particular, we propose an algorithm based on the minimum description length principle to find an optimal subdivision of the data into sub-parts, each adequate for linear modeling.",
            "end": 884,
            "tokens": [
                {
                    "begin": 702,
                    "text": "In",
                    "end": 704,
                    "id": "s5-t0"
                },
                {
                    "begin": 705,
                    "text": "particular",
                    "end": 715,
                    "id": "s5-t1"
                },
                {
                    "begin": 715,
                    "text": ",",
                    "end": 716,
                    "id": "s5-t2"
                },
                {
                    "begin": 717,
                    "text": "we",
                    "end": 719,
                    "id": "s5-t3"
                },
                {
                    "begin": 720,
                    "text": "propose",
                    "end": 727,
                    "id": "s5-t4"
                },
                {
                    "begin": 728,
                    "text": "an",
                    "end": 730,
                    "id": "s5-t5"
                },
                {
                    "begin": 731,
                    "text": "algorithm",
                    "end": 740,
                    "id": "s5-t6"
                },
                {
                    "begin": 741,
                    "text": "based",
                    "end": 746,
                    "id": "s5-t7"
                },
                {
                    "begin": 747,
                    "text": "on",
                    "end": 749,
                    "id": "s5-t8"
                },
                {
                    "begin": 750,
                    "text": "the",
                    "end": 753,
                    "id": "s5-t9"
                },
                {
                    "begin": 754,
                    "text": "minimum",
                    "end": 761,
                    "id": "s5-t10"
                },
                {
                    "begin": 762,
                    "text": "description",
                    "end": 773,
                    "id": "s5-t11"
                },
                {
                    "begin": 774,
                    "text": "length",
                    "end": 780,
                    "id": "s5-t12"
                },
                {
                    "begin": 781,
                    "text": "principle",
                    "end": 790,
                    "id": "s5-t13"
                },
                {
                    "begin": 791,
                    "text": "to",
                    "end": 793,
                    "id": "s5-t14"
                },
                {
                    "begin": 794,
                    "text": "find",
                    "end": 798,
                    "id": "s5-t15"
                },
                {
                    "begin": 799,
                    "text": "an",
                    "end": 801,
                    "id": "s5-t16"
                },
                {
                    "begin": 802,
                    "text": "optimal",
                    "end": 809,
                    "id": "s5-t17"
                },
                {
                    "begin": 810,
                    "text": "subdivision",
                    "end": 821,
                    "id": "s5-t18"
                },
                {
                    "begin": 822,
                    "text": "of",
                    "end": 824,
                    "id": "s5-t19"
                },
                {
                    "begin": 825,
                    "text": "the",
                    "end": 828,
                    "id": "s5-t20"
                },
                {
                    "begin": 829,
                    "text": "data",
                    "end": 833,
                    "id": "s5-t21"
                },
                {
                    "begin": 834,
                    "text": "into",
                    "end": 838,
                    "id": "s5-t22"
                },
                {
                    "begin": 839,
                    "text": "sub-parts",
                    "end": 848,
                    "id": "s5-t23"
                },
                {
                    "begin": 848,
                    "text": ",",
                    "end": 849,
                    "id": "s5-t24"
                },
                {
                    "begin": 850,
                    "text": "each",
                    "end": 854,
                    "id": "s5-t25"
                },
                {
                    "begin": 855,
                    "text": "adequate",
                    "end": 863,
                    "id": "s5-t26"
                },
                {
                    "begin": 864,
                    "text": "for",
                    "end": 867,
                    "id": "s5-t27"
                },
                {
                    "begin": 868,
                    "text": "linear",
                    "end": 874,
                    "id": "s5-t28"
                },
                {
                    "begin": 875,
                    "text": "modeling",
                    "end": 883,
                    "id": "s5-t29"
                },
                {
                    "begin": 883,
                    "text": ".",
                    "end": 884,
                    "id": "s5-t30"
                }
            ],
            "id": "s5"
        },
        {
            "begin": 884,
            "text": " This results in an overall more compact model configuration.",
            "end": 945,
            "tokens": [
                {
                    "begin": 885,
                    "text": "This",
                    "end": 889,
                    "id": "s6-t0"
                },
                {
                    "begin": 890,
                    "text": "results",
                    "end": 897,
                    "id": "s6-t1"
                },
                {
                    "begin": 898,
                    "text": "in",
                    "end": 900,
                    "id": "s6-t2"
                },
                {
                    "begin": 901,
                    "text": "an",
                    "end": 903,
                    "id": "s6-t3"
                },
                {
                    "begin": 904,
                    "text": "overall",
                    "end": 911,
                    "id": "s6-t4"
                },
                {
                    "begin": 912,
                    "text": "more",
                    "end": 916,
                    "id": "s6-t5"
                },
                {
                    "begin": 917,
                    "text": "compact",
                    "end": 924,
                    "id": "s6-t6"
                },
                {
                    "begin": 925,
                    "text": "model",
                    "end": 930,
                    "id": "s6-t7"
                },
                {
                    "begin": 931,
                    "text": "configuration",
                    "end": 944,
                    "id": "s6-t8"
                },
                {
                    "begin": 944,
                    "text": ".",
                    "end": 945,
                    "id": "s6-t9"
                }
            ],
            "id": "s6"
        },
        {
            "begin": 945,
            "text": " Which in turn leads to a better model in terms of modes of variations.",
            "end": 1016,
            "tokens": [
                {
                    "begin": 946,
                    "text": "Which",
                    "end": 951,
                    "id": "s7-t0"
                },
                {
                    "begin": 952,
                    "text": "in",
                    "end": 954,
                    "id": "s7-t1"
                },
                {
                    "begin": 955,
                    "text": "turn",
                    "end": 959,
                    "id": "s7-t2"
                },
                {
                    "begin": 960,
                    "text": "leads",
                    "end": 965,
                    "id": "s7-t3"
                },
                {
                    "begin": 966,
                    "text": "to",
                    "end": 968,
                    "id": "s7-t4"
                },
                {
                    "begin": 969,
                    "text": "a",
                    "end": 970,
                    "id": "s7-t5"
                },
                {
                    "begin": 971,
                    "text": "better",
                    "end": 977,
                    "id": "s7-t6"
                },
                {
                    "begin": 978,
                    "text": "model",
                    "end": 983,
                    "id": "s7-t7"
                },
                {
                    "begin": 984,
                    "text": "in",
                    "end": 986,
                    "id": "s7-t8"
                },
                {
                    "begin": 987,
                    "text": "terms",
                    "end": 992,
                    "id": "s7-t9"
                },
                {
                    "begin": 993,
                    "text": "of",
                    "end": 995,
                    "id": "s7-t10"
                },
                {
                    "begin": 996,
                    "text": "modes",
                    "end": 1001,
                    "id": "s7-t11"
                },
                {
                    "begin": 1002,
                    "text": "of",
                    "end": 1004,
                    "id": "s7-t12"
                },
                {
                    "begin": 1005,
                    "text": "variations",
                    "end": 1015,
                    "id": "s7-t13"
                },
                {
                    "begin": 1015,
                    "text": ".",
                    "end": 1016,
                    "id": "s7-t14"
                }
            ],
            "id": "s7"
        },
        {
            "begin": 1016,
            "text": " The proposed method is evaluated on synthetic data, medical images and hand contours.",
            "end": 1102,
            "tokens": [
                {
                    "begin": 1017,
                    "text": "The",
                    "end": 1020,
                    "id": "s8-t0"
                },
                {
                    "begin": 1021,
                    "text": "proposed",
                    "end": 1029,
                    "id": "s8-t1"
                },
                {
                    "begin": 1030,
                    "text": "method",
                    "end": 1036,
                    "id": "s8-t2"
                },
                {
                    "begin": 1037,
                    "text": "is",
                    "end": 1039,
                    "id": "s8-t3"
                },
                {
                    "begin": 1040,
                    "text": "evaluated",
                    "end": 1049,
                    "id": "s8-t4"
                },
                {
                    "begin": 1050,
                    "text": "on",
                    "end": 1052,
                    "id": "s8-t5"
                },
                {
                    "begin": 1053,
                    "text": "synthetic",
                    "end": 1062,
                    "id": "s8-t6"
                },
                {
                    "begin": 1063,
                    "text": "data",
                    "end": 1067,
                    "id": "s8-t7"
                },
                {
                    "begin": 1067,
                    "text": ",",
                    "end": 1068,
                    "id": "s8-t8"
                },
                {
                    "begin": 1069,
                    "text": "medical",
                    "end": 1076,
                    "id": "s8-t9"
                },
                {
                    "begin": 1077,
                    "text": "images",
                    "end": 1083,
                    "id": "s8-t10"
                },
                {
                    "begin": 1084,
                    "text": "and",
                    "end": 1087,
                    "id": "s8-t11"
                },
                {
                    "begin": 1088,
                    "text": "hand",
                    "end": 1092,
                    "id": "s8-t12"
                },
                {
                    "begin": 1093,
                    "text": "contours",
                    "end": 1101,
                    "id": "s8-t13"
                },
                {
                    "begin": 1101,
                    "text": ".",
                    "end": 1102,
                    "id": "s8-t14"
                }
            ],
            "id": "s8"
        }
    ],
    "text": "Active shape models are a powerful and widely used tool to interpret complex image data. By building models of shape variation they enable search algorithms to use a pri-ori knowledge in an efficient and gainful way. However, due to the linearity of PCA, non-linearities like rotations or independently moving sub-parts in the data can deteriorate the resulting model considerably. Although non-linear extensions of active shape models have been proposed and application specific solutions have been used, they still need a certain amount of user interaction during model building. In this paper the task of build-ing/choosing optimal models is tackled in a more generic information theoretic fashion. In particular, we propose an algorithm based on the minimum description length principle to find an optimal subdivision of the data into sub-parts, each adequate for linear modeling. This results in an overall more compact model configuration. Which in turn leads to a better model in terms of modes of variations. The proposed method is evaluated on synthetic data, medical images and hand contours.",
    "id": "42989d2a-9f33-44ca-b020-3466b8082967"
}