{
    "mentions": [
        {
            "begin": 36,
            "id": "m0",
            "end": 58,
            "type": "Method",
            "text": "labeled directed graph"
        },
        {
            "begin": 89,
            "id": "m1",
            "end": 110,
            "type": "OtherScientificTerm",
            "text": "linguistic structures"
        },
        {
            "begin": 131,
            "id": "m2",
            "end": 135,
            "type": "Generic",
            "text": "this"
        },
        {
            "begin": 155,
            "id": "m3",
            "end": 164,
            "type": "Task",
            "text": "NLP tasks"
        },
        {
            "begin": 168,
            "id": "m4",
            "end": 189,
            "type": "Task",
            "text": "graph transformations"
        },
        {
            "begin": 212,
            "id": "m5",
            "end": 218,
            "type": "Method",
            "text": "method"
        },
        {
            "begin": 237,
            "id": "m6",
            "end": 252,
            "type": "Generic",
            "text": "transformations"
        },
        {
            "begin": 261,
            "id": "m7",
            "end": 277,
            "type": "Material",
            "text": "annotated corpus"
        },
        {
            "begin": 312,
            "id": "m8",
            "end": 324,
            "type": "Generic",
            "text": "applications"
        },
        {
            "begin": 332,
            "id": "m9",
            "end": 338,
            "type": "Generic",
            "text": "method"
        },
        {
            "begin": 340,
            "id": "m10",
            "end": 379,
            "type": "Task",
            "text": "identification of non-local depenencies"
        },
        {
            "begin": 390,
            "id": "m11",
            "end": 408,
            "type": "Material",
            "text": "Penn Treebank data"
        },
        {
            "begin": 417,
            "id": "m12",
            "end": 439,
            "type": "Task",
            "text": "semantic role labeling"
        },
        {
            "begin": 450,
            "id": "m13",
            "end": 471,
            "type": "Material",
            "text": "Proposition Bank data"
        }
    ],
    "relations": [
        {
            "args": [
                "m0",
                "m1"
            ],
            "type": "USED-FOR",
            "id": "r0"
        },
        {
            "args": [
                "m0",
                "m3"
            ],
            "type": "USED-FOR",
            "id": "r1"
        },
        {
            "args": [
                "m2",
                "m3"
            ],
            "type": "USED-FOR",
            "id": "r2"
        },
        {
            "args": [
                "m5",
                "m6"
            ],
            "type": "USED-FOR",
            "id": "r3"
        },
        {
            "args": [
                "m7",
                "m5"
            ],
            "type": "USED-FOR",
            "id": "r4"
        },
        {
            "args": [
                "m9",
                "m8"
            ],
            "type": "USED-FOR",
            "id": "r5"
        },
        {
            "args": [
                "m10",
                "m8"
            ],
            "type": "HYPONYM-OF",
            "id": "r6"
        },
        {
            "args": [
                "m11",
                "m10"
            ],
            "type": "USED-FOR",
            "id": "r7"
        },
        {
            "args": [
                "m12",
                "m8"
            ],
            "type": "HYPONYM-OF",
            "id": "r8"
        },
        {
            "args": [
                "m13",
                "m12"
            ],
            "type": "USED-FOR",
            "id": "r9"
        }
    ],
    "sentences": [
        {
            "begin": 0,
            "text": "We argue in favor of the the use of labeled directed graph to represent various types of linguistic structures, and illustrate how this allows one to view NLP tasks as graph transformations.",
            "end": 190,
            "tokens": [
                {
                    "begin": 0,
                    "text": "We",
                    "end": 2,
                    "id": "s0-t0"
                },
                {
                    "begin": 3,
                    "text": "argue",
                    "end": 8,
                    "id": "s0-t1"
                },
                {
                    "begin": 9,
                    "text": "in",
                    "end": 11,
                    "id": "s0-t2"
                },
                {
                    "begin": 12,
                    "text": "favor",
                    "end": 17,
                    "id": "s0-t3"
                },
                {
                    "begin": 18,
                    "text": "of",
                    "end": 20,
                    "id": "s0-t4"
                },
                {
                    "begin": 21,
                    "text": "the",
                    "end": 24,
                    "id": "s0-t5"
                },
                {
                    "begin": 25,
                    "text": "the",
                    "end": 28,
                    "id": "s0-t6"
                },
                {
                    "begin": 29,
                    "text": "use",
                    "end": 32,
                    "id": "s0-t7"
                },
                {
                    "begin": 33,
                    "text": "of",
                    "end": 35,
                    "id": "s0-t8"
                },
                {
                    "begin": 36,
                    "text": "labeled",
                    "end": 43,
                    "id": "s0-t9"
                },
                {
                    "begin": 44,
                    "text": "directed",
                    "end": 52,
                    "id": "s0-t10"
                },
                {
                    "begin": 53,
                    "text": "graph",
                    "end": 58,
                    "id": "s0-t11"
                },
                {
                    "begin": 59,
                    "text": "to",
                    "end": 61,
                    "id": "s0-t12"
                },
                {
                    "begin": 62,
                    "text": "represent",
                    "end": 71,
                    "id": "s0-t13"
                },
                {
                    "begin": 72,
                    "text": "various",
                    "end": 79,
                    "id": "s0-t14"
                },
                {
                    "begin": 80,
                    "text": "types",
                    "end": 85,
                    "id": "s0-t15"
                },
                {
                    "begin": 86,
                    "text": "of",
                    "end": 88,
                    "id": "s0-t16"
                },
                {
                    "begin": 89,
                    "text": "linguistic",
                    "end": 99,
                    "id": "s0-t17"
                },
                {
                    "begin": 100,
                    "text": "structures",
                    "end": 110,
                    "id": "s0-t18"
                },
                {
                    "begin": 110,
                    "text": ",",
                    "end": 111,
                    "id": "s0-t19"
                },
                {
                    "begin": 112,
                    "text": "and",
                    "end": 115,
                    "id": "s0-t20"
                },
                {
                    "begin": 116,
                    "text": "illustrate",
                    "end": 126,
                    "id": "s0-t21"
                },
                {
                    "begin": 127,
                    "text": "how",
                    "end": 130,
                    "id": "s0-t22"
                },
                {
                    "begin": 131,
                    "text": "this",
                    "end": 135,
                    "id": "s0-t23"
                },
                {
                    "begin": 136,
                    "text": "allows",
                    "end": 142,
                    "id": "s0-t24"
                },
                {
                    "begin": 143,
                    "text": "one",
                    "end": 146,
                    "id": "s0-t25"
                },
                {
                    "begin": 147,
                    "text": "to",
                    "end": 149,
                    "id": "s0-t26"
                },
                {
                    "begin": 150,
                    "text": "view",
                    "end": 154,
                    "id": "s0-t27"
                },
                {
                    "begin": 155,
                    "text": "NLP",
                    "end": 158,
                    "id": "s0-t28"
                },
                {
                    "begin": 159,
                    "text": "tasks",
                    "end": 164,
                    "id": "s0-t29"
                },
                {
                    "begin": 165,
                    "text": "as",
                    "end": 167,
                    "id": "s0-t30"
                },
                {
                    "begin": 168,
                    "text": "graph",
                    "end": 173,
                    "id": "s0-t31"
                },
                {
                    "begin": 174,
                    "text": "transformations",
                    "end": 189,
                    "id": "s0-t32"
                },
                {
                    "begin": 189,
                    "text": ".",
                    "end": 190,
                    "id": "s0-t33"
                }
            ],
            "id": "s0"
        },
        {
            "begin": 190,
            "text": " We present a general method for learning such transformations from an annotated corpus and describe experiments with two applications of the method: identification of non-local depenencies-LRB-using Penn Treebank data-RRB-and semantic role labeling-LRB-using Proposition Bank data-RRB-.",
            "end": 477,
            "tokens": [
                {
                    "begin": 191,
                    "text": "We",
                    "end": 193,
                    "id": "s1-t0"
                },
                {
                    "begin": 194,
                    "text": "present",
                    "end": 201,
                    "id": "s1-t1"
                },
                {
                    "begin": 202,
                    "text": "a",
                    "end": 203,
                    "id": "s1-t2"
                },
                {
                    "begin": 204,
                    "text": "general",
                    "end": 211,
                    "id": "s1-t3"
                },
                {
                    "begin": 212,
                    "text": "method",
                    "end": 218,
                    "id": "s1-t4"
                },
                {
                    "begin": 219,
                    "text": "for",
                    "end": 222,
                    "id": "s1-t5"
                },
                {
                    "begin": 223,
                    "text": "learning",
                    "end": 231,
                    "id": "s1-t6"
                },
                {
                    "begin": 232,
                    "text": "such",
                    "end": 236,
                    "id": "s1-t7"
                },
                {
                    "begin": 237,
                    "text": "transformations",
                    "end": 252,
                    "id": "s1-t8"
                },
                {
                    "begin": 253,
                    "text": "from",
                    "end": 257,
                    "id": "s1-t9"
                },
                {
                    "begin": 258,
                    "text": "an",
                    "end": 260,
                    "id": "s1-t10"
                },
                {
                    "begin": 261,
                    "text": "annotated",
                    "end": 270,
                    "id": "s1-t11"
                },
                {
                    "begin": 271,
                    "text": "corpus",
                    "end": 277,
                    "id": "s1-t12"
                },
                {
                    "begin": 278,
                    "text": "and",
                    "end": 281,
                    "id": "s1-t13"
                },
                {
                    "begin": 282,
                    "text": "describe",
                    "end": 290,
                    "id": "s1-t14"
                },
                {
                    "begin": 291,
                    "text": "experiments",
                    "end": 302,
                    "id": "s1-t15"
                },
                {
                    "begin": 303,
                    "text": "with",
                    "end": 307,
                    "id": "s1-t16"
                },
                {
                    "begin": 308,
                    "text": "two",
                    "end": 311,
                    "id": "s1-t17"
                },
                {
                    "begin": 312,
                    "text": "applications",
                    "end": 324,
                    "id": "s1-t18"
                },
                {
                    "begin": 325,
                    "text": "of",
                    "end": 327,
                    "id": "s1-t19"
                },
                {
                    "begin": 328,
                    "text": "the",
                    "end": 331,
                    "id": "s1-t20"
                },
                {
                    "begin": 332,
                    "text": "method",
                    "end": 338,
                    "id": "s1-t21"
                },
                {
                    "begin": 338,
                    "text": ":",
                    "end": 339,
                    "id": "s1-t22"
                },
                {
                    "begin": 340,
                    "text": "identification",
                    "end": 354,
                    "id": "s1-t23"
                },
                {
                    "begin": 355,
                    "text": "of",
                    "end": 357,
                    "id": "s1-t24"
                },
                {
                    "begin": 358,
                    "text": "non-local",
                    "end": 367,
                    "id": "s1-t25"
                },
                {
                    "begin": 368,
                    "text": "depenencies",
                    "end": 379,
                    "id": "s1-t26"
                },
                {
                    "begin": 379,
                    "text": "-LRB-",
                    "end": 384,
                    "id": "s1-t27"
                },
                {
                    "begin": 384,
                    "text": "using",
                    "end": 389,
                    "id": "s1-t28"
                },
                {
                    "begin": 390,
                    "text": "Penn",
                    "end": 394,
                    "id": "s1-t29"
                },
                {
                    "begin": 395,
                    "text": "Treebank",
                    "end": 403,
                    "id": "s1-t30"
                },
                {
                    "begin": 404,
                    "text": "data",
                    "end": 408,
                    "id": "s1-t31"
                },
                {
                    "begin": 408,
                    "text": "-RRB-",
                    "end": 413,
                    "id": "s1-t32"
                },
                {
                    "begin": 413,
                    "text": "and",
                    "end": 416,
                    "id": "s1-t33"
                },
                {
                    "begin": 417,
                    "text": "semantic",
                    "end": 425,
                    "id": "s1-t34"
                },
                {
                    "begin": 426,
                    "text": "role",
                    "end": 430,
                    "id": "s1-t35"
                },
                {
                    "begin": 431,
                    "text": "labeling",
                    "end": 439,
                    "id": "s1-t36"
                },
                {
                    "begin": 439,
                    "text": "-LRB-",
                    "end": 444,
                    "id": "s1-t37"
                },
                {
                    "begin": 444,
                    "text": "using",
                    "end": 449,
                    "id": "s1-t38"
                },
                {
                    "begin": 450,
                    "text": "Proposition",
                    "end": 461,
                    "id": "s1-t39"
                },
                {
                    "begin": 462,
                    "text": "Bank",
                    "end": 466,
                    "id": "s1-t40"
                },
                {
                    "begin": 467,
                    "text": "data",
                    "end": 471,
                    "id": "s1-t41"
                },
                {
                    "begin": 471,
                    "text": "-RRB-",
                    "end": 476,
                    "id": "s1-t42"
                },
                {
                    "begin": 476,
                    "text": ".",
                    "end": 477,
                    "id": "s1-t43"
                }
            ],
            "id": "s1"
        }
    ],
    "text": "We argue in favor of the the use of labeled directed graph to represent various types of linguistic structures, and illustrate how this allows one to view NLP tasks as graph transformations. We present a general method for learning such transformations from an annotated corpus and describe experiments with two applications of the method: identification of non-local depenencies-LRB-using Penn Treebank data-RRB-and semantic role labeling-LRB-using Proposition Bank data-RRB-.",
    "id": "188605f6-5e70-4008-8790-8b195f1f992a"
}