{
    "mentions": [
        {
            "begin": 50,
            "id": "m0",
            "end": 62,
            "type": "Task",
            "text": "illumination"
        },
        {
            "begin": 67,
            "id": "m1",
            "end": 82,
            "type": "Task",
            "text": "pose invariance"
        },
        {
            "begin": 127,
            "id": "m2",
            "end": 143,
            "type": "Task",
            "text": "face recognition"
        },
        {
            "begin": 232,
            "id": "m3",
            "end": 247,
            "type": "Material",
            "text": "video sequences"
        },
        {
            "begin": 334,
            "id": "m4",
            "end": 342,
            "type": "OtherScientificTerm",
            "text": "lighting"
        },
        {
            "begin": 344,
            "id": "m5",
            "end": 348,
            "type": "OtherScientificTerm",
            "text": "pose"
        },
        {
            "begin": 353,
            "id": "m6",
            "end": 372,
            "type": "OtherScientificTerm",
            "text": "user motion pattern"
        },
        {
            "begin": 401,
            "id": "m7",
            "end": 412,
            "type": "Material",
            "text": "face images"
        },
        {
            "begin": 424,
            "id": "m8",
            "end": 434,
            "type": "Metric",
            "text": "resolution"
        },
        {
            "begin": 508,
            "id": "m9",
            "end": 525,
            "type": "Method",
            "text": "photometric model"
        },
        {
            "begin": 529,
            "id": "m10",
            "end": 544,
            "type": "Task",
            "text": "image formation"
        },
        {
            "begin": 568,
            "id": "m11",
            "end": 585,
            "type": "Method",
            "text": "statistical model"
        },
        {
            "begin": 589,
            "id": "m12",
            "end": 622,
            "type": "Task",
            "text": "generic face appearance variation"
        },
        {
            "begin": 673,
            "id": "m13",
            "end": 701,
            "type": "OtherScientificTerm",
            "text": "extreme illumination changes"
        },
        {
            "begin": 725,
            "id": "m14",
            "end": 735,
            "type": "OtherScientificTerm",
            "text": "smoothness"
        },
        {
            "begin": 739,
            "id": "m15",
            "end": 787,
            "type": "OtherScientificTerm",
            "text": "geodesically local appearance manifold structure"
        },
        {
            "begin": 794,
            "id": "m16",
            "end": 825,
            "type": "Method",
            "text": "robust same-identity likelihood"
        },
        {
            "begin": 851,
            "id": "m17",
            "end": 868,
            "type": "OtherScientificTerm",
            "text": "unseen head poses"
        },
        {
            "begin": 911,
            "id": "m18",
            "end": 954,
            "type": "Method",
            "text": "video sequence'' reillumination'' algorithm"
        },
        {
            "begin": 966,
            "id": "m19",
            "end": 976,
            "type": "Metric",
            "text": "robustness"
        },
        {
            "begin": 980,
            "id": "m20",
            "end": 1000,
            "type": "OtherScientificTerm",
            "text": "face motion patterns"
        },
        {
            "begin": 1004,
            "id": "m21",
            "end": 1009,
            "type": "Material",
            "text": "video"
        },
        {
            "begin": 1025,
            "id": "m22",
            "end": 1059,
            "type": "Method",
            "text": "fully automatic recognition system"
        },
        {
            "begin": 1082,
            "id": "m23",
            "end": 1088,
            "type": "Generic",
            "text": "method"
        },
        {
            "begin": 1150,
            "id": "m24",
            "end": 1165,
            "type": "Material",
            "text": "video sequences"
        },
        {
            "begin": 1179,
            "id": "m25",
            "end": 1191,
            "type": "OtherScientificTerm",
            "text": "illumination"
        },
        {
            "begin": 1193,
            "id": "m26",
            "end": 1197,
            "type": "OtherScientificTerm",
            "text": "pose"
        },
        {
            "begin": 1202,
            "id": "m27",
            "end": 1223,
            "type": "OtherScientificTerm",
            "text": "head motion variation"
        },
        {
            "begin": 1245,
            "id": "m28",
            "end": 1253,
            "type": "Generic",
            "text": "data set"
        },
        {
            "begin": 1258,
            "id": "m29",
            "end": 1264,
            "type": "Generic",
            "text": "system"
        },
        {
            "begin": 1308,
            "id": "m30",
            "end": 1324,
            "type": "Metric",
            "text": "recognition rate"
        },
        {
            "begin": 1353,
            "id": "m31",
            "end": 1362,
            "type": "Material",
            "text": "databases"
        },
        {
            "begin": 1415,
            "id": "m32",
            "end": 1434,
            "type": "Method",
            "text": "commercial software"
        },
        {
            "begin": 1439,
            "id": "m33",
            "end": 1446,
            "type": "Generic",
            "text": "methods"
        }
    ],
    "relations": [
        {
            "args": [
                "m0",
                "m1"
            ],
            "type": "CONJUNCTION",
            "id": "r0"
        },
        {
            "args": [
                "m0",
                "m2"
            ],
            "type": "PART-OF",
            "id": "r1"
        },
        {
            "args": [
                "m1",
                "m2"
            ],
            "type": "PART-OF",
            "id": "r2"
        },
        {
            "args": [
                "m4",
                "m5"
            ],
            "type": "CONJUNCTION",
            "id": "r3"
        },
        {
            "args": [
                "m5",
                "m6"
            ],
            "type": "CONJUNCTION",
            "id": "r4"
        },
        {
            "args": [
                "m8",
                "m7"
            ],
            "type": "FEATURE-OF",
            "id": "r5"
        },
        {
            "args": [
                "m9",
                "m10"
            ],
            "type": "USED-FOR",
            "id": "r6"
        },
        {
            "args": [
                "m9",
                "m11"
            ],
            "type": "CONJUNCTION",
            "id": "r7"
        },
        {
            "args": [
                "m11",
                "m12"
            ],
            "type": "USED-FOR",
            "id": "r8"
        },
        {
            "args": [
                "m11",
                "m13"
            ],
            "type": "USED-FOR",
            "id": "r9"
        },
        {
            "args": [
                "m14",
                "m15"
            ],
            "type": "FEATURE-OF",
            "id": "r10"
        },
        {
            "args": [
                "m15",
                "m16"
            ],
            "type": "CONJUNCTION",
            "id": "r11"
        },
        {
            "args": [
                "m19",
                "m18"
            ],
            "type": "EVALUATE-FOR",
            "id": "r12"
        },
        {
            "args": [
                "m20",
                "m19"
            ],
            "type": "FEATURE-OF",
            "id": "r13"
        },
        {
            "args": [
                "m20",
                "m21"
            ],
            "type": "PART-OF",
            "id": "r14"
        },
        {
            "args": [
                "m23",
                "m22"
            ],
            "type": "USED-FOR",
            "id": "r15"
        },
        {
            "args": [
                "m24",
                "m22"
            ],
            "type": "EVALUATE-FOR",
            "id": "r16"
        },
        {
            "args": [
                "m25",
                "m24"
            ],
            "type": "FEATURE-OF",
            "id": "r17"
        },
        {
            "args": [
                "m25",
                "m26"
            ],
            "type": "CONJUNCTION",
            "id": "r18"
        },
        {
            "args": [
                "m26",
                "m24"
            ],
            "type": "FEATURE-OF",
            "id": "r19"
        },
        {
            "args": [
                "m26",
                "m27"
            ],
            "type": "CONJUNCTION",
            "id": "r20"
        },
        {
            "args": [
                "m27",
                "m24"
            ],
            "type": "FEATURE-OF",
            "id": "r21"
        },
        {
            "args": [
                "m28",
                "m29"
            ],
            "type": "EVALUATE-FOR",
            "id": "r22"
        },
        {
            "args": [
                "m29",
                "m32"
            ],
            "type": "COMPARE",
            "id": "r23"
        },
        {
            "args": [
                "m29",
                "m33"
            ],
            "type": "COMPARE",
            "id": "r24"
        },
        {
            "args": [
                "m30",
                "m29"
            ],
            "type": "EVALUATE-FOR",
            "id": "r25"
        },
        {
            "args": [
                "m32",
                "m33"
            ],
            "type": "CONJUNCTION",
            "id": "r26"
        }
    ],
    "sentences": [
        {
            "begin": 0,
            "text": "In spite of over two decades of intense research, illumination and pose invariance remain prohibitively challenging aspects of face recognition for most practical applications.",
            "end": 176,
            "tokens": [
                {
                    "begin": 0,
                    "text": "In",
                    "end": 2,
                    "id": "s0-t0"
                },
                {
                    "begin": 3,
                    "text": "spite",
                    "end": 8,
                    "id": "s0-t1"
                },
                {
                    "begin": 9,
                    "text": "of",
                    "end": 11,
                    "id": "s0-t2"
                },
                {
                    "begin": 12,
                    "text": "over",
                    "end": 16,
                    "id": "s0-t3"
                },
                {
                    "begin": 17,
                    "text": "two",
                    "end": 20,
                    "id": "s0-t4"
                },
                {
                    "begin": 21,
                    "text": "decades",
                    "end": 28,
                    "id": "s0-t5"
                },
                {
                    "begin": 29,
                    "text": "of",
                    "end": 31,
                    "id": "s0-t6"
                },
                {
                    "begin": 32,
                    "text": "intense",
                    "end": 39,
                    "id": "s0-t7"
                },
                {
                    "begin": 40,
                    "text": "research",
                    "end": 48,
                    "id": "s0-t8"
                },
                {
                    "begin": 48,
                    "text": ",",
                    "end": 49,
                    "id": "s0-t9"
                },
                {
                    "begin": 50,
                    "text": "illumination",
                    "end": 62,
                    "id": "s0-t10"
                },
                {
                    "begin": 63,
                    "text": "and",
                    "end": 66,
                    "id": "s0-t11"
                },
                {
                    "begin": 67,
                    "text": "pose",
                    "end": 71,
                    "id": "s0-t12"
                },
                {
                    "begin": 72,
                    "text": "invariance",
                    "end": 82,
                    "id": "s0-t13"
                },
                {
                    "begin": 83,
                    "text": "remain",
                    "end": 89,
                    "id": "s0-t14"
                },
                {
                    "begin": 90,
                    "text": "prohibitively",
                    "end": 103,
                    "id": "s0-t15"
                },
                {
                    "begin": 104,
                    "text": "challenging",
                    "end": 115,
                    "id": "s0-t16"
                },
                {
                    "begin": 116,
                    "text": "aspects",
                    "end": 123,
                    "id": "s0-t17"
                },
                {
                    "begin": 124,
                    "text": "of",
                    "end": 126,
                    "id": "s0-t18"
                },
                {
                    "begin": 127,
                    "text": "face",
                    "end": 131,
                    "id": "s0-t19"
                },
                {
                    "begin": 132,
                    "text": "recognition",
                    "end": 143,
                    "id": "s0-t20"
                },
                {
                    "begin": 144,
                    "text": "for",
                    "end": 147,
                    "id": "s0-t21"
                },
                {
                    "begin": 148,
                    "text": "most",
                    "end": 152,
                    "id": "s0-t22"
                },
                {
                    "begin": 153,
                    "text": "practical",
                    "end": 162,
                    "id": "s0-t23"
                },
                {
                    "begin": 163,
                    "text": "applications",
                    "end": 175,
                    "id": "s0-t24"
                },
                {
                    "begin": 175,
                    "text": ".",
                    "end": 176,
                    "id": "s0-t25"
                }
            ],
            "id": "s0"
        },
        {
            "begin": 176,
            "text": " The objective of this work is to recognize faces using video sequences both for training and recognition input, in a realistic, unconstrained setup in which lighting, pose and user motion pattern have a wide variability and face images are of low resolution.",
            "end": 435,
            "tokens": [
                {
                    "begin": 177,
                    "text": "The",
                    "end": 180,
                    "id": "s1-t0"
                },
                {
                    "begin": 181,
                    "text": "objective",
                    "end": 190,
                    "id": "s1-t1"
                },
                {
                    "begin": 191,
                    "text": "of",
                    "end": 193,
                    "id": "s1-t2"
                },
                {
                    "begin": 194,
                    "text": "this",
                    "end": 198,
                    "id": "s1-t3"
                },
                {
                    "begin": 199,
                    "text": "work",
                    "end": 203,
                    "id": "s1-t4"
                },
                {
                    "begin": 204,
                    "text": "is",
                    "end": 206,
                    "id": "s1-t5"
                },
                {
                    "begin": 207,
                    "text": "to",
                    "end": 209,
                    "id": "s1-t6"
                },
                {
                    "begin": 210,
                    "text": "recognize",
                    "end": 219,
                    "id": "s1-t7"
                },
                {
                    "begin": 220,
                    "text": "faces",
                    "end": 225,
                    "id": "s1-t8"
                },
                {
                    "begin": 226,
                    "text": "using",
                    "end": 231,
                    "id": "s1-t9"
                },
                {
                    "begin": 232,
                    "text": "video",
                    "end": 237,
                    "id": "s1-t10"
                },
                {
                    "begin": 238,
                    "text": "sequences",
                    "end": 247,
                    "id": "s1-t11"
                },
                {
                    "begin": 248,
                    "text": "both",
                    "end": 252,
                    "id": "s1-t12"
                },
                {
                    "begin": 253,
                    "text": "for",
                    "end": 256,
                    "id": "s1-t13"
                },
                {
                    "begin": 257,
                    "text": "training",
                    "end": 265,
                    "id": "s1-t14"
                },
                {
                    "begin": 266,
                    "text": "and",
                    "end": 269,
                    "id": "s1-t15"
                },
                {
                    "begin": 270,
                    "text": "recognition",
                    "end": 281,
                    "id": "s1-t16"
                },
                {
                    "begin": 282,
                    "text": "input",
                    "end": 287,
                    "id": "s1-t17"
                },
                {
                    "begin": 287,
                    "text": ",",
                    "end": 288,
                    "id": "s1-t18"
                },
                {
                    "begin": 289,
                    "text": "in",
                    "end": 291,
                    "id": "s1-t19"
                },
                {
                    "begin": 292,
                    "text": "a",
                    "end": 293,
                    "id": "s1-t20"
                },
                {
                    "begin": 294,
                    "text": "realistic",
                    "end": 303,
                    "id": "s1-t21"
                },
                {
                    "begin": 303,
                    "text": ",",
                    "end": 304,
                    "id": "s1-t22"
                },
                {
                    "begin": 305,
                    "text": "unconstrained",
                    "end": 318,
                    "id": "s1-t23"
                },
                {
                    "begin": 319,
                    "text": "setup",
                    "end": 324,
                    "id": "s1-t24"
                },
                {
                    "begin": 325,
                    "text": "in",
                    "end": 327,
                    "id": "s1-t25"
                },
                {
                    "begin": 328,
                    "text": "which",
                    "end": 333,
                    "id": "s1-t26"
                },
                {
                    "begin": 334,
                    "text": "lighting",
                    "end": 342,
                    "id": "s1-t27"
                },
                {
                    "begin": 342,
                    "text": ",",
                    "end": 343,
                    "id": "s1-t28"
                },
                {
                    "begin": 344,
                    "text": "pose",
                    "end": 348,
                    "id": "s1-t29"
                },
                {
                    "begin": 349,
                    "text": "and",
                    "end": 352,
                    "id": "s1-t30"
                },
                {
                    "begin": 353,
                    "text": "user",
                    "end": 357,
                    "id": "s1-t31"
                },
                {
                    "begin": 358,
                    "text": "motion",
                    "end": 364,
                    "id": "s1-t32"
                },
                {
                    "begin": 365,
                    "text": "pattern",
                    "end": 372,
                    "id": "s1-t33"
                },
                {
                    "begin": 373,
                    "text": "have",
                    "end": 377,
                    "id": "s1-t34"
                },
                {
                    "begin": 378,
                    "text": "a",
                    "end": 379,
                    "id": "s1-t35"
                },
                {
                    "begin": 380,
                    "text": "wide",
                    "end": 384,
                    "id": "s1-t36"
                },
                {
                    "begin": 385,
                    "text": "variability",
                    "end": 396,
                    "id": "s1-t37"
                },
                {
                    "begin": 397,
                    "text": "and",
                    "end": 400,
                    "id": "s1-t38"
                },
                {
                    "begin": 401,
                    "text": "face",
                    "end": 405,
                    "id": "s1-t39"
                },
                {
                    "begin": 406,
                    "text": "images",
                    "end": 412,
                    "id": "s1-t40"
                },
                {
                    "begin": 413,
                    "text": "are",
                    "end": 416,
                    "id": "s1-t41"
                },
                {
                    "begin": 417,
                    "text": "of",
                    "end": 419,
                    "id": "s1-t42"
                },
                {
                    "begin": 420,
                    "text": "low",
                    "end": 423,
                    "id": "s1-t43"
                },
                {
                    "begin": 424,
                    "text": "resolution",
                    "end": 434,
                    "id": "s1-t44"
                },
                {
                    "begin": 434,
                    "text": ".",
                    "end": 435,
                    "id": "s1-t45"
                }
            ],
            "id": "s1"
        },
        {
            "begin": 435,
            "text": " In particular there are three areas of novelty:-LRB-i-RRB-we show how a photometric model of image formation can be combined with a statistical model of generic face appearance variation, learnt offline, to generalize in the presence of extreme illumination changes;-LRB-ii-RRB-we use the smoothness of geodesically local appearance manifold structure and a robust same-identity likelihood to achieve invariance to unseen head poses; and-LRB-iii-RRB-we introduce an accurate video sequence'' reillumination'' algorithm to achieve robustness to face motion patterns in video.",
            "end": 1010,
            "tokens": [
                {
                    "begin": 436,
                    "text": "In",
                    "end": 438,
                    "id": "s2-t0"
                },
                {
                    "begin": 439,
                    "text": "particular",
                    "end": 449,
                    "id": "s2-t1"
                },
                {
                    "begin": 450,
                    "text": "there",
                    "end": 455,
                    "id": "s2-t2"
                },
                {
                    "begin": 456,
                    "text": "are",
                    "end": 459,
                    "id": "s2-t3"
                },
                {
                    "begin": 460,
                    "text": "three",
                    "end": 465,
                    "id": "s2-t4"
                },
                {
                    "begin": 466,
                    "text": "areas",
                    "end": 471,
                    "id": "s2-t5"
                },
                {
                    "begin": 472,
                    "text": "of",
                    "end": 474,
                    "id": "s2-t6"
                },
                {
                    "begin": 475,
                    "text": "novelty",
                    "end": 482,
                    "id": "s2-t7"
                },
                {
                    "begin": 482,
                    "text": ":",
                    "end": 483,
                    "id": "s2-t8"
                },
                {
                    "begin": 483,
                    "text": "-LRB-",
                    "end": 488,
                    "id": "s2-t9"
                },
                {
                    "begin": 488,
                    "text": "i",
                    "end": 489,
                    "id": "s2-t10"
                },
                {
                    "begin": 489,
                    "text": "-RRB-",
                    "end": 494,
                    "id": "s2-t11"
                },
                {
                    "begin": 494,
                    "text": "we",
                    "end": 496,
                    "id": "s2-t12"
                },
                {
                    "begin": 497,
                    "text": "show",
                    "end": 501,
                    "id": "s2-t13"
                },
                {
                    "begin": 502,
                    "text": "how",
                    "end": 505,
                    "id": "s2-t14"
                },
                {
                    "begin": 506,
                    "text": "a",
                    "end": 507,
                    "id": "s2-t15"
                },
                {
                    "begin": 508,
                    "text": "photometric",
                    "end": 519,
                    "id": "s2-t16"
                },
                {
                    "begin": 520,
                    "text": "model",
                    "end": 525,
                    "id": "s2-t17"
                },
                {
                    "begin": 526,
                    "text": "of",
                    "end": 528,
                    "id": "s2-t18"
                },
                {
                    "begin": 529,
                    "text": "image",
                    "end": 534,
                    "id": "s2-t19"
                },
                {
                    "begin": 535,
                    "text": "formation",
                    "end": 544,
                    "id": "s2-t20"
                },
                {
                    "begin": 545,
                    "text": "can",
                    "end": 548,
                    "id": "s2-t21"
                },
                {
                    "begin": 549,
                    "text": "be",
                    "end": 551,
                    "id": "s2-t22"
                },
                {
                    "begin": 552,
                    "text": "combined",
                    "end": 560,
                    "id": "s2-t23"
                },
                {
                    "begin": 561,
                    "text": "with",
                    "end": 565,
                    "id": "s2-t24"
                },
                {
                    "begin": 566,
                    "text": "a",
                    "end": 567,
                    "id": "s2-t25"
                },
                {
                    "begin": 568,
                    "text": "statistical",
                    "end": 579,
                    "id": "s2-t26"
                },
                {
                    "begin": 580,
                    "text": "model",
                    "end": 585,
                    "id": "s2-t27"
                },
                {
                    "begin": 586,
                    "text": "of",
                    "end": 588,
                    "id": "s2-t28"
                },
                {
                    "begin": 589,
                    "text": "generic",
                    "end": 596,
                    "id": "s2-t29"
                },
                {
                    "begin": 597,
                    "text": "face",
                    "end": 601,
                    "id": "s2-t30"
                },
                {
                    "begin": 602,
                    "text": "appearance",
                    "end": 612,
                    "id": "s2-t31"
                },
                {
                    "begin": 613,
                    "text": "variation",
                    "end": 622,
                    "id": "s2-t32"
                },
                {
                    "begin": 622,
                    "text": ",",
                    "end": 623,
                    "id": "s2-t33"
                },
                {
                    "begin": 624,
                    "text": "learnt",
                    "end": 630,
                    "id": "s2-t34"
                },
                {
                    "begin": 631,
                    "text": "offline",
                    "end": 638,
                    "id": "s2-t35"
                },
                {
                    "begin": 638,
                    "text": ",",
                    "end": 639,
                    "id": "s2-t36"
                },
                {
                    "begin": 640,
                    "text": "to",
                    "end": 642,
                    "id": "s2-t37"
                },
                {
                    "begin": 643,
                    "text": "generalize",
                    "end": 653,
                    "id": "s2-t38"
                },
                {
                    "begin": 654,
                    "text": "in",
                    "end": 656,
                    "id": "s2-t39"
                },
                {
                    "begin": 657,
                    "text": "the",
                    "end": 660,
                    "id": "s2-t40"
                },
                {
                    "begin": 661,
                    "text": "presence",
                    "end": 669,
                    "id": "s2-t41"
                },
                {
                    "begin": 670,
                    "text": "of",
                    "end": 672,
                    "id": "s2-t42"
                },
                {
                    "begin": 673,
                    "text": "extreme",
                    "end": 680,
                    "id": "s2-t43"
                },
                {
                    "begin": 681,
                    "text": "illumination",
                    "end": 693,
                    "id": "s2-t44"
                },
                {
                    "begin": 694,
                    "text": "changes",
                    "end": 701,
                    "id": "s2-t45"
                },
                {
                    "begin": 701,
                    "text": ";",
                    "end": 702,
                    "id": "s2-t46"
                },
                {
                    "begin": 702,
                    "text": "-LRB-",
                    "end": 707,
                    "id": "s2-t47"
                },
                {
                    "begin": 707,
                    "text": "ii",
                    "end": 709,
                    "id": "s2-t48"
                },
                {
                    "begin": 709,
                    "text": "-RRB-",
                    "end": 714,
                    "id": "s2-t49"
                },
                {
                    "begin": 714,
                    "text": "we",
                    "end": 716,
                    "id": "s2-t50"
                },
                {
                    "begin": 717,
                    "text": "use",
                    "end": 720,
                    "id": "s2-t51"
                },
                {
                    "begin": 721,
                    "text": "the",
                    "end": 724,
                    "id": "s2-t52"
                },
                {
                    "begin": 725,
                    "text": "smoothness",
                    "end": 735,
                    "id": "s2-t53"
                },
                {
                    "begin": 736,
                    "text": "of",
                    "end": 738,
                    "id": "s2-t54"
                },
                {
                    "begin": 739,
                    "text": "geodesically",
                    "end": 751,
                    "id": "s2-t55"
                },
                {
                    "begin": 752,
                    "text": "local",
                    "end": 757,
                    "id": "s2-t56"
                },
                {
                    "begin": 758,
                    "text": "appearance",
                    "end": 768,
                    "id": "s2-t57"
                },
                {
                    "begin": 769,
                    "text": "manifold",
                    "end": 777,
                    "id": "s2-t58"
                },
                {
                    "begin": 778,
                    "text": "structure",
                    "end": 787,
                    "id": "s2-t59"
                },
                {
                    "begin": 788,
                    "text": "and",
                    "end": 791,
                    "id": "s2-t60"
                },
                {
                    "begin": 792,
                    "text": "a",
                    "end": 793,
                    "id": "s2-t61"
                },
                {
                    "begin": 794,
                    "text": "robust",
                    "end": 800,
                    "id": "s2-t62"
                },
                {
                    "begin": 801,
                    "text": "same-identity",
                    "end": 814,
                    "id": "s2-t63"
                },
                {
                    "begin": 815,
                    "text": "likelihood",
                    "end": 825,
                    "id": "s2-t64"
                },
                {
                    "begin": 826,
                    "text": "to",
                    "end": 828,
                    "id": "s2-t65"
                },
                {
                    "begin": 829,
                    "text": "achieve",
                    "end": 836,
                    "id": "s2-t66"
                },
                {
                    "begin": 837,
                    "text": "invariance",
                    "end": 847,
                    "id": "s2-t67"
                },
                {
                    "begin": 848,
                    "text": "to",
                    "end": 850,
                    "id": "s2-t68"
                },
                {
                    "begin": 851,
                    "text": "unseen",
                    "end": 857,
                    "id": "s2-t69"
                },
                {
                    "begin": 858,
                    "text": "head",
                    "end": 862,
                    "id": "s2-t70"
                },
                {
                    "begin": 863,
                    "text": "poses",
                    "end": 868,
                    "id": "s2-t71"
                },
                {
                    "begin": 868,
                    "text": ";",
                    "end": 869,
                    "id": "s2-t72"
                },
                {
                    "begin": 870,
                    "text": "and",
                    "end": 873,
                    "id": "s2-t73"
                },
                {
                    "begin": 873,
                    "text": "-LRB-",
                    "end": 878,
                    "id": "s2-t74"
                },
                {
                    "begin": 878,
                    "text": "iii",
                    "end": 881,
                    "id": "s2-t75"
                },
                {
                    "begin": 881,
                    "text": "-RRB-",
                    "end": 886,
                    "id": "s2-t76"
                },
                {
                    "begin": 886,
                    "text": "we",
                    "end": 888,
                    "id": "s2-t77"
                },
                {
                    "begin": 889,
                    "text": "introduce",
                    "end": 898,
                    "id": "s2-t78"
                },
                {
                    "begin": 899,
                    "text": "an",
                    "end": 901,
                    "id": "s2-t79"
                },
                {
                    "begin": 902,
                    "text": "accurate",
                    "end": 910,
                    "id": "s2-t80"
                },
                {
                    "begin": 911,
                    "text": "video",
                    "end": 916,
                    "id": "s2-t81"
                },
                {
                    "begin": 917,
                    "text": "sequence",
                    "end": 925,
                    "id": "s2-t82"
                },
                {
                    "begin": 925,
                    "text": "''",
                    "end": 927,
                    "id": "s2-t83"
                },
                {
                    "begin": 928,
                    "text": "reillumination",
                    "end": 942,
                    "id": "s2-t84"
                },
                {
                    "begin": 942,
                    "text": "''",
                    "end": 944,
                    "id": "s2-t85"
                },
                {
                    "begin": 945,
                    "text": "algorithm",
                    "end": 954,
                    "id": "s2-t86"
                },
                {
                    "begin": 955,
                    "text": "to",
                    "end": 957,
                    "id": "s2-t87"
                },
                {
                    "begin": 958,
                    "text": "achieve",
                    "end": 965,
                    "id": "s2-t88"
                },
                {
                    "begin": 966,
                    "text": "robustness",
                    "end": 976,
                    "id": "s2-t89"
                },
                {
                    "begin": 977,
                    "text": "to",
                    "end": 979,
                    "id": "s2-t90"
                },
                {
                    "begin": 980,
                    "text": "face",
                    "end": 984,
                    "id": "s2-t91"
                },
                {
                    "begin": 985,
                    "text": "motion",
                    "end": 991,
                    "id": "s2-t92"
                },
                {
                    "begin": 992,
                    "text": "patterns",
                    "end": 1000,
                    "id": "s2-t93"
                },
                {
                    "begin": 1001,
                    "text": "in",
                    "end": 1003,
                    "id": "s2-t94"
                },
                {
                    "begin": 1004,
                    "text": "video",
                    "end": 1009,
                    "id": "s2-t95"
                },
                {
                    "begin": 1009,
                    "text": ".",
                    "end": 1010,
                    "id": "s2-t96"
                }
            ],
            "id": "s2"
        },
        {
            "begin": 1010,
            "text": " We describe a fully automatic recognition system based on the proposed method and an extensive evaluation on 171 individuals and over 1300 video sequences with extreme illumination, pose and head motion variation.",
            "end": 1224,
            "tokens": [
                {
                    "begin": 1011,
                    "text": "We",
                    "end": 1013,
                    "id": "s3-t0"
                },
                {
                    "begin": 1014,
                    "text": "describe",
                    "end": 1022,
                    "id": "s3-t1"
                },
                {
                    "begin": 1023,
                    "text": "a",
                    "end": 1024,
                    "id": "s3-t2"
                },
                {
                    "begin": 1025,
                    "text": "fully",
                    "end": 1030,
                    "id": "s3-t3"
                },
                {
                    "begin": 1031,
                    "text": "automatic",
                    "end": 1040,
                    "id": "s3-t4"
                },
                {
                    "begin": 1041,
                    "text": "recognition",
                    "end": 1052,
                    "id": "s3-t5"
                },
                {
                    "begin": 1053,
                    "text": "system",
                    "end": 1059,
                    "id": "s3-t6"
                },
                {
                    "begin": 1060,
                    "text": "based",
                    "end": 1065,
                    "id": "s3-t7"
                },
                {
                    "begin": 1066,
                    "text": "on",
                    "end": 1068,
                    "id": "s3-t8"
                },
                {
                    "begin": 1069,
                    "text": "the",
                    "end": 1072,
                    "id": "s3-t9"
                },
                {
                    "begin": 1073,
                    "text": "proposed",
                    "end": 1081,
                    "id": "s3-t10"
                },
                {
                    "begin": 1082,
                    "text": "method",
                    "end": 1088,
                    "id": "s3-t11"
                },
                {
                    "begin": 1089,
                    "text": "and",
                    "end": 1092,
                    "id": "s3-t12"
                },
                {
                    "begin": 1093,
                    "text": "an",
                    "end": 1095,
                    "id": "s3-t13"
                },
                {
                    "begin": 1096,
                    "text": "extensive",
                    "end": 1105,
                    "id": "s3-t14"
                },
                {
                    "begin": 1106,
                    "text": "evaluation",
                    "end": 1116,
                    "id": "s3-t15"
                },
                {
                    "begin": 1117,
                    "text": "on",
                    "end": 1119,
                    "id": "s3-t16"
                },
                {
                    "begin": 1120,
                    "text": "171",
                    "end": 1123,
                    "id": "s3-t17"
                },
                {
                    "begin": 1124,
                    "text": "individuals",
                    "end": 1135,
                    "id": "s3-t18"
                },
                {
                    "begin": 1136,
                    "text": "and",
                    "end": 1139,
                    "id": "s3-t19"
                },
                {
                    "begin": 1140,
                    "text": "over",
                    "end": 1144,
                    "id": "s3-t20"
                },
                {
                    "begin": 1145,
                    "text": "1300",
                    "end": 1149,
                    "id": "s3-t21"
                },
                {
                    "begin": 1150,
                    "text": "video",
                    "end": 1155,
                    "id": "s3-t22"
                },
                {
                    "begin": 1156,
                    "text": "sequences",
                    "end": 1165,
                    "id": "s3-t23"
                },
                {
                    "begin": 1166,
                    "text": "with",
                    "end": 1170,
                    "id": "s3-t24"
                },
                {
                    "begin": 1171,
                    "text": "extreme",
                    "end": 1178,
                    "id": "s3-t25"
                },
                {
                    "begin": 1179,
                    "text": "illumination",
                    "end": 1191,
                    "id": "s3-t26"
                },
                {
                    "begin": 1191,
                    "text": ",",
                    "end": 1192,
                    "id": "s3-t27"
                },
                {
                    "begin": 1193,
                    "text": "pose",
                    "end": 1197,
                    "id": "s3-t28"
                },
                {
                    "begin": 1198,
                    "text": "and",
                    "end": 1201,
                    "id": "s3-t29"
                },
                {
                    "begin": 1202,
                    "text": "head",
                    "end": 1206,
                    "id": "s3-t30"
                },
                {
                    "begin": 1207,
                    "text": "motion",
                    "end": 1213,
                    "id": "s3-t31"
                },
                {
                    "begin": 1214,
                    "text": "variation",
                    "end": 1223,
                    "id": "s3-t32"
                },
                {
                    "begin": 1223,
                    "text": ".",
                    "end": 1224,
                    "id": "s3-t33"
                }
            ],
            "id": "s3"
        },
        {
            "begin": 1224,
            "text": " On this challenging data set our system consistently demonstrated a nearly perfect recognition rate-LRB-over 99.7% on all three databases-RRB-, significantly out-performing state-of-the-art commercial software and methods from the literature.",
            "end": 1467,
            "tokens": [
                {
                    "begin": 1225,
                    "text": "On",
                    "end": 1227,
                    "id": "s4-t0"
                },
                {
                    "begin": 1228,
                    "text": "this",
                    "end": 1232,
                    "id": "s4-t1"
                },
                {
                    "begin": 1233,
                    "text": "challenging",
                    "end": 1244,
                    "id": "s4-t2"
                },
                {
                    "begin": 1245,
                    "text": "data",
                    "end": 1249,
                    "id": "s4-t3"
                },
                {
                    "begin": 1250,
                    "text": "set",
                    "end": 1253,
                    "id": "s4-t4"
                },
                {
                    "begin": 1254,
                    "text": "our",
                    "end": 1257,
                    "id": "s4-t5"
                },
                {
                    "begin": 1258,
                    "text": "system",
                    "end": 1264,
                    "id": "s4-t6"
                },
                {
                    "begin": 1265,
                    "text": "consistently",
                    "end": 1277,
                    "id": "s4-t7"
                },
                {
                    "begin": 1278,
                    "text": "demonstrated",
                    "end": 1290,
                    "id": "s4-t8"
                },
                {
                    "begin": 1291,
                    "text": "a",
                    "end": 1292,
                    "id": "s4-t9"
                },
                {
                    "begin": 1293,
                    "text": "nearly",
                    "end": 1299,
                    "id": "s4-t10"
                },
                {
                    "begin": 1300,
                    "text": "perfect",
                    "end": 1307,
                    "id": "s4-t11"
                },
                {
                    "begin": 1308,
                    "text": "recognition",
                    "end": 1319,
                    "id": "s4-t12"
                },
                {
                    "begin": 1320,
                    "text": "rate",
                    "end": 1324,
                    "id": "s4-t13"
                },
                {
                    "begin": 1324,
                    "text": "-LRB-",
                    "end": 1329,
                    "id": "s4-t14"
                },
                {
                    "begin": 1329,
                    "text": "over",
                    "end": 1333,
                    "id": "s4-t15"
                },
                {
                    "begin": 1334,
                    "text": "99.7",
                    "end": 1338,
                    "id": "s4-t16"
                },
                {
                    "begin": 1338,
                    "text": "%",
                    "end": 1339,
                    "id": "s4-t17"
                },
                {
                    "begin": 1340,
                    "text": "on",
                    "end": 1342,
                    "id": "s4-t18"
                },
                {
                    "begin": 1343,
                    "text": "all",
                    "end": 1346,
                    "id": "s4-t19"
                },
                {
                    "begin": 1347,
                    "text": "three",
                    "end": 1352,
                    "id": "s4-t20"
                },
                {
                    "begin": 1353,
                    "text": "databases",
                    "end": 1362,
                    "id": "s4-t21"
                },
                {
                    "begin": 1362,
                    "text": "-RRB-",
                    "end": 1367,
                    "id": "s4-t22"
                },
                {
                    "begin": 1367,
                    "text": ",",
                    "end": 1368,
                    "id": "s4-t23"
                },
                {
                    "begin": 1369,
                    "text": "significantly",
                    "end": 1382,
                    "id": "s4-t24"
                },
                {
                    "begin": 1383,
                    "text": "out-performing",
                    "end": 1397,
                    "id": "s4-t25"
                },
                {
                    "begin": 1398,
                    "text": "state-of-the-art",
                    "end": 1414,
                    "id": "s4-t26"
                },
                {
                    "begin": 1415,
                    "text": "commercial",
                    "end": 1425,
                    "id": "s4-t27"
                },
                {
                    "begin": 1426,
                    "text": "software",
                    "end": 1434,
                    "id": "s4-t28"
                },
                {
                    "begin": 1435,
                    "text": "and",
                    "end": 1438,
                    "id": "s4-t29"
                },
                {
                    "begin": 1439,
                    "text": "methods",
                    "end": 1446,
                    "id": "s4-t30"
                },
                {
                    "begin": 1447,
                    "text": "from",
                    "end": 1451,
                    "id": "s4-t31"
                },
                {
                    "begin": 1452,
                    "text": "the",
                    "end": 1455,
                    "id": "s4-t32"
                },
                {
                    "begin": 1456,
                    "text": "literature",
                    "end": 1466,
                    "id": "s4-t33"
                },
                {
                    "begin": 1466,
                    "text": ".",
                    "end": 1467,
                    "id": "s4-t34"
                }
            ],
            "id": "s4"
        }
    ],
    "text": "In spite of over two decades of intense research, illumination and pose invariance remain prohibitively challenging aspects of face recognition for most practical applications. The objective of this work is to recognize faces using video sequences both for training and recognition input, in a realistic, unconstrained setup in which lighting, pose and user motion pattern have a wide variability and face images are of low resolution. In particular there are three areas of novelty:-LRB-i-RRB-we show how a photometric model of image formation can be combined with a statistical model of generic face appearance variation, learnt offline, to generalize in the presence of extreme illumination changes;-LRB-ii-RRB-we use the smoothness of geodesically local appearance manifold structure and a robust same-identity likelihood to achieve invariance to unseen head poses; and-LRB-iii-RRB-we introduce an accurate video sequence'' reillumination'' algorithm to achieve robustness to face motion patterns in video. We describe a fully automatic recognition system based on the proposed method and an extensive evaluation on 171 individuals and over 1300 video sequences with extreme illumination, pose and head motion variation. On this challenging data set our system consistently demonstrated a nearly perfect recognition rate-LRB-over 99.7% on all three databases-RRB-, significantly out-performing state-of-the-art commercial software and methods from the literature.",
    "id": "9ff7faf1-3ad3-4adc-8150-8e88af2ad295"
}