{
    "mentions": [
        {
            "begin": 4,
            "id": "m0",
            "end": 74,
            "type": "Method",
            "text": "PRC Adaptive Knowledge-based Text Understanding System-LRB-PAKTUS-RRB-"
        },
        {
            "begin": 198,
            "id": "m1",
            "end": 204,
            "type": "Generic",
            "text": "system"
        },
        {
            "begin": 227,
            "id": "m2",
            "end": 247,
            "type": "OtherScientificTerm",
            "text": "core English lexicon"
        },
        {
            "begin": 249,
            "id": "m3",
            "end": 256,
            "type": "Method",
            "text": "grammar"
        },
        {
            "begin": 262,
            "id": "m4",
            "end": 285,
            "type": "Method",
            "text": "concept representations"
        },
        {
            "begin": 300,
            "id": "m5",
            "end": 347,
            "type": "Method",
            "text": "natural language processing-LRB-NLP-RRB-systems"
        },
        {
            "begin": 352,
            "id": "m6",
            "end": 370,
            "type": "Task",
            "text": "text understanding"
        },
        {
            "begin": 391,
            "id": "m7",
            "end": 397,
            "type": "Method",
            "text": "PAKTUS"
        },
        {
            "begin": 432,
            "id": "m8",
            "end": 455,
            "type": "Task",
            "text": "knowledge based systems"
        },
        {
            "begin": 490,
            "id": "m9",
            "end": 500,
            "type": "Method",
            "text": "NLP system"
        },
        {
            "begin": 539,
            "id": "m10",
            "end": 564,
            "type": "Material",
            "text": "electronic message stream"
        },
        {
            "begin": 576,
            "id": "m11",
            "end": 585,
            "type": "Material",
            "text": "news wire"
        },
        {
            "begin": 587,
            "id": "m12",
            "end": 593,
            "type": "Method",
            "text": "PAKTUS"
        },
        {
            "begin": 663,
            "id": "m13",
            "end": 680,
            "type": "Material",
            "text": "JINTACCS messages"
        },
        {
            "begin": 682,
            "id": "m14",
            "end": 699,
            "type": "Material",
            "text": "RAINFORM messages"
        },
        {
            "begin": 701,
            "id": "m15",
            "end": 713,
            "type": "OtherScientificTerm",
            "text": "news reports"
        },
        {
            "begin": 739,
            "id": "m16",
            "end": 744,
            "type": "OtherScientificTerm",
            "text": "event"
        },
        {
            "begin": 754,
            "id": "m17",
            "end": 773,
            "type": "Material",
            "text": "financial transfers"
        },
        {
            "begin": 777,
            "id": "m18",
            "end": 791,
            "type": "Material",
            "text": "terrorist acts"
        },
        {
            "begin": 812,
            "id": "m19",
            "end": 851,
            "type": "Method",
            "text": "sublanguage and domain-specific grammar"
        },
        {
            "begin": 853,
            "id": "m20",
            "end": 858,
            "type": "Generic",
            "text": "words"
        },
        {
            "begin": 860,
            "id": "m21",
            "end": 879,
            "type": "OtherScientificTerm",
            "text": "conceptual mappings"
        },
        {
            "begin": 885,
            "id": "m22",
            "end": 903,
            "type": "OtherScientificTerm",
            "text": "discourse patterns"
        }
    ],
    "relations": [
        {
            "args": [
                "m1",
                "m5"
            ],
            "type": "USED-FOR",
            "id": "r0"
        },
        {
            "args": [
                "m2",
                "m1"
            ],
            "type": "PART-OF",
            "id": "r1"
        },
        {
            "args": [
                "m3",
                "m1"
            ],
            "type": "PART-OF",
            "id": "r2"
        },
        {
            "args": [
                "m4",
                "m1"
            ],
            "type": "PART-OF",
            "id": "r3"
        },
        {
            "args": [
                "m5",
                "m6"
            ],
            "type": "USED-FOR",
            "id": "r4"
        },
        {
            "args": [
                "m7",
                "m8"
            ],
            "type": "USED-FOR",
            "id": "r5"
        },
        {
            "args": [
                "m10",
                "m9"
            ],
            "type": "USED-FOR",
            "id": "r6"
        },
        {
            "args": [
                "m11",
                "m10"
            ],
            "type": "HYPONYM-OF",
            "id": "r7"
        },
        {
            "args": [
                "m12",
                "m13"
            ],
            "type": "USED-FOR",
            "id": "r8"
        },
        {
            "args": [
                "m12",
                "m14"
            ],
            "type": "USED-FOR",
            "id": "r9"
        },
        {
            "args": [
                "m12",
                "m15"
            ],
            "type": "USED-FOR",
            "id": "r10"
        },
        {
            "args": [
                "m13",
                "m14"
            ],
            "type": "CONJUNCTION",
            "id": "r11"
        },
        {
            "args": [
                "m14",
                "m15"
            ],
            "type": "CONJUNCTION",
            "id": "r12"
        },
        {
            "args": [
                "m16",
                "m15"
            ],
            "type": "FEATURE-OF",
            "id": "r13"
        },
        {
            "args": [
                "m17",
                "m16"
            ],
            "type": "HYPONYM-OF",
            "id": "r14"
        },
        {
            "args": [
                "m17",
                "m18"
            ],
            "type": "CONJUNCTION",
            "id": "r15"
        },
        {
            "args": [
                "m18",
                "m16"
            ],
            "type": "HYPONYM-OF",
            "id": "r16"
        },
        {
            "args": [
                "m19",
                "m12"
            ],
            "type": "USED-FOR",
            "id": "r17"
        },
        {
            "args": [
                "m19",
                "m20"
            ],
            "type": "CONJUNCTION",
            "id": "r18"
        },
        {
            "args": [
                "m20",
                "m12"
            ],
            "type": "USED-FOR",
            "id": "r19"
        },
        {
            "args": [
                "m20",
                "m21"
            ],
            "type": "CONJUNCTION",
            "id": "r20"
        },
        {
            "args": [
                "m21",
                "m12"
            ],
            "type": "USED-FOR",
            "id": "r21"
        },
        {
            "args": [
                "m21",
                "m22"
            ],
            "type": "CONJUNCTION",
            "id": "r22"
        },
        {
            "args": [
                "m22",
                "m12"
            ],
            "type": "USED-FOR",
            "id": "r23"
        }
    ],
    "sentences": [
        {
            "begin": 0,
            "text": "The PRC Adaptive Knowledge-based Text Understanding System-LRB-PAKTUS-RRB-has been under development as an Independent Research and Development project at PRC since 1984.",
            "end": 170,
            "tokens": [
                {
                    "begin": 0,
                    "text": "The",
                    "end": 3,
                    "id": "s0-t0"
                },
                {
                    "begin": 4,
                    "text": "PRC",
                    "end": 7,
                    "id": "s0-t1"
                },
                {
                    "begin": 8,
                    "text": "Adaptive",
                    "end": 16,
                    "id": "s0-t2"
                },
                {
                    "begin": 17,
                    "text": "Knowledge-based",
                    "end": 32,
                    "id": "s0-t3"
                },
                {
                    "begin": 33,
                    "text": "Text",
                    "end": 37,
                    "id": "s0-t4"
                },
                {
                    "begin": 38,
                    "text": "Understanding",
                    "end": 51,
                    "id": "s0-t5"
                },
                {
                    "begin": 52,
                    "text": "System",
                    "end": 58,
                    "id": "s0-t6"
                },
                {
                    "begin": 58,
                    "text": "-LRB-",
                    "end": 63,
                    "id": "s0-t7"
                },
                {
                    "begin": 63,
                    "text": "PAKTUS",
                    "end": 69,
                    "id": "s0-t8"
                },
                {
                    "begin": 69,
                    "text": "-RRB-",
                    "end": 74,
                    "id": "s0-t9"
                },
                {
                    "begin": 74,
                    "text": "has",
                    "end": 77,
                    "id": "s0-t10"
                },
                {
                    "begin": 78,
                    "text": "been",
                    "end": 82,
                    "id": "s0-t11"
                },
                {
                    "begin": 83,
                    "text": "under",
                    "end": 88,
                    "id": "s0-t12"
                },
                {
                    "begin": 89,
                    "text": "development",
                    "end": 100,
                    "id": "s0-t13"
                },
                {
                    "begin": 101,
                    "text": "as",
                    "end": 103,
                    "id": "s0-t14"
                },
                {
                    "begin": 104,
                    "text": "an",
                    "end": 106,
                    "id": "s0-t15"
                },
                {
                    "begin": 107,
                    "text": "Independent",
                    "end": 118,
                    "id": "s0-t16"
                },
                {
                    "begin": 119,
                    "text": "Research",
                    "end": 127,
                    "id": "s0-t17"
                },
                {
                    "begin": 128,
                    "text": "and",
                    "end": 131,
                    "id": "s0-t18"
                },
                {
                    "begin": 132,
                    "text": "Development",
                    "end": 143,
                    "id": "s0-t19"
                },
                {
                    "begin": 144,
                    "text": "project",
                    "end": 151,
                    "id": "s0-t20"
                },
                {
                    "begin": 152,
                    "text": "at",
                    "end": 154,
                    "id": "s0-t21"
                },
                {
                    "begin": 155,
                    "text": "PRC",
                    "end": 158,
                    "id": "s0-t22"
                },
                {
                    "begin": 159,
                    "text": "since",
                    "end": 164,
                    "id": "s0-t23"
                },
                {
                    "begin": 165,
                    "text": "1984",
                    "end": 169,
                    "id": "s0-t24"
                },
                {
                    "begin": 169,
                    "text": ".",
                    "end": 170,
                    "id": "s0-t25"
                }
            ],
            "id": "s0"
        },
        {
            "begin": 170,
            "text": " The objective is a generic system of tools, including a core English lexicon, grammar, and concept representations, for building natural language processing-LRB-NLP-RRB-systems for text understanding.",
            "end": 371,
            "tokens": [
                {
                    "begin": 171,
                    "text": "The",
                    "end": 174,
                    "id": "s1-t0"
                },
                {
                    "begin": 175,
                    "text": "objective",
                    "end": 184,
                    "id": "s1-t1"
                },
                {
                    "begin": 185,
                    "text": "is",
                    "end": 187,
                    "id": "s1-t2"
                },
                {
                    "begin": 188,
                    "text": "a",
                    "end": 189,
                    "id": "s1-t3"
                },
                {
                    "begin": 190,
                    "text": "generic",
                    "end": 197,
                    "id": "s1-t4"
                },
                {
                    "begin": 198,
                    "text": "system",
                    "end": 204,
                    "id": "s1-t5"
                },
                {
                    "begin": 205,
                    "text": "of",
                    "end": 207,
                    "id": "s1-t6"
                },
                {
                    "begin": 208,
                    "text": "tools",
                    "end": 213,
                    "id": "s1-t7"
                },
                {
                    "begin": 213,
                    "text": ",",
                    "end": 214,
                    "id": "s1-t8"
                },
                {
                    "begin": 215,
                    "text": "including",
                    "end": 224,
                    "id": "s1-t9"
                },
                {
                    "begin": 225,
                    "text": "a",
                    "end": 226,
                    "id": "s1-t10"
                },
                {
                    "begin": 227,
                    "text": "core",
                    "end": 231,
                    "id": "s1-t11"
                },
                {
                    "begin": 232,
                    "text": "English",
                    "end": 239,
                    "id": "s1-t12"
                },
                {
                    "begin": 240,
                    "text": "lexicon",
                    "end": 247,
                    "id": "s1-t13"
                },
                {
                    "begin": 247,
                    "text": ",",
                    "end": 248,
                    "id": "s1-t14"
                },
                {
                    "begin": 249,
                    "text": "grammar",
                    "end": 256,
                    "id": "s1-t15"
                },
                {
                    "begin": 256,
                    "text": ",",
                    "end": 257,
                    "id": "s1-t16"
                },
                {
                    "begin": 258,
                    "text": "and",
                    "end": 261,
                    "id": "s1-t17"
                },
                {
                    "begin": 262,
                    "text": "concept",
                    "end": 269,
                    "id": "s1-t18"
                },
                {
                    "begin": 270,
                    "text": "representations",
                    "end": 285,
                    "id": "s1-t19"
                },
                {
                    "begin": 285,
                    "text": ",",
                    "end": 286,
                    "id": "s1-t20"
                },
                {
                    "begin": 287,
                    "text": "for",
                    "end": 290,
                    "id": "s1-t21"
                },
                {
                    "begin": 291,
                    "text": "building",
                    "end": 299,
                    "id": "s1-t22"
                },
                {
                    "begin": 300,
                    "text": "natural",
                    "end": 307,
                    "id": "s1-t23"
                },
                {
                    "begin": 308,
                    "text": "language",
                    "end": 316,
                    "id": "s1-t24"
                },
                {
                    "begin": 317,
                    "text": "processing",
                    "end": 327,
                    "id": "s1-t25"
                },
                {
                    "begin": 327,
                    "text": "-LRB-",
                    "end": 332,
                    "id": "s1-t26"
                },
                {
                    "begin": 332,
                    "text": "NLP",
                    "end": 335,
                    "id": "s1-t27"
                },
                {
                    "begin": 335,
                    "text": "-RRB-",
                    "end": 340,
                    "id": "s1-t28"
                },
                {
                    "begin": 340,
                    "text": "systems",
                    "end": 347,
                    "id": "s1-t29"
                },
                {
                    "begin": 348,
                    "text": "for",
                    "end": 351,
                    "id": "s1-t30"
                },
                {
                    "begin": 352,
                    "text": "text",
                    "end": 356,
                    "id": "s1-t31"
                },
                {
                    "begin": 357,
                    "text": "understanding",
                    "end": 370,
                    "id": "s1-t32"
                },
                {
                    "begin": 370,
                    "text": ".",
                    "end": 371,
                    "id": "s1-t33"
                }
            ],
            "id": "s1"
        },
        {
            "begin": 371,
            "text": " Systems built with PAKTUS are intended to generate input to knowledge based systems ordata base systems.",
            "end": 476,
            "tokens": [
                {
                    "begin": 372,
                    "text": "Systems",
                    "end": 379,
                    "id": "s2-t0"
                },
                {
                    "begin": 380,
                    "text": "built",
                    "end": 385,
                    "id": "s2-t1"
                },
                {
                    "begin": 386,
                    "text": "with",
                    "end": 390,
                    "id": "s2-t2"
                },
                {
                    "begin": 391,
                    "text": "PAKTUS",
                    "end": 397,
                    "id": "s2-t3"
                },
                {
                    "begin": 398,
                    "text": "are",
                    "end": 401,
                    "id": "s2-t4"
                },
                {
                    "begin": 402,
                    "text": "intended",
                    "end": 410,
                    "id": "s2-t5"
                },
                {
                    "begin": 411,
                    "text": "to",
                    "end": 413,
                    "id": "s2-t6"
                },
                {
                    "begin": 414,
                    "text": "generate",
                    "end": 422,
                    "id": "s2-t7"
                },
                {
                    "begin": 423,
                    "text": "input",
                    "end": 428,
                    "id": "s2-t8"
                },
                {
                    "begin": 429,
                    "text": "to",
                    "end": 431,
                    "id": "s2-t9"
                },
                {
                    "begin": 432,
                    "text": "knowledge",
                    "end": 441,
                    "id": "s2-t10"
                },
                {
                    "begin": 442,
                    "text": "based",
                    "end": 447,
                    "id": "s2-t11"
                },
                {
                    "begin": 448,
                    "text": "systems",
                    "end": 455,
                    "id": "s2-t12"
                },
                {
                    "begin": 456,
                    "text": "ordata",
                    "end": 462,
                    "id": "s2-t13"
                },
                {
                    "begin": 463,
                    "text": "base",
                    "end": 467,
                    "id": "s2-t14"
                },
                {
                    "begin": 468,
                    "text": "systems",
                    "end": 475,
                    "id": "s2-t15"
                },
                {
                    "begin": 475,
                    "text": ".",
                    "end": 476,
                    "id": "s2-t16"
                }
            ],
            "id": "s2"
        },
        {
            "begin": 476,
            "text": " Input to the NLP system is typically derived from an existing electronic message stream, such as a news wire.",
            "end": 586,
            "tokens": [
                {
                    "begin": 477,
                    "text": "Input",
                    "end": 482,
                    "id": "s3-t0"
                },
                {
                    "begin": 483,
                    "text": "to",
                    "end": 485,
                    "id": "s3-t1"
                },
                {
                    "begin": 486,
                    "text": "the",
                    "end": 489,
                    "id": "s3-t2"
                },
                {
                    "begin": 490,
                    "text": "NLP",
                    "end": 493,
                    "id": "s3-t3"
                },
                {
                    "begin": 494,
                    "text": "system",
                    "end": 500,
                    "id": "s3-t4"
                },
                {
                    "begin": 501,
                    "text": "is",
                    "end": 503,
                    "id": "s3-t5"
                },
                {
                    "begin": 504,
                    "text": "typically",
                    "end": 513,
                    "id": "s3-t6"
                },
                {
                    "begin": 514,
                    "text": "derived",
                    "end": 521,
                    "id": "s3-t7"
                },
                {
                    "begin": 522,
                    "text": "from",
                    "end": 526,
                    "id": "s3-t8"
                },
                {
                    "begin": 527,
                    "text": "an",
                    "end": 529,
                    "id": "s3-t9"
                },
                {
                    "begin": 530,
                    "text": "existing",
                    "end": 538,
                    "id": "s3-t10"
                },
                {
                    "begin": 539,
                    "text": "electronic",
                    "end": 549,
                    "id": "s3-t11"
                },
                {
                    "begin": 550,
                    "text": "message",
                    "end": 557,
                    "id": "s3-t12"
                },
                {
                    "begin": 558,
                    "text": "stream",
                    "end": 564,
                    "id": "s3-t13"
                },
                {
                    "begin": 564,
                    "text": ",",
                    "end": 565,
                    "id": "s3-t14"
                },
                {
                    "begin": 566,
                    "text": "such",
                    "end": 570,
                    "id": "s3-t15"
                },
                {
                    "begin": 571,
                    "text": "as",
                    "end": 573,
                    "id": "s3-t16"
                },
                {
                    "begin": 574,
                    "text": "a",
                    "end": 575,
                    "id": "s3-t17"
                },
                {
                    "begin": 576,
                    "text": "news",
                    "end": 580,
                    "id": "s3-t18"
                },
                {
                    "begin": 581,
                    "text": "wire",
                    "end": 585,
                    "id": "s3-t19"
                },
                {
                    "begin": 585,
                    "text": ".",
                    "end": 586,
                    "id": "s3-t20"
                }
            ],
            "id": "s3"
        },
        {
            "begin": 586,
            "text": " PAKTUS supports the adaptation of the generic core to a variety of domains: JINTACCS messages, RAINFORM messages, news reports about a specific type of event, such as financial transfers or terrorist acts, etc., by acquiring sublanguage and domain-specific grammar, words, conceptual mappings, and discourse patterns.",
            "end": 904,
            "tokens": [
                {
                    "begin": 587,
                    "text": "PAKTUS",
                    "end": 593,
                    "id": "s4-t0"
                },
                {
                    "begin": 594,
                    "text": "supports",
                    "end": 602,
                    "id": "s4-t1"
                },
                {
                    "begin": 603,
                    "text": "the",
                    "end": 606,
                    "id": "s4-t2"
                },
                {
                    "begin": 607,
                    "text": "adaptation",
                    "end": 617,
                    "id": "s4-t3"
                },
                {
                    "begin": 618,
                    "text": "of",
                    "end": 620,
                    "id": "s4-t4"
                },
                {
                    "begin": 621,
                    "text": "the",
                    "end": 624,
                    "id": "s4-t5"
                },
                {
                    "begin": 625,
                    "text": "generic",
                    "end": 632,
                    "id": "s4-t6"
                },
                {
                    "begin": 633,
                    "text": "core",
                    "end": 637,
                    "id": "s4-t7"
                },
                {
                    "begin": 638,
                    "text": "to",
                    "end": 640,
                    "id": "s4-t8"
                },
                {
                    "begin": 641,
                    "text": "a",
                    "end": 642,
                    "id": "s4-t9"
                },
                {
                    "begin": 643,
                    "text": "variety",
                    "end": 650,
                    "id": "s4-t10"
                },
                {
                    "begin": 651,
                    "text": "of",
                    "end": 653,
                    "id": "s4-t11"
                },
                {
                    "begin": 654,
                    "text": "domains",
                    "end": 661,
                    "id": "s4-t12"
                },
                {
                    "begin": 661,
                    "text": ":",
                    "end": 662,
                    "id": "s4-t13"
                },
                {
                    "begin": 663,
                    "text": "JINTACCS",
                    "end": 671,
                    "id": "s4-t14"
                },
                {
                    "begin": 672,
                    "text": "messages",
                    "end": 680,
                    "id": "s4-t15"
                },
                {
                    "begin": 680,
                    "text": ",",
                    "end": 681,
                    "id": "s4-t16"
                },
                {
                    "begin": 682,
                    "text": "RAINFORM",
                    "end": 690,
                    "id": "s4-t17"
                },
                {
                    "begin": 691,
                    "text": "messages",
                    "end": 699,
                    "id": "s4-t18"
                },
                {
                    "begin": 699,
                    "text": ",",
                    "end": 700,
                    "id": "s4-t19"
                },
                {
                    "begin": 701,
                    "text": "news",
                    "end": 705,
                    "id": "s4-t20"
                },
                {
                    "begin": 706,
                    "text": "reports",
                    "end": 713,
                    "id": "s4-t21"
                },
                {
                    "begin": 714,
                    "text": "about",
                    "end": 719,
                    "id": "s4-t22"
                },
                {
                    "begin": 720,
                    "text": "a",
                    "end": 721,
                    "id": "s4-t23"
                },
                {
                    "begin": 722,
                    "text": "specific",
                    "end": 730,
                    "id": "s4-t24"
                },
                {
                    "begin": 731,
                    "text": "type",
                    "end": 735,
                    "id": "s4-t25"
                },
                {
                    "begin": 736,
                    "text": "of",
                    "end": 738,
                    "id": "s4-t26"
                },
                {
                    "begin": 739,
                    "text": "event",
                    "end": 744,
                    "id": "s4-t27"
                },
                {
                    "begin": 744,
                    "text": ",",
                    "end": 745,
                    "id": "s4-t28"
                },
                {
                    "begin": 746,
                    "text": "such",
                    "end": 750,
                    "id": "s4-t29"
                },
                {
                    "begin": 751,
                    "text": "as",
                    "end": 753,
                    "id": "s4-t30"
                },
                {
                    "begin": 754,
                    "text": "financial",
                    "end": 763,
                    "id": "s4-t31"
                },
                {
                    "begin": 764,
                    "text": "transfers",
                    "end": 773,
                    "id": "s4-t32"
                },
                {
                    "begin": 774,
                    "text": "or",
                    "end": 776,
                    "id": "s4-t33"
                },
                {
                    "begin": 777,
                    "text": "terrorist",
                    "end": 786,
                    "id": "s4-t34"
                },
                {
                    "begin": 787,
                    "text": "acts",
                    "end": 791,
                    "id": "s4-t35"
                },
                {
                    "begin": 791,
                    "text": ",",
                    "end": 792,
                    "id": "s4-t36"
                },
                {
                    "begin": 793,
                    "text": "etc.",
                    "end": 797,
                    "id": "s4-t37"
                },
                {
                    "begin": 797,
                    "text": ",",
                    "end": 798,
                    "id": "s4-t38"
                },
                {
                    "begin": 799,
                    "text": "by",
                    "end": 801,
                    "id": "s4-t39"
                },
                {
                    "begin": 802,
                    "text": "acquiring",
                    "end": 811,
                    "id": "s4-t40"
                },
                {
                    "begin": 812,
                    "text": "sublanguage",
                    "end": 823,
                    "id": "s4-t41"
                },
                {
                    "begin": 824,
                    "text": "and",
                    "end": 827,
                    "id": "s4-t42"
                },
                {
                    "begin": 828,
                    "text": "domain-specific",
                    "end": 843,
                    "id": "s4-t43"
                },
                {
                    "begin": 844,
                    "text": "grammar",
                    "end": 851,
                    "id": "s4-t44"
                },
                {
                    "begin": 851,
                    "text": ",",
                    "end": 852,
                    "id": "s4-t45"
                },
                {
                    "begin": 853,
                    "text": "words",
                    "end": 858,
                    "id": "s4-t46"
                },
                {
                    "begin": 858,
                    "text": ",",
                    "end": 859,
                    "id": "s4-t47"
                },
                {
                    "begin": 860,
                    "text": "conceptual",
                    "end": 870,
                    "id": "s4-t48"
                },
                {
                    "begin": 871,
                    "text": "mappings",
                    "end": 879,
                    "id": "s4-t49"
                },
                {
                    "begin": 879,
                    "text": ",",
                    "end": 880,
                    "id": "s4-t50"
                },
                {
                    "begin": 881,
                    "text": "and",
                    "end": 884,
                    "id": "s4-t51"
                },
                {
                    "begin": 885,
                    "text": "discourse",
                    "end": 894,
                    "id": "s4-t52"
                },
                {
                    "begin": 895,
                    "text": "patterns",
                    "end": 903,
                    "id": "s4-t53"
                },
                {
                    "begin": 903,
                    "text": ".",
                    "end": 904,
                    "id": "s4-t54"
                }
            ],
            "id": "s4"
        },
        {
            "begin": 904,
            "text": " The long-term goal is a system that can support the processing of relatively long discourses in domains that are fairly broad with a high rate of success.",
            "end": 1059,
            "tokens": [
                {
                    "begin": 905,
                    "text": "The",
                    "end": 908,
                    "id": "s5-t0"
                },
                {
                    "begin": 909,
                    "text": "long-term",
                    "end": 918,
                    "id": "s5-t1"
                },
                {
                    "begin": 919,
                    "text": "goal",
                    "end": 923,
                    "id": "s5-t2"
                },
                {
                    "begin": 924,
                    "text": "is",
                    "end": 926,
                    "id": "s5-t3"
                },
                {
                    "begin": 927,
                    "text": "a",
                    "end": 928,
                    "id": "s5-t4"
                },
                {
                    "begin": 929,
                    "text": "system",
                    "end": 935,
                    "id": "s5-t5"
                },
                {
                    "begin": 936,
                    "text": "that",
                    "end": 940,
                    "id": "s5-t6"
                },
                {
                    "begin": 941,
                    "text": "can",
                    "end": 944,
                    "id": "s5-t7"
                },
                {
                    "begin": 945,
                    "text": "support",
                    "end": 952,
                    "id": "s5-t8"
                },
                {
                    "begin": 953,
                    "text": "the",
                    "end": 956,
                    "id": "s5-t9"
                },
                {
                    "begin": 957,
                    "text": "processing",
                    "end": 967,
                    "id": "s5-t10"
                },
                {
                    "begin": 968,
                    "text": "of",
                    "end": 970,
                    "id": "s5-t11"
                },
                {
                    "begin": 971,
                    "text": "relatively",
                    "end": 981,
                    "id": "s5-t12"
                },
                {
                    "begin": 982,
                    "text": "long",
                    "end": 986,
                    "id": "s5-t13"
                },
                {
                    "begin": 987,
                    "text": "discourses",
                    "end": 997,
                    "id": "s5-t14"
                },
                {
                    "begin": 998,
                    "text": "in",
                    "end": 1000,
                    "id": "s5-t15"
                },
                {
                    "begin": 1001,
                    "text": "domains",
                    "end": 1008,
                    "id": "s5-t16"
                },
                {
                    "begin": 1009,
                    "text": "that",
                    "end": 1013,
                    "id": "s5-t17"
                },
                {
                    "begin": 1014,
                    "text": "are",
                    "end": 1017,
                    "id": "s5-t18"
                },
                {
                    "begin": 1018,
                    "text": "fairly",
                    "end": 1024,
                    "id": "s5-t19"
                },
                {
                    "begin": 1025,
                    "text": "broad",
                    "end": 1030,
                    "id": "s5-t20"
                },
                {
                    "begin": 1031,
                    "text": "with",
                    "end": 1035,
                    "id": "s5-t21"
                },
                {
                    "begin": 1036,
                    "text": "a",
                    "end": 1037,
                    "id": "s5-t22"
                },
                {
                    "begin": 1038,
                    "text": "high",
                    "end": 1042,
                    "id": "s5-t23"
                },
                {
                    "begin": 1043,
                    "text": "rate",
                    "end": 1047,
                    "id": "s5-t24"
                },
                {
                    "begin": 1048,
                    "text": "of",
                    "end": 1050,
                    "id": "s5-t25"
                },
                {
                    "begin": 1051,
                    "text": "success",
                    "end": 1058,
                    "id": "s5-t26"
                },
                {
                    "begin": 1058,
                    "text": ".",
                    "end": 1059,
                    "id": "s5-t27"
                }
            ],
            "id": "s5"
        }
    ],
    "text": "The PRC Adaptive Knowledge-based Text Understanding System-LRB-PAKTUS-RRB-has been under development as an Independent Research and Development project at PRC since 1984. The objective is a generic system of tools, including a core English lexicon, grammar, and concept representations, for building natural language processing-LRB-NLP-RRB-systems for text understanding. Systems built with PAKTUS are intended to generate input to knowledge based systems ordata base systems. Input to the NLP system is typically derived from an existing electronic message stream, such as a news wire. PAKTUS supports the adaptation of the generic core to a variety of domains: JINTACCS messages, RAINFORM messages, news reports about a specific type of event, such as financial transfers or terrorist acts, etc., by acquiring sublanguage and domain-specific grammar, words, conceptual mappings, and discourse patterns. The long-term goal is a system that can support the processing of relatively long discourses in domains that are fairly broad with a high rate of success.",
    "id": "0e0b2ccc-dd0f-4f62-b111-a53db4b214df"
}