{
    "mentions": [
        {
            "begin": 0,
            "id": "m0",
            "end": 33,
            "type": "Task",
            "text": "Speech-based depression detection"
        },
        {
            "begin": 198,
            "id": "m1",
            "end": 208,
            "type": "Metric",
            "text": "robustness"
        },
        {
            "begin": 212,
            "id": "m2",
            "end": 223,
            "type": "OtherScientificTerm",
            "text": "speech cues"
        },
        {
            "begin": 271,
            "id": "m3",
            "end": 276,
            "type": "OtherScientificTerm",
            "text": "noise"
        },
        {
            "begin": 281,
            "id": "m4",
            "end": 294,
            "type": "OtherScientificTerm",
            "text": "reverberation"
        },
        {
            "begin": 298,
            "id": "m5",
            "end": 319,
            "type": "Task",
            "text": "depression prediction"
        },
        {
            "begin": 341,
            "id": "m6",
            "end": 391,
            "type": "Method",
            "text": "mel-frequency cepstral coefficients-LRB-MFCCs-RRB-"
        },
        {
            "begin": 403,
            "id": "m7",
            "end": 411,
            "type": "Generic",
            "text": "features"
        },
        {
            "begin": 425,
            "id": "m8",
            "end": 441,
            "type": "Metric",
            "text": "noise robustness"
        },
        {
            "begin": 443,
            "id": "m9",
            "end": 497,
            "type": "Method",
            "text": "damped oscillator cepstral coefficients-LRB-DOCCs-RRB-"
        },
        {
            "begin": 523,
            "id": "m10",
            "end": 578,
            "type": "Material",
            "text": "AudioVisual Emotion Recognition Challenge-LRB-AVEC-RRB-"
        },
        {
            "begin": 594,
            "id": "m11",
            "end": 608,
            "type": "OtherScientificTerm",
            "text": "additive noise"
        },
        {
            "begin": 613,
            "id": "m12",
            "end": 626,
            "type": "OtherScientificTerm",
            "text": "reverberation"
        },
        {
            "begin": 680,
            "id": "m13",
            "end": 698,
            "type": "Metric",
            "text": "evaluation metrics"
        },
        {
            "begin": 778,
            "id": "m14",
            "end": 791,
            "type": "Method",
            "text": "MFCC features"
        },
        {
            "begin": 847,
            "id": "m15",
            "end": 852,
            "type": "OtherScientificTerm",
            "text": "noise"
        },
        {
            "begin": 857,
            "id": "m16",
            "end": 870,
            "type": "OtherScientificTerm",
            "text": "reverberation"
        },
        {
            "begin": 872,
            "id": "m17",
            "end": 885,
            "type": "Method",
            "text": "DOCC features"
        },
        {
            "begin": 925,
            "id": "m18",
            "end": 959,
            "type": "OtherScientificTerm",
            "text": "higher-order cepstral coefficients"
        },
        {
            "begin": 992,
            "id": "m19",
            "end": 1018,
            "type": "Method",
            "text": "artificial neural networks"
        },
        {
            "begin": 1038,
            "id": "m20",
            "end": 1063,
            "type": "Method",
            "text": "support vector regression"
        },
        {
            "begin": 1073,
            "id": "m21",
            "end": 1091,
            "type": "Material",
            "text": "spontaneous speech"
        },
        {
            "begin": 1132,
            "id": "m22",
            "end": 1143,
            "type": "Material",
            "text": "read speech"
        },
        {
            "begin": 1156,
            "id": "m23",
            "end": 1206,
            "type": "OtherScientificTerm",
            "text": "cross-corpus-LRB-and cross-language-RRB-experiment"
        },
        {
            "begin": 1222,
            "id": "m24",
            "end": 1256,
            "type": "Metric",
            "text": "noise and reverberation robustness"
        },
        {
            "begin": 1261,
            "id": "m25",
            "end": 1266,
            "type": "Method",
            "text": "DOCCs"
        },
        {
            "begin": 1276,
            "id": "m26",
            "end": 1281,
            "type": "Method",
            "text": "MFCCs"
        },
        {
            "begin": 1322,
            "id": "m27",
            "end": 1360,
            "type": "Task",
            "text": "real-world robust depression detection"
        }
    ],
    "relations": [
        {
            "args": [
                "m2",
                "m1"
            ],
            "type": "FEATURE-OF",
            "id": "r0"
        },
        {
            "args": [
                "m3",
                "m4"
            ],
            "type": "CONJUNCTION",
            "id": "r1"
        },
        {
            "args": [
                "m3",
                "m5"
            ],
            "type": "FEATURE-OF",
            "id": "r2"
        },
        {
            "args": [
                "m4",
                "m5"
            ],
            "type": "FEATURE-OF",
            "id": "r3"
        },
        {
            "args": [
                "m6",
                "m5"
            ],
            "type": "USED-FOR",
            "id": "r4"
        },
        {
            "args": [
                "m6",
                "m7"
            ],
            "type": "CONJUNCTION",
            "id": "r5"
        },
        {
            "args": [
                "m7",
                "m8"
            ],
            "type": "USED-FOR",
            "id": "r6"
        },
        {
            "args": [
                "m7",
                "m9"
            ],
            "type": "CONJUNCTION",
            "id": "r7"
        },
        {
            "args": [
                "m11",
                "m12"
            ],
            "type": "CONJUNCTION",
            "id": "r8"
        },
        {
            "args": [
                "m15",
                "m16"
            ],
            "type": "CONJUNCTION",
            "id": "r9"
        },
        {
            "args": [
                "m17",
                "m14"
            ],
            "type": "COMPARE",
            "id": "r10"
        },
        {
            "args": [
                "m19",
                "m20"
            ],
            "type": "COMPARE",
            "id": "r11"
        },
        {
            "args": [
                "m21",
                "m22"
            ],
            "type": "COMPARE",
            "id": "r12"
        },
        {
            "args": [
                "m23",
                "m25"
            ],
            "type": "EVALUATE-FOR",
            "id": "r13"
        },
        {
            "args": [
                "m23",
                "m26"
            ],
            "type": "EVALUATE-FOR",
            "id": "r14"
        },
        {
            "args": [
                "m24",
                "m25"
            ],
            "type": "EVALUATE-FOR",
            "id": "r15"
        },
        {
            "args": [
                "m24",
                "m26"
            ],
            "type": "EVALUATE-FOR",
            "id": "r16"
        },
        {
            "args": [
                "m25",
                "m26"
            ],
            "type": "COMPARE",
            "id": "r17"
        }
    ],
    "sentences": [
        {
            "begin": 0,
            "text": "Speech-based depression detection has gained importance in recent years, but most research has used relatively quiet conditions or examined a single corpus per study.",
            "end": 166,
            "tokens": [
                {
                    "begin": 0,
                    "text": "Speech-based",
                    "end": 12,
                    "id": "s0-t0"
                },
                {
                    "begin": 13,
                    "text": "depression",
                    "end": 23,
                    "id": "s0-t1"
                },
                {
                    "begin": 24,
                    "text": "detection",
                    "end": 33,
                    "id": "s0-t2"
                },
                {
                    "begin": 34,
                    "text": "has",
                    "end": 37,
                    "id": "s0-t3"
                },
                {
                    "begin": 38,
                    "text": "gained",
                    "end": 44,
                    "id": "s0-t4"
                },
                {
                    "begin": 45,
                    "text": "importance",
                    "end": 55,
                    "id": "s0-t5"
                },
                {
                    "begin": 56,
                    "text": "in",
                    "end": 58,
                    "id": "s0-t6"
                },
                {
                    "begin": 59,
                    "text": "recent",
                    "end": 65,
                    "id": "s0-t7"
                },
                {
                    "begin": 66,
                    "text": "years",
                    "end": 71,
                    "id": "s0-t8"
                },
                {
                    "begin": 71,
                    "text": ",",
                    "end": 72,
                    "id": "s0-t9"
                },
                {
                    "begin": 73,
                    "text": "but",
                    "end": 76,
                    "id": "s0-t10"
                },
                {
                    "begin": 77,
                    "text": "most",
                    "end": 81,
                    "id": "s0-t11"
                },
                {
                    "begin": 82,
                    "text": "research",
                    "end": 90,
                    "id": "s0-t12"
                },
                {
                    "begin": 91,
                    "text": "has",
                    "end": 94,
                    "id": "s0-t13"
                },
                {
                    "begin": 95,
                    "text": "used",
                    "end": 99,
                    "id": "s0-t14"
                },
                {
                    "begin": 100,
                    "text": "relatively",
                    "end": 110,
                    "id": "s0-t15"
                },
                {
                    "begin": 111,
                    "text": "quiet",
                    "end": 116,
                    "id": "s0-t16"
                },
                {
                    "begin": 117,
                    "text": "conditions",
                    "end": 127,
                    "id": "s0-t17"
                },
                {
                    "begin": 128,
                    "text": "or",
                    "end": 130,
                    "id": "s0-t18"
                },
                {
                    "begin": 131,
                    "text": "examined",
                    "end": 139,
                    "id": "s0-t19"
                },
                {
                    "begin": 140,
                    "text": "a",
                    "end": 141,
                    "id": "s0-t20"
                },
                {
                    "begin": 142,
                    "text": "single",
                    "end": 148,
                    "id": "s0-t21"
                },
                {
                    "begin": 149,
                    "text": "corpus",
                    "end": 155,
                    "id": "s0-t22"
                },
                {
                    "begin": 156,
                    "text": "per",
                    "end": 159,
                    "id": "s0-t23"
                },
                {
                    "begin": 160,
                    "text": "study",
                    "end": 165,
                    "id": "s0-t24"
                },
                {
                    "begin": 165,
                    "text": ".",
                    "end": 166,
                    "id": "s0-t25"
                }
            ],
            "id": "s0"
        },
        {
            "begin": 166,
            "text": " Little is thus known about the robustness of speech cues in the wild.",
            "end": 236,
            "tokens": [
                {
                    "begin": 167,
                    "text": "Little",
                    "end": 173,
                    "id": "s1-t0"
                },
                {
                    "begin": 174,
                    "text": "is",
                    "end": 176,
                    "id": "s1-t1"
                },
                {
                    "begin": 177,
                    "text": "thus",
                    "end": 181,
                    "id": "s1-t2"
                },
                {
                    "begin": 182,
                    "text": "known",
                    "end": 187,
                    "id": "s1-t3"
                },
                {
                    "begin": 188,
                    "text": "about",
                    "end": 193,
                    "id": "s1-t4"
                },
                {
                    "begin": 194,
                    "text": "the",
                    "end": 197,
                    "id": "s1-t5"
                },
                {
                    "begin": 198,
                    "text": "robustness",
                    "end": 208,
                    "id": "s1-t6"
                },
                {
                    "begin": 209,
                    "text": "of",
                    "end": 211,
                    "id": "s1-t7"
                },
                {
                    "begin": 212,
                    "text": "speech",
                    "end": 218,
                    "id": "s1-t8"
                },
                {
                    "begin": 219,
                    "text": "cues",
                    "end": 223,
                    "id": "s1-t9"
                },
                {
                    "begin": 224,
                    "text": "in",
                    "end": 226,
                    "id": "s1-t10"
                },
                {
                    "begin": 227,
                    "text": "the",
                    "end": 230,
                    "id": "s1-t11"
                },
                {
                    "begin": 231,
                    "text": "wild",
                    "end": 235,
                    "id": "s1-t12"
                },
                {
                    "begin": 235,
                    "text": ".",
                    "end": 236,
                    "id": "s1-t13"
                }
            ],
            "id": "s1"
        },
        {
            "begin": 236,
            "text": " This study compares the effect of noise and reverberation on depression prediction using 1-RRB-standard mel-frequency cepstral coefficients-LRB-MFCCs-RRB-, and 2-RRB-features designed for noise robustness, damped oscillator cepstral coefficients-LRB-DOCCs-RRB-.",
            "end": 498,
            "tokens": [
                {
                    "begin": 237,
                    "text": "This",
                    "end": 241,
                    "id": "s2-t0"
                },
                {
                    "begin": 242,
                    "text": "study",
                    "end": 247,
                    "id": "s2-t1"
                },
                {
                    "begin": 248,
                    "text": "compares",
                    "end": 256,
                    "id": "s2-t2"
                },
                {
                    "begin": 257,
                    "text": "the",
                    "end": 260,
                    "id": "s2-t3"
                },
                {
                    "begin": 261,
                    "text": "effect",
                    "end": 267,
                    "id": "s2-t4"
                },
                {
                    "begin": 268,
                    "text": "of",
                    "end": 270,
                    "id": "s2-t5"
                },
                {
                    "begin": 271,
                    "text": "noise",
                    "end": 276,
                    "id": "s2-t6"
                },
                {
                    "begin": 277,
                    "text": "and",
                    "end": 280,
                    "id": "s2-t7"
                },
                {
                    "begin": 281,
                    "text": "reverberation",
                    "end": 294,
                    "id": "s2-t8"
                },
                {
                    "begin": 295,
                    "text": "on",
                    "end": 297,
                    "id": "s2-t9"
                },
                {
                    "begin": 298,
                    "text": "depression",
                    "end": 308,
                    "id": "s2-t10"
                },
                {
                    "begin": 309,
                    "text": "prediction",
                    "end": 319,
                    "id": "s2-t11"
                },
                {
                    "begin": 320,
                    "text": "using",
                    "end": 325,
                    "id": "s2-t12"
                },
                {
                    "begin": 326,
                    "text": "1",
                    "end": 327,
                    "id": "s2-t13"
                },
                {
                    "begin": 327,
                    "text": "-RRB-",
                    "end": 332,
                    "id": "s2-t14"
                },
                {
                    "begin": 332,
                    "text": "standard",
                    "end": 340,
                    "id": "s2-t15"
                },
                {
                    "begin": 341,
                    "text": "mel-frequency",
                    "end": 354,
                    "id": "s2-t16"
                },
                {
                    "begin": 355,
                    "text": "cepstral",
                    "end": 363,
                    "id": "s2-t17"
                },
                {
                    "begin": 364,
                    "text": "coefficients",
                    "end": 376,
                    "id": "s2-t18"
                },
                {
                    "begin": 376,
                    "text": "-LRB-",
                    "end": 381,
                    "id": "s2-t19"
                },
                {
                    "begin": 381,
                    "text": "MFCCs",
                    "end": 386,
                    "id": "s2-t20"
                },
                {
                    "begin": 386,
                    "text": "-RRB-",
                    "end": 391,
                    "id": "s2-t21"
                },
                {
                    "begin": 391,
                    "text": ",",
                    "end": 392,
                    "id": "s2-t22"
                },
                {
                    "begin": 393,
                    "text": "and",
                    "end": 396,
                    "id": "s2-t23"
                },
                {
                    "begin": 397,
                    "text": "2",
                    "end": 398,
                    "id": "s2-t24"
                },
                {
                    "begin": 398,
                    "text": "-RRB-",
                    "end": 403,
                    "id": "s2-t25"
                },
                {
                    "begin": 403,
                    "text": "features",
                    "end": 411,
                    "id": "s2-t26"
                },
                {
                    "begin": 412,
                    "text": "designed",
                    "end": 420,
                    "id": "s2-t27"
                },
                {
                    "begin": 421,
                    "text": "for",
                    "end": 424,
                    "id": "s2-t28"
                },
                {
                    "begin": 425,
                    "text": "noise",
                    "end": 430,
                    "id": "s2-t29"
                },
                {
                    "begin": 431,
                    "text": "robustness",
                    "end": 441,
                    "id": "s2-t30"
                },
                {
                    "begin": 441,
                    "text": ",",
                    "end": 442,
                    "id": "s2-t31"
                },
                {
                    "begin": 443,
                    "text": "damped",
                    "end": 449,
                    "id": "s2-t32"
                },
                {
                    "begin": 450,
                    "text": "oscillator",
                    "end": 460,
                    "id": "s2-t33"
                },
                {
                    "begin": 461,
                    "text": "cepstral",
                    "end": 469,
                    "id": "s2-t34"
                },
                {
                    "begin": 470,
                    "text": "coefficients",
                    "end": 482,
                    "id": "s2-t35"
                },
                {
                    "begin": 482,
                    "text": "-LRB-",
                    "end": 487,
                    "id": "s2-t36"
                },
                {
                    "begin": 487,
                    "text": "DOCCs",
                    "end": 492,
                    "id": "s2-t37"
                },
                {
                    "begin": 492,
                    "text": "-RRB-",
                    "end": 497,
                    "id": "s2-t38"
                },
                {
                    "begin": 497,
                    "text": ".",
                    "end": 498,
                    "id": "s2-t39"
                }
            ],
            "id": "s2"
        },
        {
            "begin": 498,
            "text": " Data come from the 2014 AudioVisual Emotion Recognition Challenge-LRB-AVEC-RRB-.",
            "end": 579,
            "tokens": [
                {
                    "begin": 499,
                    "text": "Data",
                    "end": 503,
                    "id": "s3-t0"
                },
                {
                    "begin": 504,
                    "text": "come",
                    "end": 508,
                    "id": "s3-t1"
                },
                {
                    "begin": 509,
                    "text": "from",
                    "end": 513,
                    "id": "s3-t2"
                },
                {
                    "begin": 514,
                    "text": "the",
                    "end": 517,
                    "id": "s3-t3"
                },
                {
                    "begin": 518,
                    "text": "2014",
                    "end": 522,
                    "id": "s3-t4"
                },
                {
                    "begin": 523,
                    "text": "AudioVisual",
                    "end": 534,
                    "id": "s3-t5"
                },
                {
                    "begin": 535,
                    "text": "Emotion",
                    "end": 542,
                    "id": "s3-t6"
                },
                {
                    "begin": 543,
                    "text": "Recognition",
                    "end": 554,
                    "id": "s3-t7"
                },
                {
                    "begin": 555,
                    "text": "Challenge",
                    "end": 564,
                    "id": "s3-t8"
                },
                {
                    "begin": 564,
                    "text": "-LRB-",
                    "end": 569,
                    "id": "s3-t9"
                },
                {
                    "begin": 569,
                    "text": "AVEC",
                    "end": 573,
                    "id": "s3-t10"
                },
                {
                    "begin": 573,
                    "text": "-RRB-",
                    "end": 578,
                    "id": "s3-t11"
                },
                {
                    "begin": 578,
                    "text": ".",
                    "end": 579,
                    "id": "s3-t12"
                }
            ],
            "id": "s3"
        },
        {
            "begin": 579,
            "text": " Results using additive noise and reverberation reveal a consistent pattern of findings for multiple evaluation metrics under both matched and mismatched conditions.",
            "end": 744,
            "tokens": [
                {
                    "begin": 580,
                    "text": "Results",
                    "end": 587,
                    "id": "s4-t0"
                },
                {
                    "begin": 588,
                    "text": "using",
                    "end": 593,
                    "id": "s4-t1"
                },
                {
                    "begin": 594,
                    "text": "additive",
                    "end": 602,
                    "id": "s4-t2"
                },
                {
                    "begin": 603,
                    "text": "noise",
                    "end": 608,
                    "id": "s4-t3"
                },
                {
                    "begin": 609,
                    "text": "and",
                    "end": 612,
                    "id": "s4-t4"
                },
                {
                    "begin": 613,
                    "text": "reverberation",
                    "end": 626,
                    "id": "s4-t5"
                },
                {
                    "begin": 627,
                    "text": "reveal",
                    "end": 633,
                    "id": "s4-t6"
                },
                {
                    "begin": 634,
                    "text": "a",
                    "end": 635,
                    "id": "s4-t7"
                },
                {
                    "begin": 636,
                    "text": "consistent",
                    "end": 646,
                    "id": "s4-t8"
                },
                {
                    "begin": 647,
                    "text": "pattern",
                    "end": 654,
                    "id": "s4-t9"
                },
                {
                    "begin": 655,
                    "text": "of",
                    "end": 657,
                    "id": "s4-t10"
                },
                {
                    "begin": 658,
                    "text": "findings",
                    "end": 666,
                    "id": "s4-t11"
                },
                {
                    "begin": 667,
                    "text": "for",
                    "end": 670,
                    "id": "s4-t12"
                },
                {
                    "begin": 671,
                    "text": "multiple",
                    "end": 679,
                    "id": "s4-t13"
                },
                {
                    "begin": 680,
                    "text": "evaluation",
                    "end": 690,
                    "id": "s4-t14"
                },
                {
                    "begin": 691,
                    "text": "metrics",
                    "end": 698,
                    "id": "s4-t15"
                },
                {
                    "begin": 699,
                    "text": "under",
                    "end": 704,
                    "id": "s4-t16"
                },
                {
                    "begin": 705,
                    "text": "both",
                    "end": 709,
                    "id": "s4-t17"
                },
                {
                    "begin": 710,
                    "text": "matched",
                    "end": 717,
                    "id": "s4-t18"
                },
                {
                    "begin": 718,
                    "text": "and",
                    "end": 721,
                    "id": "s4-t19"
                },
                {
                    "begin": 722,
                    "text": "mismatched",
                    "end": 732,
                    "id": "s4-t20"
                },
                {
                    "begin": 733,
                    "text": "conditions",
                    "end": 743,
                    "id": "s4-t21"
                },
                {
                    "begin": 743,
                    "text": ".",
                    "end": 744,
                    "id": "s4-t22"
                }
            ],
            "id": "s4"
        },
        {
            "begin": 744,
            "text": " First and most notably: standard MFCC features suffer dramatically under test/train mismatch for both noise and reverberation; DOCC features are far more robust.",
            "end": 906,
            "tokens": [
                {
                    "begin": 745,
                    "text": "First",
                    "end": 750,
                    "id": "s5-t0"
                },
                {
                    "begin": 751,
                    "text": "and",
                    "end": 754,
                    "id": "s5-t1"
                },
                {
                    "begin": 755,
                    "text": "most",
                    "end": 759,
                    "id": "s5-t2"
                },
                {
                    "begin": 760,
                    "text": "notably",
                    "end": 767,
                    "id": "s5-t3"
                },
                {
                    "begin": 767,
                    "text": ":",
                    "end": 768,
                    "id": "s5-t4"
                },
                {
                    "begin": 769,
                    "text": "standard",
                    "end": 777,
                    "id": "s5-t5"
                },
                {
                    "begin": 778,
                    "text": "MFCC",
                    "end": 782,
                    "id": "s5-t6"
                },
                {
                    "begin": 783,
                    "text": "features",
                    "end": 791,
                    "id": "s5-t7"
                },
                {
                    "begin": 792,
                    "text": "suffer",
                    "end": 798,
                    "id": "s5-t8"
                },
                {
                    "begin": 799,
                    "text": "dramatically",
                    "end": 811,
                    "id": "s5-t9"
                },
                {
                    "begin": 812,
                    "text": "under",
                    "end": 817,
                    "id": "s5-t10"
                },
                {
                    "begin": 818,
                    "text": "test/train",
                    "end": 828,
                    "id": "s5-t11"
                },
                {
                    "begin": 829,
                    "text": "mismatch",
                    "end": 837,
                    "id": "s5-t12"
                },
                {
                    "begin": 838,
                    "text": "for",
                    "end": 841,
                    "id": "s5-t13"
                },
                {
                    "begin": 842,
                    "text": "both",
                    "end": 846,
                    "id": "s5-t14"
                },
                {
                    "begin": 847,
                    "text": "noise",
                    "end": 852,
                    "id": "s5-t15"
                },
                {
                    "begin": 853,
                    "text": "and",
                    "end": 856,
                    "id": "s5-t16"
                },
                {
                    "begin": 857,
                    "text": "reverberation",
                    "end": 870,
                    "id": "s5-t17"
                },
                {
                    "begin": 870,
                    "text": ";",
                    "end": 871,
                    "id": "s5-t18"
                },
                {
                    "begin": 872,
                    "text": "DOCC",
                    "end": 876,
                    "id": "s5-t19"
                },
                {
                    "begin": 877,
                    "text": "features",
                    "end": 885,
                    "id": "s5-t20"
                },
                {
                    "begin": 886,
                    "text": "are",
                    "end": 889,
                    "id": "s5-t21"
                },
                {
                    "begin": 890,
                    "text": "far",
                    "end": 893,
                    "id": "s5-t22"
                },
                {
                    "begin": 894,
                    "text": "more",
                    "end": 898,
                    "id": "s5-t23"
                },
                {
                    "begin": 899,
                    "text": "robust",
                    "end": 905,
                    "id": "s5-t24"
                },
                {
                    "begin": 905,
                    "text": ".",
                    "end": 906,
                    "id": "s5-t25"
                }
            ],
            "id": "s5"
        },
        {
            "begin": 906,
            "text": " Second, including higher-order cepstral coefficients is generally beneficial.",
            "end": 984,
            "tokens": [
                {
                    "begin": 907,
                    "text": "Second",
                    "end": 913,
                    "id": "s6-t0"
                },
                {
                    "begin": 913,
                    "text": ",",
                    "end": 914,
                    "id": "s6-t1"
                },
                {
                    "begin": 915,
                    "text": "including",
                    "end": 924,
                    "id": "s6-t2"
                },
                {
                    "begin": 925,
                    "text": "higher-order",
                    "end": 937,
                    "id": "s6-t3"
                },
                {
                    "begin": 938,
                    "text": "cepstral",
                    "end": 946,
                    "id": "s6-t4"
                },
                {
                    "begin": 947,
                    "text": "coefficients",
                    "end": 959,
                    "id": "s6-t5"
                },
                {
                    "begin": 960,
                    "text": "is",
                    "end": 962,
                    "id": "s6-t6"
                },
                {
                    "begin": 963,
                    "text": "generally",
                    "end": 972,
                    "id": "s6-t7"
                },
                {
                    "begin": 973,
                    "text": "beneficial",
                    "end": 983,
                    "id": "s6-t8"
                },
                {
                    "begin": 983,
                    "text": ".",
                    "end": 984,
                    "id": "s6-t9"
                }
            ],
            "id": "s6"
        },
        {
            "begin": 984,
            "text": " Third, artificial neural networks tend to outperform support vector regression.",
            "end": 1064,
            "tokens": [
                {
                    "begin": 985,
                    "text": "Third",
                    "end": 990,
                    "id": "s7-t0"
                },
                {
                    "begin": 990,
                    "text": ",",
                    "end": 991,
                    "id": "s7-t1"
                },
                {
                    "begin": 992,
                    "text": "artificial",
                    "end": 1002,
                    "id": "s7-t2"
                },
                {
                    "begin": 1003,
                    "text": "neural",
                    "end": 1009,
                    "id": "s7-t3"
                },
                {
                    "begin": 1010,
                    "text": "networks",
                    "end": 1018,
                    "id": "s7-t4"
                },
                {
                    "begin": 1019,
                    "text": "tend",
                    "end": 1023,
                    "id": "s7-t5"
                },
                {
                    "begin": 1024,
                    "text": "to",
                    "end": 1026,
                    "id": "s7-t6"
                },
                {
                    "begin": 1027,
                    "text": "outperform",
                    "end": 1037,
                    "id": "s7-t7"
                },
                {
                    "begin": 1038,
                    "text": "support",
                    "end": 1045,
                    "id": "s7-t8"
                },
                {
                    "begin": 1046,
                    "text": "vector",
                    "end": 1052,
                    "id": "s7-t9"
                },
                {
                    "begin": 1053,
                    "text": "regression",
                    "end": 1063,
                    "id": "s7-t10"
                },
                {
                    "begin": 1063,
                    "text": ".",
                    "end": 1064,
                    "id": "s7-t11"
                }
            ],
            "id": "s7"
        },
        {
            "begin": 1064,
            "text": " Fourth, spontaneous speech appears to offer better robustness than read speech.",
            "end": 1144,
            "tokens": [
                {
                    "begin": 1065,
                    "text": "Fourth",
                    "end": 1071,
                    "id": "s8-t0"
                },
                {
                    "begin": 1071,
                    "text": ",",
                    "end": 1072,
                    "id": "s8-t1"
                },
                {
                    "begin": 1073,
                    "text": "spontaneous",
                    "end": 1084,
                    "id": "s8-t2"
                },
                {
                    "begin": 1085,
                    "text": "speech",
                    "end": 1091,
                    "id": "s8-t3"
                },
                {
                    "begin": 1092,
                    "text": "appears",
                    "end": 1099,
                    "id": "s8-t4"
                },
                {
                    "begin": 1100,
                    "text": "to",
                    "end": 1102,
                    "id": "s8-t5"
                },
                {
                    "begin": 1103,
                    "text": "offer",
                    "end": 1108,
                    "id": "s8-t6"
                },
                {
                    "begin": 1109,
                    "text": "better",
                    "end": 1115,
                    "id": "s8-t7"
                },
                {
                    "begin": 1116,
                    "text": "robustness",
                    "end": 1126,
                    "id": "s8-t8"
                },
                {
                    "begin": 1127,
                    "text": "than",
                    "end": 1131,
                    "id": "s8-t9"
                },
                {
                    "begin": 1132,
                    "text": "read",
                    "end": 1136,
                    "id": "s8-t10"
                },
                {
                    "begin": 1137,
                    "text": "speech",
                    "end": 1143,
                    "id": "s8-t11"
                },
                {
                    "begin": 1143,
                    "text": ".",
                    "end": 1144,
                    "id": "s8-t12"
                }
            ],
            "id": "s8"
        },
        {
            "begin": 1144,
            "text": " Finally, a cross-corpus-LRB-and cross-language-RRB-experiment reveals better noise and reverberation robustness for DOCCs than for MFCCs.",
            "end": 1282,
            "tokens": [
                {
                    "begin": 1145,
                    "text": "Finally",
                    "end": 1152,
                    "id": "s9-t0"
                },
                {
                    "begin": 1152,
                    "text": ",",
                    "end": 1153,
                    "id": "s9-t1"
                },
                {
                    "begin": 1154,
                    "text": "a",
                    "end": 1155,
                    "id": "s9-t2"
                },
                {
                    "begin": 1156,
                    "text": "cross-corpus",
                    "end": 1168,
                    "id": "s9-t3"
                },
                {
                    "begin": 1168,
                    "text": "-LRB-",
                    "end": 1173,
                    "id": "s9-t4"
                },
                {
                    "begin": 1173,
                    "text": "and",
                    "end": 1176,
                    "id": "s9-t5"
                },
                {
                    "begin": 1177,
                    "text": "cross-language",
                    "end": 1191,
                    "id": "s9-t6"
                },
                {
                    "begin": 1191,
                    "text": "-RRB-",
                    "end": 1196,
                    "id": "s9-t7"
                },
                {
                    "begin": 1196,
                    "text": "experiment",
                    "end": 1206,
                    "id": "s9-t8"
                },
                {
                    "begin": 1207,
                    "text": "reveals",
                    "end": 1214,
                    "id": "s9-t9"
                },
                {
                    "begin": 1215,
                    "text": "better",
                    "end": 1221,
                    "id": "s9-t10"
                },
                {
                    "begin": 1222,
                    "text": "noise",
                    "end": 1227,
                    "id": "s9-t11"
                },
                {
                    "begin": 1228,
                    "text": "and",
                    "end": 1231,
                    "id": "s9-t12"
                },
                {
                    "begin": 1232,
                    "text": "reverberation",
                    "end": 1245,
                    "id": "s9-t13"
                },
                {
                    "begin": 1246,
                    "text": "robustness",
                    "end": 1256,
                    "id": "s9-t14"
                },
                {
                    "begin": 1257,
                    "text": "for",
                    "end": 1260,
                    "id": "s9-t15"
                },
                {
                    "begin": 1261,
                    "text": "DOCCs",
                    "end": 1266,
                    "id": "s9-t16"
                },
                {
                    "begin": 1267,
                    "text": "than",
                    "end": 1271,
                    "id": "s9-t17"
                },
                {
                    "begin": 1272,
                    "text": "for",
                    "end": 1275,
                    "id": "s9-t18"
                },
                {
                    "begin": 1276,
                    "text": "MFCCs",
                    "end": 1281,
                    "id": "s9-t19"
                },
                {
                    "begin": 1281,
                    "text": ".",
                    "end": 1282,
                    "id": "s9-t20"
                }
            ],
            "id": "s9"
        },
        {
            "begin": 1282,
            "text": " Implications and future directions for real-world robust depression detection are discussed.",
            "end": 1375,
            "tokens": [
                {
                    "begin": 1283,
                    "text": "Implications",
                    "end": 1295,
                    "id": "s10-t0"
                },
                {
                    "begin": 1296,
                    "text": "and",
                    "end": 1299,
                    "id": "s10-t1"
                },
                {
                    "begin": 1300,
                    "text": "future",
                    "end": 1306,
                    "id": "s10-t2"
                },
                {
                    "begin": 1307,
                    "text": "directions",
                    "end": 1317,
                    "id": "s10-t3"
                },
                {
                    "begin": 1318,
                    "text": "for",
                    "end": 1321,
                    "id": "s10-t4"
                },
                {
                    "begin": 1322,
                    "text": "real-world",
                    "end": 1332,
                    "id": "s10-t5"
                },
                {
                    "begin": 1333,
                    "text": "robust",
                    "end": 1339,
                    "id": "s10-t6"
                },
                {
                    "begin": 1340,
                    "text": "depression",
                    "end": 1350,
                    "id": "s10-t7"
                },
                {
                    "begin": 1351,
                    "text": "detection",
                    "end": 1360,
                    "id": "s10-t8"
                },
                {
                    "begin": 1361,
                    "text": "are",
                    "end": 1364,
                    "id": "s10-t9"
                },
                {
                    "begin": 1365,
                    "text": "discussed",
                    "end": 1374,
                    "id": "s10-t10"
                },
                {
                    "begin": 1374,
                    "text": ".",
                    "end": 1375,
                    "id": "s10-t11"
                }
            ],
            "id": "s10"
        }
    ],
    "text": "Speech-based depression detection has gained importance in recent years, but most research has used relatively quiet conditions or examined a single corpus per study. Little is thus known about the robustness of speech cues in the wild. This study compares the effect of noise and reverberation on depression prediction using 1-RRB-standard mel-frequency cepstral coefficients-LRB-MFCCs-RRB-, and 2-RRB-features designed for noise robustness, damped oscillator cepstral coefficients-LRB-DOCCs-RRB-. Data come from the 2014 AudioVisual Emotion Recognition Challenge-LRB-AVEC-RRB-. Results using additive noise and reverberation reveal a consistent pattern of findings for multiple evaluation metrics under both matched and mismatched conditions. First and most notably: standard MFCC features suffer dramatically under test/train mismatch for both noise and reverberation; DOCC features are far more robust. Second, including higher-order cepstral coefficients is generally beneficial. Third, artificial neural networks tend to outperform support vector regression. Fourth, spontaneous speech appears to offer better robustness than read speech. Finally, a cross-corpus-LRB-and cross-language-RRB-experiment reveals better noise and reverberation robustness for DOCCs than for MFCCs. Implications and future directions for real-world robust depression detection are discussed.",
    "id": "0fcf0a09-2dc9-4b60-9ad9-339f30ab434a"
}