{
    "mentions": [
        {
            "begin": 43,
            "id": "m0",
            "end": 69,
            "type": "Task",
            "text": "human-machine interactions"
        },
        {
            "begin": 75,
            "id": "m1",
            "end": 103,
            "type": "OtherScientificTerm",
            "text": "natural language environment"
        },
        {
            "begin": 444,
            "id": "m2",
            "end": 462,
            "type": "OtherScientificTerm",
            "text": "reference failures"
        },
        {
            "begin": 492,
            "id": "m3",
            "end": 511,
            "type": "OtherScientificTerm",
            "text": "speaker's intention"
        },
        {
            "begin": 545,
            "id": "m4",
            "end": 561,
            "type": "Task",
            "text": "miscommunication"
        },
        {
            "begin": 669,
            "id": "m5",
            "end": 686,
            "type": "Task",
            "text": "miscommunications"
        },
        {
            "begin": 702,
            "id": "m6",
            "end": 706,
            "type": "Generic",
            "text": "them"
        },
        {
            "begin": 752,
            "id": "m7",
            "end": 768,
            "type": "Task",
            "text": "miscommunication"
        },
        {
            "begin": 770,
            "id": "m8",
            "end": 788,
            "type": "Task",
            "text": "reference problems"
        },
        {
            "begin": 821,
            "id": "m9",
            "end": 831,
            "type": "Generic",
            "text": "techniques"
        },
        {
            "begin": 845,
            "id": "m10",
            "end": 866,
            "type": "Task",
            "text": "failures of reference"
        },
        {
            "begin": 1103,
            "id": "m11",
            "end": 1124,
            "type": "Task",
            "text": "extensional reference"
        }
    ],
    "relations": [
        {
            "args": [
                "m1",
                "m0"
            ],
            "type": "FEATURE-OF",
            "id": "r0"
        },
        {
            "args": [
                "m8",
                "m7"
            ],
            "type": "HYPONYM-OF",
            "id": "r1"
        },
        {
            "args": [
                "m9",
                "m10"
            ],
            "type": "USED-FOR",
            "id": "r2"
        }
    ],
    "sentences": [
        {
            "begin": 0,
            "text": "The goal of this work is the enrichment of human-machine interactions in a natural language environment.",
            "end": 104,
            "tokens": [
                {
                    "begin": 0,
                    "text": "The",
                    "end": 3,
                    "id": "s0-t0"
                },
                {
                    "begin": 4,
                    "text": "goal",
                    "end": 8,
                    "id": "s0-t1"
                },
                {
                    "begin": 9,
                    "text": "of",
                    "end": 11,
                    "id": "s0-t2"
                },
                {
                    "begin": 12,
                    "text": "this",
                    "end": 16,
                    "id": "s0-t3"
                },
                {
                    "begin": 17,
                    "text": "work",
                    "end": 21,
                    "id": "s0-t4"
                },
                {
                    "begin": 22,
                    "text": "is",
                    "end": 24,
                    "id": "s0-t5"
                },
                {
                    "begin": 25,
                    "text": "the",
                    "end": 28,
                    "id": "s0-t6"
                },
                {
                    "begin": 29,
                    "text": "enrichment",
                    "end": 39,
                    "id": "s0-t7"
                },
                {
                    "begin": 40,
                    "text": "of",
                    "end": 42,
                    "id": "s0-t8"
                },
                {
                    "begin": 43,
                    "text": "human-machine",
                    "end": 56,
                    "id": "s0-t9"
                },
                {
                    "begin": 57,
                    "text": "interactions",
                    "end": 69,
                    "id": "s0-t10"
                },
                {
                    "begin": 70,
                    "text": "in",
                    "end": 72,
                    "id": "s0-t11"
                },
                {
                    "begin": 73,
                    "text": "a",
                    "end": 74,
                    "id": "s0-t12"
                },
                {
                    "begin": 75,
                    "text": "natural",
                    "end": 82,
                    "id": "s0-t13"
                },
                {
                    "begin": 83,
                    "text": "language",
                    "end": 91,
                    "id": "s0-t14"
                },
                {
                    "begin": 92,
                    "text": "environment",
                    "end": 103,
                    "id": "s0-t15"
                },
                {
                    "begin": 103,
                    "text": ".",
                    "end": 104,
                    "id": "s0-t16"
                }
            ],
            "id": "s0"
        },
        {
            "begin": 104,
            "text": " Because a speaker and listener can not be assured to have the same beliefs, contexts, perceptions, backgrounds, or goals, at each point in a conversation, difficulties and mistakes arise when a listener interprets a speaker's utterance.",
            "end": 341,
            "tokens": [
                {
                    "begin": 105,
                    "text": "Because",
                    "end": 112,
                    "id": "s1-t0"
                },
                {
                    "begin": 113,
                    "text": "a",
                    "end": 114,
                    "id": "s1-t1"
                },
                {
                    "begin": 115,
                    "text": "speaker",
                    "end": 122,
                    "id": "s1-t2"
                },
                {
                    "begin": 123,
                    "text": "and",
                    "end": 126,
                    "id": "s1-t3"
                },
                {
                    "begin": 127,
                    "text": "listener",
                    "end": 135,
                    "id": "s1-t4"
                },
                {
                    "begin": 136,
                    "text": "can",
                    "end": 139,
                    "id": "s1-t5"
                },
                {
                    "begin": 140,
                    "text": "not",
                    "end": 143,
                    "id": "s1-t6"
                },
                {
                    "begin": 144,
                    "text": "be",
                    "end": 146,
                    "id": "s1-t7"
                },
                {
                    "begin": 147,
                    "text": "assured",
                    "end": 154,
                    "id": "s1-t8"
                },
                {
                    "begin": 155,
                    "text": "to",
                    "end": 157,
                    "id": "s1-t9"
                },
                {
                    "begin": 158,
                    "text": "have",
                    "end": 162,
                    "id": "s1-t10"
                },
                {
                    "begin": 163,
                    "text": "the",
                    "end": 166,
                    "id": "s1-t11"
                },
                {
                    "begin": 167,
                    "text": "same",
                    "end": 171,
                    "id": "s1-t12"
                },
                {
                    "begin": 172,
                    "text": "beliefs",
                    "end": 179,
                    "id": "s1-t13"
                },
                {
                    "begin": 179,
                    "text": ",",
                    "end": 180,
                    "id": "s1-t14"
                },
                {
                    "begin": 181,
                    "text": "contexts",
                    "end": 189,
                    "id": "s1-t15"
                },
                {
                    "begin": 189,
                    "text": ",",
                    "end": 190,
                    "id": "s1-t16"
                },
                {
                    "begin": 191,
                    "text": "perceptions",
                    "end": 202,
                    "id": "s1-t17"
                },
                {
                    "begin": 202,
                    "text": ",",
                    "end": 203,
                    "id": "s1-t18"
                },
                {
                    "begin": 204,
                    "text": "backgrounds",
                    "end": 215,
                    "id": "s1-t19"
                },
                {
                    "begin": 215,
                    "text": ",",
                    "end": 216,
                    "id": "s1-t20"
                },
                {
                    "begin": 217,
                    "text": "or",
                    "end": 219,
                    "id": "s1-t21"
                },
                {
                    "begin": 220,
                    "text": "goals",
                    "end": 225,
                    "id": "s1-t22"
                },
                {
                    "begin": 225,
                    "text": ",",
                    "end": 226,
                    "id": "s1-t23"
                },
                {
                    "begin": 227,
                    "text": "at",
                    "end": 229,
                    "id": "s1-t24"
                },
                {
                    "begin": 230,
                    "text": "each",
                    "end": 234,
                    "id": "s1-t25"
                },
                {
                    "begin": 235,
                    "text": "point",
                    "end": 240,
                    "id": "s1-t26"
                },
                {
                    "begin": 241,
                    "text": "in",
                    "end": 243,
                    "id": "s1-t27"
                },
                {
                    "begin": 244,
                    "text": "a",
                    "end": 245,
                    "id": "s1-t28"
                },
                {
                    "begin": 246,
                    "text": "conversation",
                    "end": 258,
                    "id": "s1-t29"
                },
                {
                    "begin": 258,
                    "text": ",",
                    "end": 259,
                    "id": "s1-t30"
                },
                {
                    "begin": 260,
                    "text": "difficulties",
                    "end": 272,
                    "id": "s1-t31"
                },
                {
                    "begin": 273,
                    "text": "and",
                    "end": 276,
                    "id": "s1-t32"
                },
                {
                    "begin": 277,
                    "text": "mistakes",
                    "end": 285,
                    "id": "s1-t33"
                },
                {
                    "begin": 286,
                    "text": "arise",
                    "end": 291,
                    "id": "s1-t34"
                },
                {
                    "begin": 292,
                    "text": "when",
                    "end": 296,
                    "id": "s1-t35"
                },
                {
                    "begin": 297,
                    "text": "a",
                    "end": 298,
                    "id": "s1-t36"
                },
                {
                    "begin": 299,
                    "text": "listener",
                    "end": 307,
                    "id": "s1-t37"
                },
                {
                    "begin": 308,
                    "text": "interprets",
                    "end": 318,
                    "id": "s1-t38"
                },
                {
                    "begin": 319,
                    "text": "a",
                    "end": 320,
                    "id": "s1-t39"
                },
                {
                    "begin": 321,
                    "text": "speaker",
                    "end": 328,
                    "id": "s1-t40"
                },
                {
                    "begin": 328,
                    "text": "'s",
                    "end": 330,
                    "id": "s1-t41"
                },
                {
                    "begin": 331,
                    "text": "utterance",
                    "end": 340,
                    "id": "s1-t42"
                },
                {
                    "begin": 340,
                    "text": ".",
                    "end": 341,
                    "id": "s1-t43"
                }
            ],
            "id": "s1"
        },
        {
            "begin": 341,
            "text": " These mistakes can lead to various kinds of misunderstandings between speaker and listener, including reference failures or failure to understand the speaker's intention.",
            "end": 512,
            "tokens": [
                {
                    "begin": 342,
                    "text": "These",
                    "end": 347,
                    "id": "s2-t0"
                },
                {
                    "begin": 348,
                    "text": "mistakes",
                    "end": 356,
                    "id": "s2-t1"
                },
                {
                    "begin": 357,
                    "text": "can",
                    "end": 360,
                    "id": "s2-t2"
                },
                {
                    "begin": 361,
                    "text": "lead",
                    "end": 365,
                    "id": "s2-t3"
                },
                {
                    "begin": 366,
                    "text": "to",
                    "end": 368,
                    "id": "s2-t4"
                },
                {
                    "begin": 369,
                    "text": "various",
                    "end": 376,
                    "id": "s2-t5"
                },
                {
                    "begin": 377,
                    "text": "kinds",
                    "end": 382,
                    "id": "s2-t6"
                },
                {
                    "begin": 383,
                    "text": "of",
                    "end": 385,
                    "id": "s2-t7"
                },
                {
                    "begin": 386,
                    "text": "misunderstandings",
                    "end": 403,
                    "id": "s2-t8"
                },
                {
                    "begin": 404,
                    "text": "between",
                    "end": 411,
                    "id": "s2-t9"
                },
                {
                    "begin": 412,
                    "text": "speaker",
                    "end": 419,
                    "id": "s2-t10"
                },
                {
                    "begin": 420,
                    "text": "and",
                    "end": 423,
                    "id": "s2-t11"
                },
                {
                    "begin": 424,
                    "text": "listener",
                    "end": 432,
                    "id": "s2-t12"
                },
                {
                    "begin": 432,
                    "text": ",",
                    "end": 433,
                    "id": "s2-t13"
                },
                {
                    "begin": 434,
                    "text": "including",
                    "end": 443,
                    "id": "s2-t14"
                },
                {
                    "begin": 444,
                    "text": "reference",
                    "end": 453,
                    "id": "s2-t15"
                },
                {
                    "begin": 454,
                    "text": "failures",
                    "end": 462,
                    "id": "s2-t16"
                },
                {
                    "begin": 463,
                    "text": "or",
                    "end": 465,
                    "id": "s2-t17"
                },
                {
                    "begin": 466,
                    "text": "failure",
                    "end": 473,
                    "id": "s2-t18"
                },
                {
                    "begin": 474,
                    "text": "to",
                    "end": 476,
                    "id": "s2-t19"
                },
                {
                    "begin": 477,
                    "text": "understand",
                    "end": 487,
                    "id": "s2-t20"
                },
                {
                    "begin": 488,
                    "text": "the",
                    "end": 491,
                    "id": "s2-t21"
                },
                {
                    "begin": 492,
                    "text": "speaker",
                    "end": 499,
                    "id": "s2-t22"
                },
                {
                    "begin": 499,
                    "text": "'s",
                    "end": 501,
                    "id": "s2-t23"
                },
                {
                    "begin": 502,
                    "text": "intention",
                    "end": 511,
                    "id": "s2-t24"
                },
                {
                    "begin": 511,
                    "text": ".",
                    "end": 512,
                    "id": "s2-t25"
                }
            ],
            "id": "s2"
        },
        {
            "begin": 512,
            "text": " We call these misunderstandings miscommunication.",
            "end": 562,
            "tokens": [
                {
                    "begin": 513,
                    "text": "We",
                    "end": 515,
                    "id": "s3-t0"
                },
                {
                    "begin": 516,
                    "text": "call",
                    "end": 520,
                    "id": "s3-t1"
                },
                {
                    "begin": 521,
                    "text": "these",
                    "end": 526,
                    "id": "s3-t2"
                },
                {
                    "begin": 527,
                    "text": "misunderstandings",
                    "end": 544,
                    "id": "s3-t3"
                },
                {
                    "begin": 545,
                    "text": "miscommunication",
                    "end": 561,
                    "id": "s3-t4"
                },
                {
                    "begin": 561,
                    "text": ".",
                    "end": 562,
                    "id": "s3-t5"
                }
            ],
            "id": "s3"
        },
        {
            "begin": 562,
            "text": " Such mistakes can slow, and possibly break down, communication.",
            "end": 626,
            "tokens": [
                {
                    "begin": 563,
                    "text": "Such",
                    "end": 567,
                    "id": "s4-t0"
                },
                {
                    "begin": 568,
                    "text": "mistakes",
                    "end": 576,
                    "id": "s4-t1"
                },
                {
                    "begin": 577,
                    "text": "can",
                    "end": 580,
                    "id": "s4-t2"
                },
                {
                    "begin": 581,
                    "text": "slow",
                    "end": 585,
                    "id": "s4-t3"
                },
                {
                    "begin": 585,
                    "text": ",",
                    "end": 586,
                    "id": "s4-t4"
                },
                {
                    "begin": 587,
                    "text": "and",
                    "end": 590,
                    "id": "s4-t5"
                },
                {
                    "begin": 591,
                    "text": "possibly",
                    "end": 599,
                    "id": "s4-t6"
                },
                {
                    "begin": 600,
                    "text": "break",
                    "end": 605,
                    "id": "s4-t7"
                },
                {
                    "begin": 606,
                    "text": "down",
                    "end": 610,
                    "id": "s4-t8"
                },
                {
                    "begin": 610,
                    "text": ",",
                    "end": 611,
                    "id": "s4-t9"
                },
                {
                    "begin": 612,
                    "text": "communication",
                    "end": 625,
                    "id": "s4-t10"
                },
                {
                    "begin": 625,
                    "text": ".",
                    "end": 626,
                    "id": "s4-t11"
                }
            ],
            "id": "s4"
        },
        {
            "begin": 626,
            "text": " Our goal is to recognize and isolate such miscommunications and circumvent them.",
            "end": 707,
            "tokens": [
                {
                    "begin": 627,
                    "text": "Our",
                    "end": 630,
                    "id": "s5-t0"
                },
                {
                    "begin": 631,
                    "text": "goal",
                    "end": 635,
                    "id": "s5-t1"
                },
                {
                    "begin": 636,
                    "text": "is",
                    "end": 638,
                    "id": "s5-t2"
                },
                {
                    "begin": 639,
                    "text": "to",
                    "end": 641,
                    "id": "s5-t3"
                },
                {
                    "begin": 642,
                    "text": "recognize",
                    "end": 651,
                    "id": "s5-t4"
                },
                {
                    "begin": 652,
                    "text": "and",
                    "end": 655,
                    "id": "s5-t5"
                },
                {
                    "begin": 656,
                    "text": "isolate",
                    "end": 663,
                    "id": "s5-t6"
                },
                {
                    "begin": 664,
                    "text": "such",
                    "end": 668,
                    "id": "s5-t7"
                },
                {
                    "begin": 669,
                    "text": "miscommunications",
                    "end": 686,
                    "id": "s5-t8"
                },
                {
                    "begin": 687,
                    "text": "and",
                    "end": 690,
                    "id": "s5-t9"
                },
                {
                    "begin": 691,
                    "text": "circumvent",
                    "end": 701,
                    "id": "s5-t10"
                },
                {
                    "begin": 702,
                    "text": "them",
                    "end": 706,
                    "id": "s5-t11"
                },
                {
                    "begin": 706,
                    "text": ".",
                    "end": 707,
                    "id": "s5-t12"
                }
            ],
            "id": "s5"
        },
        {
            "begin": 707,
            "text": " This paper highlights a particular class of miscommunication--reference problems--by describing a case study and techniques for avoiding failures of reference.",
            "end": 867,
            "tokens": [
                {
                    "begin": 708,
                    "text": "This",
                    "end": 712,
                    "id": "s6-t0"
                },
                {
                    "begin": 713,
                    "text": "paper",
                    "end": 718,
                    "id": "s6-t1"
                },
                {
                    "begin": 719,
                    "text": "highlights",
                    "end": 729,
                    "id": "s6-t2"
                },
                {
                    "begin": 730,
                    "text": "a",
                    "end": 731,
                    "id": "s6-t3"
                },
                {
                    "begin": 732,
                    "text": "particular",
                    "end": 742,
                    "id": "s6-t4"
                },
                {
                    "begin": 743,
                    "text": "class",
                    "end": 748,
                    "id": "s6-t5"
                },
                {
                    "begin": 749,
                    "text": "of",
                    "end": 751,
                    "id": "s6-t6"
                },
                {
                    "begin": 752,
                    "text": "miscommunication",
                    "end": 768,
                    "id": "s6-t7"
                },
                {
                    "begin": 768,
                    "text": "--",
                    "end": 770,
                    "id": "s6-t8"
                },
                {
                    "begin": 770,
                    "text": "reference",
                    "end": 779,
                    "id": "s6-t9"
                },
                {
                    "begin": 780,
                    "text": "problems",
                    "end": 788,
                    "id": "s6-t10"
                },
                {
                    "begin": 788,
                    "text": "--",
                    "end": 790,
                    "id": "s6-t11"
                },
                {
                    "begin": 790,
                    "text": "by",
                    "end": 792,
                    "id": "s6-t12"
                },
                {
                    "begin": 793,
                    "text": "describing",
                    "end": 803,
                    "id": "s6-t13"
                },
                {
                    "begin": 804,
                    "text": "a",
                    "end": 805,
                    "id": "s6-t14"
                },
                {
                    "begin": 806,
                    "text": "case",
                    "end": 810,
                    "id": "s6-t15"
                },
                {
                    "begin": 811,
                    "text": "study",
                    "end": 816,
                    "id": "s6-t16"
                },
                {
                    "begin": 817,
                    "text": "and",
                    "end": 820,
                    "id": "s6-t17"
                },
                {
                    "begin": 821,
                    "text": "techniques",
                    "end": 831,
                    "id": "s6-t18"
                },
                {
                    "begin": 832,
                    "text": "for",
                    "end": 835,
                    "id": "s6-t19"
                },
                {
                    "begin": 836,
                    "text": "avoiding",
                    "end": 844,
                    "id": "s6-t20"
                },
                {
                    "begin": 845,
                    "text": "failures",
                    "end": 853,
                    "id": "s6-t21"
                },
                {
                    "begin": 854,
                    "text": "of",
                    "end": 856,
                    "id": "s6-t22"
                },
                {
                    "begin": 857,
                    "text": "reference",
                    "end": 866,
                    "id": "s6-t23"
                },
                {
                    "begin": 866,
                    "text": ".",
                    "end": 867,
                    "id": "s6-t24"
                }
            ],
            "id": "s6"
        },
        {
            "begin": 867,
            "text": " We want to illustrate a framework less restrictive than earlier ones by allowing a speaker leeway in forming an utterance about a task and in determining the conversational vehicle to deliver it.",
            "end": 1063,
            "tokens": [
                {
                    "begin": 868,
                    "text": "We",
                    "end": 870,
                    "id": "s7-t0"
                },
                {
                    "begin": 871,
                    "text": "want",
                    "end": 875,
                    "id": "s7-t1"
                },
                {
                    "begin": 876,
                    "text": "to",
                    "end": 878,
                    "id": "s7-t2"
                },
                {
                    "begin": 879,
                    "text": "illustrate",
                    "end": 889,
                    "id": "s7-t3"
                },
                {
                    "begin": 890,
                    "text": "a",
                    "end": 891,
                    "id": "s7-t4"
                },
                {
                    "begin": 892,
                    "text": "framework",
                    "end": 901,
                    "id": "s7-t5"
                },
                {
                    "begin": 902,
                    "text": "less",
                    "end": 906,
                    "id": "s7-t6"
                },
                {
                    "begin": 907,
                    "text": "restrictive",
                    "end": 918,
                    "id": "s7-t7"
                },
                {
                    "begin": 919,
                    "text": "than",
                    "end": 923,
                    "id": "s7-t8"
                },
                {
                    "begin": 924,
                    "text": "earlier",
                    "end": 931,
                    "id": "s7-t9"
                },
                {
                    "begin": 932,
                    "text": "ones",
                    "end": 936,
                    "id": "s7-t10"
                },
                {
                    "begin": 937,
                    "text": "by",
                    "end": 939,
                    "id": "s7-t11"
                },
                {
                    "begin": 940,
                    "text": "allowing",
                    "end": 948,
                    "id": "s7-t12"
                },
                {
                    "begin": 949,
                    "text": "a",
                    "end": 950,
                    "id": "s7-t13"
                },
                {
                    "begin": 951,
                    "text": "speaker",
                    "end": 958,
                    "id": "s7-t14"
                },
                {
                    "begin": 959,
                    "text": "leeway",
                    "end": 965,
                    "id": "s7-t15"
                },
                {
                    "begin": 966,
                    "text": "in",
                    "end": 968,
                    "id": "s7-t16"
                },
                {
                    "begin": 969,
                    "text": "forming",
                    "end": 976,
                    "id": "s7-t17"
                },
                {
                    "begin": 977,
                    "text": "an",
                    "end": 979,
                    "id": "s7-t18"
                },
                {
                    "begin": 980,
                    "text": "utterance",
                    "end": 989,
                    "id": "s7-t19"
                },
                {
                    "begin": 990,
                    "text": "about",
                    "end": 995,
                    "id": "s7-t20"
                },
                {
                    "begin": 996,
                    "text": "a",
                    "end": 997,
                    "id": "s7-t21"
                },
                {
                    "begin": 998,
                    "text": "task",
                    "end": 1002,
                    "id": "s7-t22"
                },
                {
                    "begin": 1003,
                    "text": "and",
                    "end": 1006,
                    "id": "s7-t23"
                },
                {
                    "begin": 1007,
                    "text": "in",
                    "end": 1009,
                    "id": "s7-t24"
                },
                {
                    "begin": 1010,
                    "text": "determining",
                    "end": 1021,
                    "id": "s7-t25"
                },
                {
                    "begin": 1022,
                    "text": "the",
                    "end": 1025,
                    "id": "s7-t26"
                },
                {
                    "begin": 1026,
                    "text": "conversational",
                    "end": 1040,
                    "id": "s7-t27"
                },
                {
                    "begin": 1041,
                    "text": "vehicle",
                    "end": 1048,
                    "id": "s7-t28"
                },
                {
                    "begin": 1049,
                    "text": "to",
                    "end": 1051,
                    "id": "s7-t29"
                },
                {
                    "begin": 1052,
                    "text": "deliver",
                    "end": 1059,
                    "id": "s7-t30"
                },
                {
                    "begin": 1060,
                    "text": "it",
                    "end": 1062,
                    "id": "s7-t31"
                },
                {
                    "begin": 1062,
                    "text": ".",
                    "end": 1063,
                    "id": "s7-t32"
                }
            ],
            "id": "s7"
        },
        {
            "begin": 1063,
            "text": " The paper also promotes a new view for extensional reference.",
            "end": 1125,
            "tokens": [
                {
                    "begin": 1064,
                    "text": "The",
                    "end": 1067,
                    "id": "s8-t0"
                },
                {
                    "begin": 1068,
                    "text": "paper",
                    "end": 1073,
                    "id": "s8-t1"
                },
                {
                    "begin": 1074,
                    "text": "also",
                    "end": 1078,
                    "id": "s8-t2"
                },
                {
                    "begin": 1079,
                    "text": "promotes",
                    "end": 1087,
                    "id": "s8-t3"
                },
                {
                    "begin": 1088,
                    "text": "a",
                    "end": 1089,
                    "id": "s8-t4"
                },
                {
                    "begin": 1090,
                    "text": "new",
                    "end": 1093,
                    "id": "s8-t5"
                },
                {
                    "begin": 1094,
                    "text": "view",
                    "end": 1098,
                    "id": "s8-t6"
                },
                {
                    "begin": 1099,
                    "text": "for",
                    "end": 1102,
                    "id": "s8-t7"
                },
                {
                    "begin": 1103,
                    "text": "extensional",
                    "end": 1114,
                    "id": "s8-t8"
                },
                {
                    "begin": 1115,
                    "text": "reference",
                    "end": 1124,
                    "id": "s8-t9"
                },
                {
                    "begin": 1124,
                    "text": ".",
                    "end": 1125,
                    "id": "s8-t10"
                }
            ],
            "id": "s8"
        }
    ],
    "text": "The goal of this work is the enrichment of human-machine interactions in a natural language environment. Because a speaker and listener can not be assured to have the same beliefs, contexts, perceptions, backgrounds, or goals, at each point in a conversation, difficulties and mistakes arise when a listener interprets a speaker's utterance. These mistakes can lead to various kinds of misunderstandings between speaker and listener, including reference failures or failure to understand the speaker's intention. We call these misunderstandings miscommunication. Such mistakes can slow, and possibly break down, communication. Our goal is to recognize and isolate such miscommunications and circumvent them. This paper highlights a particular class of miscommunication--reference problems--by describing a case study and techniques for avoiding failures of reference. We want to illustrate a framework less restrictive than earlier ones by allowing a speaker leeway in forming an utterance about a task and in determining the conversational vehicle to deliver it. The paper also promotes a new view for extensional reference.",
    "id": "498235d1-80b1-4b15-9b77-38d126cb01a4"
}