{
    "mentions": [
        {
            "begin": 22,
            "id": "m0",
            "end": 28,
            "type": "Generic",
            "text": "method"
        },
        {
            "begin": 42,
            "id": "m1",
            "end": 78,
            "type": "OtherScientificTerm",
            "text": "joint embed-dings of images and text"
        },
        {
            "begin": 87,
            "id": "m2",
            "end": 112,
            "type": "Method",
            "text": "two-branch neural network"
        },
        {
            "begin": 118,
            "id": "m3",
            "end": 155,
            "type": "OtherScientificTerm",
            "text": "multiple layers of linear projections"
        },
        {
            "begin": 168,
            "id": "m4",
            "end": 182,
            "type": "OtherScientificTerm",
            "text": "nonlinearities"
        },
        {
            "begin": 188,
            "id": "m5",
            "end": 195,
            "type": "Generic",
            "text": "network"
        },
        {
            "begin": 215,
            "id": "m6",
            "end": 237,
            "type": "OtherScientificTerm",
            "text": "large-margin objective"
        },
        {
            "begin": 252,
            "id": "m7",
            "end": 282,
            "type": "OtherScientificTerm",
            "text": "cross-view ranking constraints"
        },
        {
            "begin": 288,
            "id": "m8",
            "end": 347,
            "type": "OtherScientificTerm",
            "text": "within-view neighborhood structure preservation constraints"
        },
        {
            "begin": 360,
            "id": "m9",
            "end": 386,
            "type": "OtherScientificTerm",
            "text": "metric learning literature"
        },
        {
            "begin": 424,
            "id": "m10",
            "end": 432,
            "type": "Generic",
            "text": "approach"
        },
        {
            "begin": 467,
            "id": "m11",
            "end": 475,
            "type": "Metric",
            "text": "accuracy"
        },
        {
            "begin": 480,
            "id": "m12",
            "end": 521,
            "type": "Task",
            "text": "image-to-text and text-to-image retrieval"
        },
        {
            "begin": 527,
            "id": "m13",
            "end": 533,
            "type": "Generic",
            "text": "method"
        },
        {
            "begin": 579,
            "id": "m14",
            "end": 623,
            "type": "Material",
            "text": "Flickr30K and MSCOCO image-sentence datasets"
        },
        {
            "begin": 661,
            "id": "m15",
            "end": 681,
            "type": "Task",
            "text": "phrase lo-calization"
        },
        {
            "begin": 689,
            "id": "m16",
            "end": 715,
            "type": "Material",
            "text": "Flickr30K Entities dataset"
        }
    ],
    "relations": [
        {
            "args": [
                "m0",
                "m1"
            ],
            "type": "USED-FOR",
            "id": "r0"
        },
        {
            "args": [
                "m2",
                "m0"
            ],
            "type": "USED-FOR",
            "id": "r1"
        },
        {
            "args": [
                "m3",
                "m2"
            ],
            "type": "PART-OF",
            "id": "r2"
        },
        {
            "args": [
                "m3",
                "m4"
            ],
            "type": "CONJUNCTION",
            "id": "r3"
        },
        {
            "args": [
                "m4",
                "m2"
            ],
            "type": "PART-OF",
            "id": "r4"
        },
        {
            "args": [
                "m6",
                "m5"
            ],
            "type": "USED-FOR",
            "id": "r5"
        },
        {
            "args": [
                "m7",
                "m6"
            ],
            "type": "FEATURE-OF",
            "id": "r6"
        },
        {
            "args": [
                "m7",
                "m8"
            ],
            "type": "CONJUNCTION",
            "id": "r7"
        },
        {
            "args": [
                "m8",
                "m6"
            ],
            "type": "FEATURE-OF",
            "id": "r8"
        },
        {
            "args": [
                "m11",
                "m10"
            ],
            "type": "EVALUATE-FOR",
            "id": "r9"
        },
        {
            "args": [
                "m12",
                "m10"
            ],
            "type": "EVALUATE-FOR",
            "id": "r10"
        },
        {
            "args": [
                "m14",
                "m13"
            ],
            "type": "EVALUATE-FOR",
            "id": "r11"
        },
        {
            "args": [
                "m15",
                "m13"
            ],
            "type": "EVALUATE-FOR",
            "id": "r12"
        },
        {
            "args": [
                "m16",
                "m15"
            ],
            "type": "USED-FOR",
            "id": "r13"
        }
    ],
    "sentences": [
        {
            "begin": 0,
            "text": "This paper proposes a method for learning joint embed-dings of images and text using a two-branch neural network with multiple layers of linear projections followed by nonlinearities.",
            "end": 183,
            "tokens": [
                {
                    "begin": 0,
                    "text": "This",
                    "end": 4,
                    "id": "s0-t0"
                },
                {
                    "begin": 5,
                    "text": "paper",
                    "end": 10,
                    "id": "s0-t1"
                },
                {
                    "begin": 11,
                    "text": "proposes",
                    "end": 19,
                    "id": "s0-t2"
                },
                {
                    "begin": 20,
                    "text": "a",
                    "end": 21,
                    "id": "s0-t3"
                },
                {
                    "begin": 22,
                    "text": "method",
                    "end": 28,
                    "id": "s0-t4"
                },
                {
                    "begin": 29,
                    "text": "for",
                    "end": 32,
                    "id": "s0-t5"
                },
                {
                    "begin": 33,
                    "text": "learning",
                    "end": 41,
                    "id": "s0-t6"
                },
                {
                    "begin": 42,
                    "text": "joint",
                    "end": 47,
                    "id": "s0-t7"
                },
                {
                    "begin": 48,
                    "text": "embed-dings",
                    "end": 59,
                    "id": "s0-t8"
                },
                {
                    "begin": 60,
                    "text": "of",
                    "end": 62,
                    "id": "s0-t9"
                },
                {
                    "begin": 63,
                    "text": "images",
                    "end": 69,
                    "id": "s0-t10"
                },
                {
                    "begin": 70,
                    "text": "and",
                    "end": 73,
                    "id": "s0-t11"
                },
                {
                    "begin": 74,
                    "text": "text",
                    "end": 78,
                    "id": "s0-t12"
                },
                {
                    "begin": 79,
                    "text": "using",
                    "end": 84,
                    "id": "s0-t13"
                },
                {
                    "begin": 85,
                    "text": "a",
                    "end": 86,
                    "id": "s0-t14"
                },
                {
                    "begin": 87,
                    "text": "two-branch",
                    "end": 97,
                    "id": "s0-t15"
                },
                {
                    "begin": 98,
                    "text": "neural",
                    "end": 104,
                    "id": "s0-t16"
                },
                {
                    "begin": 105,
                    "text": "network",
                    "end": 112,
                    "id": "s0-t17"
                },
                {
                    "begin": 113,
                    "text": "with",
                    "end": 117,
                    "id": "s0-t18"
                },
                {
                    "begin": 118,
                    "text": "multiple",
                    "end": 126,
                    "id": "s0-t19"
                },
                {
                    "begin": 127,
                    "text": "layers",
                    "end": 133,
                    "id": "s0-t20"
                },
                {
                    "begin": 134,
                    "text": "of",
                    "end": 136,
                    "id": "s0-t21"
                },
                {
                    "begin": 137,
                    "text": "linear",
                    "end": 143,
                    "id": "s0-t22"
                },
                {
                    "begin": 144,
                    "text": "projections",
                    "end": 155,
                    "id": "s0-t23"
                },
                {
                    "begin": 156,
                    "text": "followed",
                    "end": 164,
                    "id": "s0-t24"
                },
                {
                    "begin": 165,
                    "text": "by",
                    "end": 167,
                    "id": "s0-t25"
                },
                {
                    "begin": 168,
                    "text": "nonlinearities",
                    "end": 182,
                    "id": "s0-t26"
                },
                {
                    "begin": 182,
                    "text": ".",
                    "end": 183,
                    "id": "s0-t27"
                }
            ],
            "id": "s0"
        },
        {
            "begin": 183,
            "text": " The network is trained using a large-margin objective that combines cross-view ranking constraints with within-view neighborhood structure preservation constraints inspired by metric learning literature.",
            "end": 387,
            "tokens": [
                {
                    "begin": 184,
                    "text": "The",
                    "end": 187,
                    "id": "s1-t0"
                },
                {
                    "begin": 188,
                    "text": "network",
                    "end": 195,
                    "id": "s1-t1"
                },
                {
                    "begin": 196,
                    "text": "is",
                    "end": 198,
                    "id": "s1-t2"
                },
                {
                    "begin": 199,
                    "text": "trained",
                    "end": 206,
                    "id": "s1-t3"
                },
                {
                    "begin": 207,
                    "text": "using",
                    "end": 212,
                    "id": "s1-t4"
                },
                {
                    "begin": 213,
                    "text": "a",
                    "end": 214,
                    "id": "s1-t5"
                },
                {
                    "begin": 215,
                    "text": "large-margin",
                    "end": 227,
                    "id": "s1-t6"
                },
                {
                    "begin": 228,
                    "text": "objective",
                    "end": 237,
                    "id": "s1-t7"
                },
                {
                    "begin": 238,
                    "text": "that",
                    "end": 242,
                    "id": "s1-t8"
                },
                {
                    "begin": 243,
                    "text": "combines",
                    "end": 251,
                    "id": "s1-t9"
                },
                {
                    "begin": 252,
                    "text": "cross-view",
                    "end": 262,
                    "id": "s1-t10"
                },
                {
                    "begin": 263,
                    "text": "ranking",
                    "end": 270,
                    "id": "s1-t11"
                },
                {
                    "begin": 271,
                    "text": "constraints",
                    "end": 282,
                    "id": "s1-t12"
                },
                {
                    "begin": 283,
                    "text": "with",
                    "end": 287,
                    "id": "s1-t13"
                },
                {
                    "begin": 288,
                    "text": "within-view",
                    "end": 299,
                    "id": "s1-t14"
                },
                {
                    "begin": 300,
                    "text": "neighborhood",
                    "end": 312,
                    "id": "s1-t15"
                },
                {
                    "begin": 313,
                    "text": "structure",
                    "end": 322,
                    "id": "s1-t16"
                },
                {
                    "begin": 323,
                    "text": "preservation",
                    "end": 335,
                    "id": "s1-t17"
                },
                {
                    "begin": 336,
                    "text": "constraints",
                    "end": 347,
                    "id": "s1-t18"
                },
                {
                    "begin": 348,
                    "text": "inspired",
                    "end": 356,
                    "id": "s1-t19"
                },
                {
                    "begin": 357,
                    "text": "by",
                    "end": 359,
                    "id": "s1-t20"
                },
                {
                    "begin": 360,
                    "text": "metric",
                    "end": 366,
                    "id": "s1-t21"
                },
                {
                    "begin": 367,
                    "text": "learning",
                    "end": 375,
                    "id": "s1-t22"
                },
                {
                    "begin": 376,
                    "text": "literature",
                    "end": 386,
                    "id": "s1-t23"
                },
                {
                    "begin": 386,
                    "text": ".",
                    "end": 387,
                    "id": "s1-t24"
                }
            ],
            "id": "s1"
        },
        {
            "begin": 387,
            "text": " Extensive experiments show that our approach gains significant improvements in accuracy for image-to-text and text-to-image retrieval.",
            "end": 522,
            "tokens": [
                {
                    "begin": 388,
                    "text": "Extensive",
                    "end": 397,
                    "id": "s2-t0"
                },
                {
                    "begin": 398,
                    "text": "experiments",
                    "end": 409,
                    "id": "s2-t1"
                },
                {
                    "begin": 410,
                    "text": "show",
                    "end": 414,
                    "id": "s2-t2"
                },
                {
                    "begin": 415,
                    "text": "that",
                    "end": 419,
                    "id": "s2-t3"
                },
                {
                    "begin": 420,
                    "text": "our",
                    "end": 423,
                    "id": "s2-t4"
                },
                {
                    "begin": 424,
                    "text": "approach",
                    "end": 432,
                    "id": "s2-t5"
                },
                {
                    "begin": 433,
                    "text": "gains",
                    "end": 438,
                    "id": "s2-t6"
                },
                {
                    "begin": 439,
                    "text": "significant",
                    "end": 450,
                    "id": "s2-t7"
                },
                {
                    "begin": 451,
                    "text": "improvements",
                    "end": 463,
                    "id": "s2-t8"
                },
                {
                    "begin": 464,
                    "text": "in",
                    "end": 466,
                    "id": "s2-t9"
                },
                {
                    "begin": 467,
                    "text": "accuracy",
                    "end": 475,
                    "id": "s2-t10"
                },
                {
                    "begin": 476,
                    "text": "for",
                    "end": 479,
                    "id": "s2-t11"
                },
                {
                    "begin": 480,
                    "text": "image-to-text",
                    "end": 493,
                    "id": "s2-t12"
                },
                {
                    "begin": 494,
                    "text": "and",
                    "end": 497,
                    "id": "s2-t13"
                },
                {
                    "begin": 498,
                    "text": "text-to-image",
                    "end": 511,
                    "id": "s2-t14"
                },
                {
                    "begin": 512,
                    "text": "retrieval",
                    "end": 521,
                    "id": "s2-t15"
                },
                {
                    "begin": 521,
                    "text": ".",
                    "end": 522,
                    "id": "s2-t16"
                }
            ],
            "id": "s2"
        },
        {
            "begin": 522,
            "text": " Our method achieves new state-of-the-art results on the Flickr30K and MSCOCO image-sentence datasets and shows promise on the new task of phrase lo-calization on the Flickr30K Entities dataset.",
            "end": 716,
            "tokens": [
                {
                    "begin": 523,
                    "text": "Our",
                    "end": 526,
                    "id": "s3-t0"
                },
                {
                    "begin": 527,
                    "text": "method",
                    "end": 533,
                    "id": "s3-t1"
                },
                {
                    "begin": 534,
                    "text": "achieves",
                    "end": 542,
                    "id": "s3-t2"
                },
                {
                    "begin": 543,
                    "text": "new",
                    "end": 546,
                    "id": "s3-t3"
                },
                {
                    "begin": 547,
                    "text": "state-of-the-art",
                    "end": 563,
                    "id": "s3-t4"
                },
                {
                    "begin": 564,
                    "text": "results",
                    "end": 571,
                    "id": "s3-t5"
                },
                {
                    "begin": 572,
                    "text": "on",
                    "end": 574,
                    "id": "s3-t6"
                },
                {
                    "begin": 575,
                    "text": "the",
                    "end": 578,
                    "id": "s3-t7"
                },
                {
                    "begin": 579,
                    "text": "Flickr30K",
                    "end": 588,
                    "id": "s3-t8"
                },
                {
                    "begin": 589,
                    "text": "and",
                    "end": 592,
                    "id": "s3-t9"
                },
                {
                    "begin": 593,
                    "text": "MSCOCO",
                    "end": 599,
                    "id": "s3-t10"
                },
                {
                    "begin": 600,
                    "text": "image-sentence",
                    "end": 614,
                    "id": "s3-t11"
                },
                {
                    "begin": 615,
                    "text": "datasets",
                    "end": 623,
                    "id": "s3-t12"
                },
                {
                    "begin": 624,
                    "text": "and",
                    "end": 627,
                    "id": "s3-t13"
                },
                {
                    "begin": 628,
                    "text": "shows",
                    "end": 633,
                    "id": "s3-t14"
                },
                {
                    "begin": 634,
                    "text": "promise",
                    "end": 641,
                    "id": "s3-t15"
                },
                {
                    "begin": 642,
                    "text": "on",
                    "end": 644,
                    "id": "s3-t16"
                },
                {
                    "begin": 645,
                    "text": "the",
                    "end": 648,
                    "id": "s3-t17"
                },
                {
                    "begin": 649,
                    "text": "new",
                    "end": 652,
                    "id": "s3-t18"
                },
                {
                    "begin": 653,
                    "text": "task",
                    "end": 657,
                    "id": "s3-t19"
                },
                {
                    "begin": 658,
                    "text": "of",
                    "end": 660,
                    "id": "s3-t20"
                },
                {
                    "begin": 661,
                    "text": "phrase",
                    "end": 667,
                    "id": "s3-t21"
                },
                {
                    "begin": 668,
                    "text": "lo-calization",
                    "end": 681,
                    "id": "s3-t22"
                },
                {
                    "begin": 682,
                    "text": "on",
                    "end": 684,
                    "id": "s3-t23"
                },
                {
                    "begin": 685,
                    "text": "the",
                    "end": 688,
                    "id": "s3-t24"
                },
                {
                    "begin": 689,
                    "text": "Flickr30K",
                    "end": 698,
                    "id": "s3-t25"
                },
                {
                    "begin": 699,
                    "text": "Entities",
                    "end": 707,
                    "id": "s3-t26"
                },
                {
                    "begin": 708,
                    "text": "dataset",
                    "end": 715,
                    "id": "s3-t27"
                },
                {
                    "begin": 715,
                    "text": ".",
                    "end": 716,
                    "id": "s3-t28"
                }
            ],
            "id": "s3"
        }
    ],
    "text": "This paper proposes a method for learning joint embed-dings of images and text using a two-branch neural network with multiple layers of linear projections followed by nonlinearities. The network is trained using a large-margin objective that combines cross-view ranking constraints with within-view neighborhood structure preservation constraints inspired by metric learning literature. Extensive experiments show that our approach gains significant improvements in accuracy for image-to-text and text-to-image retrieval. Our method achieves new state-of-the-art results on the Flickr30K and MSCOCO image-sentence datasets and shows promise on the new task of phrase lo-calization on the Flickr30K Entities dataset.",
    "id": "a85b0e1f-49e0-4032-a306-90b2390ac0d8"
}