{
    "mentions": [
        {
            "begin": 19,
            "id": "m0",
            "end": 42,
            "type": "Method",
            "text": "probabilistic framework"
        },
        {
            "begin": 56,
            "id": "m1",
            "end": 93,
            "type": "Task",
            "text": "visual models of 3D object categories"
        },
        {
            "begin": 107,
            "id": "m2",
            "end": 129,
            "type": "OtherScientificTerm",
            "text": "appearance information"
        },
        {
            "begin": 134,
            "id": "m3",
            "end": 155,
            "type": "OtherScientificTerm",
            "text": "geometric constraints"
        },
        {
            "begin": 239,
            "id": "m4",
            "end": 267,
            "type": "OtherScientificTerm",
            "text": "3D viewpoint transformations"
        },
        {
            "begin": 298,
            "id": "m5",
            "end": 320,
            "type": "OtherScientificTerm",
            "text": "salient image features"
        },
        {
            "begin": 324,
            "id": "m6",
            "end": 344,
            "type": "Method",
            "text": "generative framework"
        },
        {
            "begin": 368,
            "id": "m7",
            "end": 373,
            "type": "Generic",
            "text": "model"
        },
        {
            "begin": 438,
            "id": "m8",
            "end": 460,
            "type": "OtherScientificTerm",
            "text": "discretized viewpoints"
        },
        {
            "begin": 495,
            "id": "m9",
            "end": 523,
            "type": "Method",
            "text": "mixture of viewpoints models"
        },
        {
            "begin": 529,
            "id": "m10",
            "end": 534,
            "type": "Generic",
            "text": "model"
        },
        {
            "begin": 598,
            "id": "m11",
            "end": 608,
            "type": "OtherScientificTerm",
            "text": "viewpoints"
        },
        {
            "begin": 642,
            "id": "m12",
            "end": 647,
            "type": "Material",
            "text": "image"
        },
        {
            "begin": 649,
            "id": "m13",
            "end": 658,
            "type": "Task",
            "text": "detection"
        },
        {
            "begin": 663,
            "id": "m14",
            "end": 677,
            "type": "Task",
            "text": "classification"
        },
        {
            "begin": 710,
            "id": "m15",
            "end": 718,
            "type": "OtherScientificTerm",
            "text": "position"
        },
        {
            "begin": 723,
            "id": "m16",
            "end": 732,
            "type": "OtherScientificTerm",
            "text": "viewpoint"
        },
        {
            "begin": 760,
            "id": "m17",
            "end": 778,
            "type": "Metric",
            "text": "recognition scores"
        },
        {
            "begin": 809,
            "id": "m18",
            "end": 817,
            "type": "Generic",
            "text": "approach"
        },
        {
            "begin": 850,
            "id": "m19",
            "end": 885,
            "type": "Method",
            "text": "generative proba-bilistic framework"
        },
        {
            "begin": 890,
            "id": "m20",
            "end": 914,
            "type": "Task",
            "text": "3D object categorization"
        },
        {
            "begin": 928,
            "id": "m21",
            "end": 937,
            "type": "Generic",
            "text": "algorithm"
        },
        {
            "begin": 945,
            "id": "m22",
            "end": 959,
            "type": "Task",
            "text": "detection task"
        },
        {
            "begin": 968,
            "id": "m23",
            "end": 997,
            "type": "Task",
            "text": "viewpoint classification task"
        },
        {
            "begin": 1063,
            "id": "m24",
            "end": 1087,
            "type": "Material",
            "text": "PASCAL VOC 2006 datasets"
        },
        {
            "begin": 1127,
            "id": "m25",
            "end": 1171,
            "type": "Task",
            "text": "detection and viewpoint classification tasks"
        },
        {
            "begin": 1197,
            "id": "m26",
            "end": 1205,
            "type": "Generic",
            "text": "datasets"
        }
    ],
    "relations": [
        {
            "args": [
                "m0",
                "m1"
            ],
            "type": "USED-FOR",
            "id": "r0"
        },
        {
            "args": [
                "m2",
                "m0"
            ],
            "type": "USED-FOR",
            "id": "r1"
        },
        {
            "args": [
                "m2",
                "m3"
            ],
            "type": "CONJUNCTION",
            "id": "r2"
        },
        {
            "args": [
                "m3",
                "m0"
            ],
            "type": "USED-FOR",
            "id": "r3"
        },
        {
            "args": [
                "m6",
                "m7"
            ],
            "type": "USED-FOR",
            "id": "r4"
        },
        {
            "args": [
                "m10",
                "m9"
            ],
            "type": "COMPARE",
            "id": "r5"
        },
        {
            "args": [
                "m12",
                "m13"
            ],
            "type": "USED-FOR",
            "id": "r6"
        },
        {
            "args": [
                "m12",
                "m14"
            ],
            "type": "USED-FOR",
            "id": "r7"
        },
        {
            "args": [
                "m13",
                "m14"
            ],
            "type": "CONJUNCTION",
            "id": "r8"
        },
        {
            "args": [
                "m15",
                "m13"
            ],
            "type": "USED-FOR",
            "id": "r9"
        },
        {
            "args": [
                "m15",
                "m14"
            ],
            "type": "USED-FOR",
            "id": "r10"
        },
        {
            "args": [
                "m15",
                "m16"
            ],
            "type": "CONJUNCTION",
            "id": "r11"
        },
        {
            "args": [
                "m16",
                "m13"
            ],
            "type": "USED-FOR",
            "id": "r12"
        },
        {
            "args": [
                "m16",
                "m14"
            ],
            "type": "USED-FOR",
            "id": "r13"
        },
        {
            "args": [
                "m19",
                "m20"
            ],
            "type": "USED-FOR",
            "id": "r14"
        },
        {
            "args": [
                "m21",
                "m22"
            ],
            "type": "USED-FOR",
            "id": "r15"
        },
        {
            "args": [
                "m21",
                "m23"
            ],
            "type": "USED-FOR",
            "id": "r16"
        },
        {
            "args": [
                "m22",
                "m23"
            ],
            "type": "CONJUNCTION",
            "id": "r17"
        },
        {
            "args": [
                "m24",
                "m21"
            ],
            "type": "EVALUATE-FOR",
            "id": "r18"
        },
        {
            "args": [
                "m26",
                "m25"
            ],
            "type": "EVALUATE-FOR",
            "id": "r19"
        }
    ],
    "sentences": [
        {
            "begin": 0,
            "text": "We propose a novel probabilistic framework for learning visual models of 3D object categories by combining appearance information and geometric constraints.",
            "end": 156,
            "tokens": [
                {
                    "begin": 0,
                    "text": "We",
                    "end": 2,
                    "id": "s0-t0"
                },
                {
                    "begin": 3,
                    "text": "propose",
                    "end": 10,
                    "id": "s0-t1"
                },
                {
                    "begin": 11,
                    "text": "a",
                    "end": 12,
                    "id": "s0-t2"
                },
                {
                    "begin": 13,
                    "text": "novel",
                    "end": 18,
                    "id": "s0-t3"
                },
                {
                    "begin": 19,
                    "text": "probabilistic",
                    "end": 32,
                    "id": "s0-t4"
                },
                {
                    "begin": 33,
                    "text": "framework",
                    "end": 42,
                    "id": "s0-t5"
                },
                {
                    "begin": 43,
                    "text": "for",
                    "end": 46,
                    "id": "s0-t6"
                },
                {
                    "begin": 47,
                    "text": "learning",
                    "end": 55,
                    "id": "s0-t7"
                },
                {
                    "begin": 56,
                    "text": "visual",
                    "end": 62,
                    "id": "s0-t8"
                },
                {
                    "begin": 63,
                    "text": "models",
                    "end": 69,
                    "id": "s0-t9"
                },
                {
                    "begin": 70,
                    "text": "of",
                    "end": 72,
                    "id": "s0-t10"
                },
                {
                    "begin": 73,
                    "text": "3D",
                    "end": 75,
                    "id": "s0-t11"
                },
                {
                    "begin": 76,
                    "text": "object",
                    "end": 82,
                    "id": "s0-t12"
                },
                {
                    "begin": 83,
                    "text": "categories",
                    "end": 93,
                    "id": "s0-t13"
                },
                {
                    "begin": 94,
                    "text": "by",
                    "end": 96,
                    "id": "s0-t14"
                },
                {
                    "begin": 97,
                    "text": "combining",
                    "end": 106,
                    "id": "s0-t15"
                },
                {
                    "begin": 107,
                    "text": "appearance",
                    "end": 117,
                    "id": "s0-t16"
                },
                {
                    "begin": 118,
                    "text": "information",
                    "end": 129,
                    "id": "s0-t17"
                },
                {
                    "begin": 130,
                    "text": "and",
                    "end": 133,
                    "id": "s0-t18"
                },
                {
                    "begin": 134,
                    "text": "geometric",
                    "end": 143,
                    "id": "s0-t19"
                },
                {
                    "begin": 144,
                    "text": "constraints",
                    "end": 155,
                    "id": "s0-t20"
                },
                {
                    "begin": 155,
                    "text": ".",
                    "end": 156,
                    "id": "s0-t21"
                }
            ],
            "id": "s0"
        },
        {
            "begin": 156,
            "text": " Objects are represented as a coherent ensemble of parts that are consistent under 3D viewpoint transformations.",
            "end": 268,
            "tokens": [
                {
                    "begin": 157,
                    "text": "Objects",
                    "end": 164,
                    "id": "s1-t0"
                },
                {
                    "begin": 165,
                    "text": "are",
                    "end": 168,
                    "id": "s1-t1"
                },
                {
                    "begin": 169,
                    "text": "represented",
                    "end": 180,
                    "id": "s1-t2"
                },
                {
                    "begin": 181,
                    "text": "as",
                    "end": 183,
                    "id": "s1-t3"
                },
                {
                    "begin": 184,
                    "text": "a",
                    "end": 185,
                    "id": "s1-t4"
                },
                {
                    "begin": 186,
                    "text": "coherent",
                    "end": 194,
                    "id": "s1-t5"
                },
                {
                    "begin": 195,
                    "text": "ensemble",
                    "end": 203,
                    "id": "s1-t6"
                },
                {
                    "begin": 204,
                    "text": "of",
                    "end": 206,
                    "id": "s1-t7"
                },
                {
                    "begin": 207,
                    "text": "parts",
                    "end": 212,
                    "id": "s1-t8"
                },
                {
                    "begin": 213,
                    "text": "that",
                    "end": 217,
                    "id": "s1-t9"
                },
                {
                    "begin": 218,
                    "text": "are",
                    "end": 221,
                    "id": "s1-t10"
                },
                {
                    "begin": 222,
                    "text": "consistent",
                    "end": 232,
                    "id": "s1-t11"
                },
                {
                    "begin": 233,
                    "text": "under",
                    "end": 238,
                    "id": "s1-t12"
                },
                {
                    "begin": 239,
                    "text": "3D",
                    "end": 241,
                    "id": "s1-t13"
                },
                {
                    "begin": 242,
                    "text": "viewpoint",
                    "end": 251,
                    "id": "s1-t14"
                },
                {
                    "begin": 252,
                    "text": "transformations",
                    "end": 267,
                    "id": "s1-t15"
                },
                {
                    "begin": 267,
                    "text": ".",
                    "end": 268,
                    "id": "s1-t16"
                }
            ],
            "id": "s1"
        },
        {
            "begin": 268,
            "text": " Each part is a collection of salient image features.",
            "end": 321,
            "tokens": [
                {
                    "begin": 269,
                    "text": "Each",
                    "end": 273,
                    "id": "s2-t0"
                },
                {
                    "begin": 274,
                    "text": "part",
                    "end": 278,
                    "id": "s2-t1"
                },
                {
                    "begin": 279,
                    "text": "is",
                    "end": 281,
                    "id": "s2-t2"
                },
                {
                    "begin": 282,
                    "text": "a",
                    "end": 283,
                    "id": "s2-t3"
                },
                {
                    "begin": 284,
                    "text": "collection",
                    "end": 294,
                    "id": "s2-t4"
                },
                {
                    "begin": 295,
                    "text": "of",
                    "end": 297,
                    "id": "s2-t5"
                },
                {
                    "begin": 298,
                    "text": "salient",
                    "end": 305,
                    "id": "s2-t6"
                },
                {
                    "begin": 306,
                    "text": "image",
                    "end": 311,
                    "id": "s2-t7"
                },
                {
                    "begin": 312,
                    "text": "features",
                    "end": 320,
                    "id": "s2-t8"
                },
                {
                    "begin": 320,
                    "text": ".",
                    "end": 321,
                    "id": "s2-t9"
                }
            ],
            "id": "s2"
        },
        {
            "begin": 321,
            "text": " A generative framework is used for learning a model that captures the relative position of parts within each of the discretized viewpoints.",
            "end": 461,
            "tokens": [
                {
                    "begin": 322,
                    "text": "A",
                    "end": 323,
                    "id": "s3-t0"
                },
                {
                    "begin": 324,
                    "text": "generative",
                    "end": 334,
                    "id": "s3-t1"
                },
                {
                    "begin": 335,
                    "text": "framework",
                    "end": 344,
                    "id": "s3-t2"
                },
                {
                    "begin": 345,
                    "text": "is",
                    "end": 347,
                    "id": "s3-t3"
                },
                {
                    "begin": 348,
                    "text": "used",
                    "end": 352,
                    "id": "s3-t4"
                },
                {
                    "begin": 353,
                    "text": "for",
                    "end": 356,
                    "id": "s3-t5"
                },
                {
                    "begin": 357,
                    "text": "learning",
                    "end": 365,
                    "id": "s3-t6"
                },
                {
                    "begin": 366,
                    "text": "a",
                    "end": 367,
                    "id": "s3-t7"
                },
                {
                    "begin": 368,
                    "text": "model",
                    "end": 373,
                    "id": "s3-t8"
                },
                {
                    "begin": 374,
                    "text": "that",
                    "end": 378,
                    "id": "s3-t9"
                },
                {
                    "begin": 379,
                    "text": "captures",
                    "end": 387,
                    "id": "s3-t10"
                },
                {
                    "begin": 388,
                    "text": "the",
                    "end": 391,
                    "id": "s3-t11"
                },
                {
                    "begin": 392,
                    "text": "relative",
                    "end": 400,
                    "id": "s3-t12"
                },
                {
                    "begin": 401,
                    "text": "position",
                    "end": 409,
                    "id": "s3-t13"
                },
                {
                    "begin": 410,
                    "text": "of",
                    "end": 412,
                    "id": "s3-t14"
                },
                {
                    "begin": 413,
                    "text": "parts",
                    "end": 418,
                    "id": "s3-t15"
                },
                {
                    "begin": 419,
                    "text": "within",
                    "end": 425,
                    "id": "s3-t16"
                },
                {
                    "begin": 426,
                    "text": "each",
                    "end": 430,
                    "id": "s3-t17"
                },
                {
                    "begin": 431,
                    "text": "of",
                    "end": 433,
                    "id": "s3-t18"
                },
                {
                    "begin": 434,
                    "text": "the",
                    "end": 437,
                    "id": "s3-t19"
                },
                {
                    "begin": 438,
                    "text": "discretized",
                    "end": 449,
                    "id": "s3-t20"
                },
                {
                    "begin": 450,
                    "text": "viewpoints",
                    "end": 460,
                    "id": "s3-t21"
                },
                {
                    "begin": 460,
                    "text": ".",
                    "end": 461,
                    "id": "s3-t22"
                }
            ],
            "id": "s3"
        },
        {
            "begin": 461,
            "text": " Contrary to most of the existing mixture of viewpoints models, our model establishes explicit correspondences of parts across different viewpoints of the object class.",
            "end": 629,
            "tokens": [
                {
                    "begin": 462,
                    "text": "Contrary",
                    "end": 470,
                    "id": "s4-t0"
                },
                {
                    "begin": 471,
                    "text": "to",
                    "end": 473,
                    "id": "s4-t1"
                },
                {
                    "begin": 474,
                    "text": "most",
                    "end": 478,
                    "id": "s4-t2"
                },
                {
                    "begin": 479,
                    "text": "of",
                    "end": 481,
                    "id": "s4-t3"
                },
                {
                    "begin": 482,
                    "text": "the",
                    "end": 485,
                    "id": "s4-t4"
                },
                {
                    "begin": 486,
                    "text": "existing",
                    "end": 494,
                    "id": "s4-t5"
                },
                {
                    "begin": 495,
                    "text": "mixture",
                    "end": 502,
                    "id": "s4-t6"
                },
                {
                    "begin": 503,
                    "text": "of",
                    "end": 505,
                    "id": "s4-t7"
                },
                {
                    "begin": 506,
                    "text": "viewpoints",
                    "end": 516,
                    "id": "s4-t8"
                },
                {
                    "begin": 517,
                    "text": "models",
                    "end": 523,
                    "id": "s4-t9"
                },
                {
                    "begin": 523,
                    "text": ",",
                    "end": 524,
                    "id": "s4-t10"
                },
                {
                    "begin": 525,
                    "text": "our",
                    "end": 528,
                    "id": "s4-t11"
                },
                {
                    "begin": 529,
                    "text": "model",
                    "end": 534,
                    "id": "s4-t12"
                },
                {
                    "begin": 535,
                    "text": "establishes",
                    "end": 546,
                    "id": "s4-t13"
                },
                {
                    "begin": 547,
                    "text": "explicit",
                    "end": 555,
                    "id": "s4-t14"
                },
                {
                    "begin": 556,
                    "text": "correspondences",
                    "end": 571,
                    "id": "s4-t15"
                },
                {
                    "begin": 572,
                    "text": "of",
                    "end": 574,
                    "id": "s4-t16"
                },
                {
                    "begin": 575,
                    "text": "parts",
                    "end": 580,
                    "id": "s4-t17"
                },
                {
                    "begin": 581,
                    "text": "across",
                    "end": 587,
                    "id": "s4-t18"
                },
                {
                    "begin": 588,
                    "text": "different",
                    "end": 597,
                    "id": "s4-t19"
                },
                {
                    "begin": 598,
                    "text": "viewpoints",
                    "end": 608,
                    "id": "s4-t20"
                },
                {
                    "begin": 609,
                    "text": "of",
                    "end": 611,
                    "id": "s4-t21"
                },
                {
                    "begin": 612,
                    "text": "the",
                    "end": 615,
                    "id": "s4-t22"
                },
                {
                    "begin": 616,
                    "text": "object",
                    "end": 622,
                    "id": "s4-t23"
                },
                {
                    "begin": 623,
                    "text": "class",
                    "end": 628,
                    "id": "s4-t24"
                },
                {
                    "begin": 628,
                    "text": ".",
                    "end": 629,
                    "id": "s4-t25"
                }
            ],
            "id": "s4"
        },
        {
            "begin": 629,
            "text": " Given a new image, detection and classification are achieved by determining the position and viewpoint of the model that maximize recognition scores of the candidate objects.",
            "end": 804,
            "tokens": [
                {
                    "begin": 630,
                    "text": "Given",
                    "end": 635,
                    "id": "s5-t0"
                },
                {
                    "begin": 636,
                    "text": "a",
                    "end": 637,
                    "id": "s5-t1"
                },
                {
                    "begin": 638,
                    "text": "new",
                    "end": 641,
                    "id": "s5-t2"
                },
                {
                    "begin": 642,
                    "text": "image",
                    "end": 647,
                    "id": "s5-t3"
                },
                {
                    "begin": 647,
                    "text": ",",
                    "end": 648,
                    "id": "s5-t4"
                },
                {
                    "begin": 649,
                    "text": "detection",
                    "end": 658,
                    "id": "s5-t5"
                },
                {
                    "begin": 659,
                    "text": "and",
                    "end": 662,
                    "id": "s5-t6"
                },
                {
                    "begin": 663,
                    "text": "classification",
                    "end": 677,
                    "id": "s5-t7"
                },
                {
                    "begin": 678,
                    "text": "are",
                    "end": 681,
                    "id": "s5-t8"
                },
                {
                    "begin": 682,
                    "text": "achieved",
                    "end": 690,
                    "id": "s5-t9"
                },
                {
                    "begin": 691,
                    "text": "by",
                    "end": 693,
                    "id": "s5-t10"
                },
                {
                    "begin": 694,
                    "text": "determining",
                    "end": 705,
                    "id": "s5-t11"
                },
                {
                    "begin": 706,
                    "text": "the",
                    "end": 709,
                    "id": "s5-t12"
                },
                {
                    "begin": 710,
                    "text": "position",
                    "end": 718,
                    "id": "s5-t13"
                },
                {
                    "begin": 719,
                    "text": "and",
                    "end": 722,
                    "id": "s5-t14"
                },
                {
                    "begin": 723,
                    "text": "viewpoint",
                    "end": 732,
                    "id": "s5-t15"
                },
                {
                    "begin": 733,
                    "text": "of",
                    "end": 735,
                    "id": "s5-t16"
                },
                {
                    "begin": 736,
                    "text": "the",
                    "end": 739,
                    "id": "s5-t17"
                },
                {
                    "begin": 740,
                    "text": "model",
                    "end": 745,
                    "id": "s5-t18"
                },
                {
                    "begin": 746,
                    "text": "that",
                    "end": 750,
                    "id": "s5-t19"
                },
                {
                    "begin": 751,
                    "text": "maximize",
                    "end": 759,
                    "id": "s5-t20"
                },
                {
                    "begin": 760,
                    "text": "recognition",
                    "end": 771,
                    "id": "s5-t21"
                },
                {
                    "begin": 772,
                    "text": "scores",
                    "end": 778,
                    "id": "s5-t22"
                },
                {
                    "begin": 779,
                    "text": "of",
                    "end": 781,
                    "id": "s5-t23"
                },
                {
                    "begin": 782,
                    "text": "the",
                    "end": 785,
                    "id": "s5-t24"
                },
                {
                    "begin": 786,
                    "text": "candidate",
                    "end": 795,
                    "id": "s5-t25"
                },
                {
                    "begin": 796,
                    "text": "objects",
                    "end": 803,
                    "id": "s5-t26"
                },
                {
                    "begin": 803,
                    "text": ".",
                    "end": 804,
                    "id": "s5-t27"
                }
            ],
            "id": "s5"
        },
        {
            "begin": 804,
            "text": " Our approach is among the first to propose a generative proba-bilistic framework for 3D object categorization.",
            "end": 915,
            "tokens": [
                {
                    "begin": 805,
                    "text": "Our",
                    "end": 808,
                    "id": "s6-t0"
                },
                {
                    "begin": 809,
                    "text": "approach",
                    "end": 817,
                    "id": "s6-t1"
                },
                {
                    "begin": 818,
                    "text": "is",
                    "end": 820,
                    "id": "s6-t2"
                },
                {
                    "begin": 821,
                    "text": "among",
                    "end": 826,
                    "id": "s6-t3"
                },
                {
                    "begin": 827,
                    "text": "the",
                    "end": 830,
                    "id": "s6-t4"
                },
                {
                    "begin": 831,
                    "text": "first",
                    "end": 836,
                    "id": "s6-t5"
                },
                {
                    "begin": 837,
                    "text": "to",
                    "end": 839,
                    "id": "s6-t6"
                },
                {
                    "begin": 840,
                    "text": "propose",
                    "end": 847,
                    "id": "s6-t7"
                },
                {
                    "begin": 848,
                    "text": "a",
                    "end": 849,
                    "id": "s6-t8"
                },
                {
                    "begin": 850,
                    "text": "generative",
                    "end": 860,
                    "id": "s6-t9"
                },
                {
                    "begin": 861,
                    "text": "proba-bilistic",
                    "end": 875,
                    "id": "s6-t10"
                },
                {
                    "begin": 876,
                    "text": "framework",
                    "end": 885,
                    "id": "s6-t11"
                },
                {
                    "begin": 886,
                    "text": "for",
                    "end": 889,
                    "id": "s6-t12"
                },
                {
                    "begin": 890,
                    "text": "3D",
                    "end": 892,
                    "id": "s6-t13"
                },
                {
                    "begin": 893,
                    "text": "object",
                    "end": 899,
                    "id": "s6-t14"
                },
                {
                    "begin": 900,
                    "text": "categorization",
                    "end": 914,
                    "id": "s6-t15"
                },
                {
                    "begin": 914,
                    "text": ".",
                    "end": 915,
                    "id": "s6-t16"
                }
            ],
            "id": "s6"
        },
        {
            "begin": 915,
            "text": " We test our algorithm on the detection task and the viewpoint classification task by using'' car'' category from both the Savarese et al. 2007 and PASCAL VOC 2006 datasets.",
            "end": 1088,
            "tokens": [
                {
                    "begin": 916,
                    "text": "We",
                    "end": 918,
                    "id": "s7-t0"
                },
                {
                    "begin": 919,
                    "text": "test",
                    "end": 923,
                    "id": "s7-t1"
                },
                {
                    "begin": 924,
                    "text": "our",
                    "end": 927,
                    "id": "s7-t2"
                },
                {
                    "begin": 928,
                    "text": "algorithm",
                    "end": 937,
                    "id": "s7-t3"
                },
                {
                    "begin": 938,
                    "text": "on",
                    "end": 940,
                    "id": "s7-t4"
                },
                {
                    "begin": 941,
                    "text": "the",
                    "end": 944,
                    "id": "s7-t5"
                },
                {
                    "begin": 945,
                    "text": "detection",
                    "end": 954,
                    "id": "s7-t6"
                },
                {
                    "begin": 955,
                    "text": "task",
                    "end": 959,
                    "id": "s7-t7"
                },
                {
                    "begin": 960,
                    "text": "and",
                    "end": 963,
                    "id": "s7-t8"
                },
                {
                    "begin": 964,
                    "text": "the",
                    "end": 967,
                    "id": "s7-t9"
                },
                {
                    "begin": 968,
                    "text": "viewpoint",
                    "end": 977,
                    "id": "s7-t10"
                },
                {
                    "begin": 978,
                    "text": "classification",
                    "end": 992,
                    "id": "s7-t11"
                },
                {
                    "begin": 993,
                    "text": "task",
                    "end": 997,
                    "id": "s7-t12"
                },
                {
                    "begin": 998,
                    "text": "by",
                    "end": 1000,
                    "id": "s7-t13"
                },
                {
                    "begin": 1001,
                    "text": "using",
                    "end": 1006,
                    "id": "s7-t14"
                },
                {
                    "begin": 1006,
                    "text": "''",
                    "end": 1008,
                    "id": "s7-t15"
                },
                {
                    "begin": 1009,
                    "text": "car",
                    "end": 1012,
                    "id": "s7-t16"
                },
                {
                    "begin": 1012,
                    "text": "''",
                    "end": 1014,
                    "id": "s7-t17"
                },
                {
                    "begin": 1015,
                    "text": "category",
                    "end": 1023,
                    "id": "s7-t18"
                },
                {
                    "begin": 1024,
                    "text": "from",
                    "end": 1028,
                    "id": "s7-t19"
                },
                {
                    "begin": 1029,
                    "text": "both",
                    "end": 1033,
                    "id": "s7-t20"
                },
                {
                    "begin": 1034,
                    "text": "the",
                    "end": 1037,
                    "id": "s7-t21"
                },
                {
                    "begin": 1038,
                    "text": "Savarese",
                    "end": 1046,
                    "id": "s7-t22"
                },
                {
                    "begin": 1047,
                    "text": "et",
                    "end": 1049,
                    "id": "s7-t23"
                },
                {
                    "begin": 1050,
                    "text": "al.",
                    "end": 1053,
                    "id": "s7-t24"
                },
                {
                    "begin": 1054,
                    "text": "2007",
                    "end": 1058,
                    "id": "s7-t25"
                },
                {
                    "begin": 1059,
                    "text": "and",
                    "end": 1062,
                    "id": "s7-t26"
                },
                {
                    "begin": 1063,
                    "text": "PASCAL",
                    "end": 1069,
                    "id": "s7-t27"
                },
                {
                    "begin": 1070,
                    "text": "VOC",
                    "end": 1073,
                    "id": "s7-t28"
                },
                {
                    "begin": 1074,
                    "text": "2006",
                    "end": 1078,
                    "id": "s7-t29"
                },
                {
                    "begin": 1079,
                    "text": "datasets",
                    "end": 1087,
                    "id": "s7-t30"
                },
                {
                    "begin": 1087,
                    "text": ".",
                    "end": 1088,
                    "id": "s7-t31"
                }
            ],
            "id": "s7"
        },
        {
            "begin": 1088,
            "text": " We show promising results in both the detection and viewpoint classification tasks on these two challenging datasets.",
            "end": 1206,
            "tokens": [
                {
                    "begin": 1089,
                    "text": "We",
                    "end": 1091,
                    "id": "s8-t0"
                },
                {
                    "begin": 1092,
                    "text": "show",
                    "end": 1096,
                    "id": "s8-t1"
                },
                {
                    "begin": 1097,
                    "text": "promising",
                    "end": 1106,
                    "id": "s8-t2"
                },
                {
                    "begin": 1107,
                    "text": "results",
                    "end": 1114,
                    "id": "s8-t3"
                },
                {
                    "begin": 1115,
                    "text": "in",
                    "end": 1117,
                    "id": "s8-t4"
                },
                {
                    "begin": 1118,
                    "text": "both",
                    "end": 1122,
                    "id": "s8-t5"
                },
                {
                    "begin": 1123,
                    "text": "the",
                    "end": 1126,
                    "id": "s8-t6"
                },
                {
                    "begin": 1127,
                    "text": "detection",
                    "end": 1136,
                    "id": "s8-t7"
                },
                {
                    "begin": 1137,
                    "text": "and",
                    "end": 1140,
                    "id": "s8-t8"
                },
                {
                    "begin": 1141,
                    "text": "viewpoint",
                    "end": 1150,
                    "id": "s8-t9"
                },
                {
                    "begin": 1151,
                    "text": "classification",
                    "end": 1165,
                    "id": "s8-t10"
                },
                {
                    "begin": 1166,
                    "text": "tasks",
                    "end": 1171,
                    "id": "s8-t11"
                },
                {
                    "begin": 1172,
                    "text": "on",
                    "end": 1174,
                    "id": "s8-t12"
                },
                {
                    "begin": 1175,
                    "text": "these",
                    "end": 1180,
                    "id": "s8-t13"
                },
                {
                    "begin": 1181,
                    "text": "two",
                    "end": 1184,
                    "id": "s8-t14"
                },
                {
                    "begin": 1185,
                    "text": "challenging",
                    "end": 1196,
                    "id": "s8-t15"
                },
                {
                    "begin": 1197,
                    "text": "datasets",
                    "end": 1205,
                    "id": "s8-t16"
                },
                {
                    "begin": 1205,
                    "text": ".",
                    "end": 1206,
                    "id": "s8-t17"
                }
            ],
            "id": "s8"
        }
    ],
    "text": "We propose a novel probabilistic framework for learning visual models of 3D object categories by combining appearance information and geometric constraints. Objects are represented as a coherent ensemble of parts that are consistent under 3D viewpoint transformations. Each part is a collection of salient image features. A generative framework is used for learning a model that captures the relative position of parts within each of the discretized viewpoints. Contrary to most of the existing mixture of viewpoints models, our model establishes explicit correspondences of parts across different viewpoints of the object class. Given a new image, detection and classification are achieved by determining the position and viewpoint of the model that maximize recognition scores of the candidate objects. Our approach is among the first to propose a generative proba-bilistic framework for 3D object categorization. We test our algorithm on the detection task and the viewpoint classification task by using'' car'' category from both the Savarese et al. 2007 and PASCAL VOC 2006 datasets. We show promising results in both the detection and viewpoint classification tasks on these two challenging datasets.",
    "id": "fbb7c36d-60f8-49f8-a8ac-ca3c2c112f44"
}