{
    "mentions": [
        {
            "begin": 0,
            "id": "m0",
            "end": 44,
            "type": "Task",
            "text": "Machine transliteration/back-transliteration"
        },
        {
            "begin": 77,
            "id": "m1",
            "end": 122,
            "type": "Task",
            "text": "multilingual speech and language applications"
        },
        {
            "begin": 147,
            "id": "m2",
            "end": 156,
            "type": "Generic",
            "text": "framework"
        },
        {
            "begin": 161,
            "id": "m3",
            "end": 204,
            "type": "Task",
            "text": "machine transliteration/backtransliteration"
        },
        {
            "begin": 233,
            "id": "m4",
            "end": 275,
            "type": "Method",
            "text": "direct orthographical mapping-LRB-DOM-RRB-"
        },
        {
            "begin": 332,
            "id": "m5",
            "end": 341,
            "type": "Generic",
            "text": "framework"
        },
        {
            "begin": 345,
            "id": "m6",
            "end": 387,
            "type": "Method",
            "text": "joint source-channel transliteration model"
        },
        {
            "begin": 401,
            "id": "m7",
            "end": 448,
            "type": "Method",
            "text": "n-gram transliteration model-LRB-n-gram TM-RRB-"
        },
        {
            "begin": 483,
            "id": "m8",
            "end": 506,
            "type": "Method",
            "text": "transliteration process"
        },
        {
            "begin": 533,
            "id": "m9",
            "end": 540,
            "type": "Generic",
            "text": "methods"
        },
        {
            "begin": 557,
            "id": "m10",
            "end": 592,
            "type": "Task",
            "text": "transliteration/backtransliteration"
        },
        {
            "begin": 609,
            "id": "m11",
            "end": 660,
            "type": "Material",
            "text": "English/Chinese and English/Japanese language pairs"
        },
        {
            "begin": 698,
            "id": "m12",
            "end": 704,
            "type": "Generic",
            "text": "method"
        },
        {
            "begin": 783,
            "id": "m13",
            "end": 807,
            "type": "Metric",
            "text": "transliteration accuracy"
        }
    ],
    "relations": [
        {
            "args": [
                "m0",
                "m1"
            ],
            "type": "USED-FOR",
            "id": "r0"
        },
        {
            "args": [
                "m2",
                "m3"
            ],
            "type": "USED-FOR",
            "id": "r1"
        },
        {
            "args": [
                "m3",
                "m4"
            ],
            "type": "USED-FOR",
            "id": "r2"
        },
        {
            "args": [
                "m5",
                "m6"
            ],
            "type": "USED-FOR",
            "id": "r3"
        },
        {
            "args": [
                "m7",
                "m8"
            ],
            "type": "USED-FOR",
            "id": "r4"
        },
        {
            "args": [
                "m10",
                "m9"
            ],
            "type": "EVALUATE-FOR",
            "id": "r5"
        },
        {
            "args": [
                "m10",
                "m11"
            ],
            "type": "USED-FOR",
            "id": "r6"
        },
        {
            "args": [
                "m13",
                "m12"
            ],
            "type": "EVALUATE-FOR",
            "id": "r7"
        }
    ],
    "sentences": [
        {
            "begin": 0,
            "text": "Machine transliteration/back-transliteration plays an important role in many multilingual speech and language applications.",
            "end": 123,
            "tokens": [
                {
                    "begin": 0,
                    "text": "Machine",
                    "end": 7,
                    "id": "s0-t0"
                },
                {
                    "begin": 8,
                    "text": "transliteration/back-transliteration",
                    "end": 44,
                    "id": "s0-t1"
                },
                {
                    "begin": 45,
                    "text": "plays",
                    "end": 50,
                    "id": "s0-t2"
                },
                {
                    "begin": 51,
                    "text": "an",
                    "end": 53,
                    "id": "s0-t3"
                },
                {
                    "begin": 54,
                    "text": "important",
                    "end": 63,
                    "id": "s0-t4"
                },
                {
                    "begin": 64,
                    "text": "role",
                    "end": 68,
                    "id": "s0-t5"
                },
                {
                    "begin": 69,
                    "text": "in",
                    "end": 71,
                    "id": "s0-t6"
                },
                {
                    "begin": 72,
                    "text": "many",
                    "end": 76,
                    "id": "s0-t7"
                },
                {
                    "begin": 77,
                    "text": "multilingual",
                    "end": 89,
                    "id": "s0-t8"
                },
                {
                    "begin": 90,
                    "text": "speech",
                    "end": 96,
                    "id": "s0-t9"
                },
                {
                    "begin": 97,
                    "text": "and",
                    "end": 100,
                    "id": "s0-t10"
                },
                {
                    "begin": 101,
                    "text": "language",
                    "end": 109,
                    "id": "s0-t11"
                },
                {
                    "begin": 110,
                    "text": "applications",
                    "end": 122,
                    "id": "s0-t12"
                },
                {
                    "begin": 122,
                    "text": ".",
                    "end": 123,
                    "id": "s0-t13"
                }
            ],
            "id": "s0"
        },
        {
            "begin": 123,
            "text": " In this paper, a novel framework for machine transliteration/backtransliteration that allows us to carry out direct orthographical mapping-LRB-DOM-RRB-between two different languages is presented.",
            "end": 320,
            "tokens": [
                {
                    "begin": 124,
                    "text": "In",
                    "end": 126,
                    "id": "s1-t0"
                },
                {
                    "begin": 127,
                    "text": "this",
                    "end": 131,
                    "id": "s1-t1"
                },
                {
                    "begin": 132,
                    "text": "paper",
                    "end": 137,
                    "id": "s1-t2"
                },
                {
                    "begin": 137,
                    "text": ",",
                    "end": 138,
                    "id": "s1-t3"
                },
                {
                    "begin": 139,
                    "text": "a",
                    "end": 140,
                    "id": "s1-t4"
                },
                {
                    "begin": 141,
                    "text": "novel",
                    "end": 146,
                    "id": "s1-t5"
                },
                {
                    "begin": 147,
                    "text": "framework",
                    "end": 156,
                    "id": "s1-t6"
                },
                {
                    "begin": 157,
                    "text": "for",
                    "end": 160,
                    "id": "s1-t7"
                },
                {
                    "begin": 161,
                    "text": "machine",
                    "end": 168,
                    "id": "s1-t8"
                },
                {
                    "begin": 169,
                    "text": "transliteration/backtransliteration",
                    "end": 204,
                    "id": "s1-t9"
                },
                {
                    "begin": 205,
                    "text": "that",
                    "end": 209,
                    "id": "s1-t10"
                },
                {
                    "begin": 210,
                    "text": "allows",
                    "end": 216,
                    "id": "s1-t11"
                },
                {
                    "begin": 217,
                    "text": "us",
                    "end": 219,
                    "id": "s1-t12"
                },
                {
                    "begin": 220,
                    "text": "to",
                    "end": 222,
                    "id": "s1-t13"
                },
                {
                    "begin": 223,
                    "text": "carry",
                    "end": 228,
                    "id": "s1-t14"
                },
                {
                    "begin": 229,
                    "text": "out",
                    "end": 232,
                    "id": "s1-t15"
                },
                {
                    "begin": 233,
                    "text": "direct",
                    "end": 239,
                    "id": "s1-t16"
                },
                {
                    "begin": 240,
                    "text": "orthographical",
                    "end": 254,
                    "id": "s1-t17"
                },
                {
                    "begin": 255,
                    "text": "mapping",
                    "end": 262,
                    "id": "s1-t18"
                },
                {
                    "begin": 262,
                    "text": "-LRB-",
                    "end": 267,
                    "id": "s1-t19"
                },
                {
                    "begin": 267,
                    "text": "DOM",
                    "end": 270,
                    "id": "s1-t20"
                },
                {
                    "begin": 270,
                    "text": "-RRB-",
                    "end": 275,
                    "id": "s1-t21"
                },
                {
                    "begin": 275,
                    "text": "between",
                    "end": 282,
                    "id": "s1-t22"
                },
                {
                    "begin": 283,
                    "text": "two",
                    "end": 286,
                    "id": "s1-t23"
                },
                {
                    "begin": 287,
                    "text": "different",
                    "end": 296,
                    "id": "s1-t24"
                },
                {
                    "begin": 297,
                    "text": "languages",
                    "end": 306,
                    "id": "s1-t25"
                },
                {
                    "begin": 307,
                    "text": "is",
                    "end": 309,
                    "id": "s1-t26"
                },
                {
                    "begin": 310,
                    "text": "presented",
                    "end": 319,
                    "id": "s1-t27"
                },
                {
                    "begin": 319,
                    "text": ".",
                    "end": 320,
                    "id": "s1-t28"
                }
            ],
            "id": "s1"
        },
        {
            "begin": 320,
            "text": " Under this framework, a joint source-channel transliteration model, also called n-gram transliteration model-LRB-n-gram TM-RRB-, is further proposed to model the transliteration process.",
            "end": 507,
            "tokens": [
                {
                    "begin": 321,
                    "text": "Under",
                    "end": 326,
                    "id": "s2-t0"
                },
                {
                    "begin": 327,
                    "text": "this",
                    "end": 331,
                    "id": "s2-t1"
                },
                {
                    "begin": 332,
                    "text": "framework",
                    "end": 341,
                    "id": "s2-t2"
                },
                {
                    "begin": 341,
                    "text": ",",
                    "end": 342,
                    "id": "s2-t3"
                },
                {
                    "begin": 343,
                    "text": "a",
                    "end": 344,
                    "id": "s2-t4"
                },
                {
                    "begin": 345,
                    "text": "joint",
                    "end": 350,
                    "id": "s2-t5"
                },
                {
                    "begin": 351,
                    "text": "source-channel",
                    "end": 365,
                    "id": "s2-t6"
                },
                {
                    "begin": 366,
                    "text": "transliteration",
                    "end": 381,
                    "id": "s2-t7"
                },
                {
                    "begin": 382,
                    "text": "model",
                    "end": 387,
                    "id": "s2-t8"
                },
                {
                    "begin": 387,
                    "text": ",",
                    "end": 388,
                    "id": "s2-t9"
                },
                {
                    "begin": 389,
                    "text": "also",
                    "end": 393,
                    "id": "s2-t10"
                },
                {
                    "begin": 394,
                    "text": "called",
                    "end": 400,
                    "id": "s2-t11"
                },
                {
                    "begin": 401,
                    "text": "n-gram",
                    "end": 407,
                    "id": "s2-t12"
                },
                {
                    "begin": 408,
                    "text": "transliteration",
                    "end": 423,
                    "id": "s2-t13"
                },
                {
                    "begin": 424,
                    "text": "model",
                    "end": 429,
                    "id": "s2-t14"
                },
                {
                    "begin": 429,
                    "text": "-LRB-",
                    "end": 434,
                    "id": "s2-t15"
                },
                {
                    "begin": 434,
                    "text": "n-gram",
                    "end": 440,
                    "id": "s2-t16"
                },
                {
                    "begin": 441,
                    "text": "TM",
                    "end": 443,
                    "id": "s2-t17"
                },
                {
                    "begin": 443,
                    "text": "-RRB-",
                    "end": 448,
                    "id": "s2-t18"
                },
                {
                    "begin": 448,
                    "text": ",",
                    "end": 449,
                    "id": "s2-t19"
                },
                {
                    "begin": 450,
                    "text": "is",
                    "end": 452,
                    "id": "s2-t20"
                },
                {
                    "begin": 453,
                    "text": "further",
                    "end": 460,
                    "id": "s2-t21"
                },
                {
                    "begin": 461,
                    "text": "proposed",
                    "end": 469,
                    "id": "s2-t22"
                },
                {
                    "begin": 470,
                    "text": "to",
                    "end": 472,
                    "id": "s2-t23"
                },
                {
                    "begin": 473,
                    "text": "model",
                    "end": 478,
                    "id": "s2-t24"
                },
                {
                    "begin": 479,
                    "text": "the",
                    "end": 482,
                    "id": "s2-t25"
                },
                {
                    "begin": 483,
                    "text": "transliteration",
                    "end": 498,
                    "id": "s2-t26"
                },
                {
                    "begin": 499,
                    "text": "process",
                    "end": 506,
                    "id": "s2-t27"
                },
                {
                    "begin": 506,
                    "text": ".",
                    "end": 507,
                    "id": "s2-t28"
                }
            ],
            "id": "s2"
        },
        {
            "begin": 507,
            "text": " We evaluate the proposed methods through several transliteration/backtransliteration experiments for English/Chinese and English/Japanese language pairs.",
            "end": 661,
            "tokens": [
                {
                    "begin": 508,
                    "text": "We",
                    "end": 510,
                    "id": "s3-t0"
                },
                {
                    "begin": 511,
                    "text": "evaluate",
                    "end": 519,
                    "id": "s3-t1"
                },
                {
                    "begin": 520,
                    "text": "the",
                    "end": 523,
                    "id": "s3-t2"
                },
                {
                    "begin": 524,
                    "text": "proposed",
                    "end": 532,
                    "id": "s3-t3"
                },
                {
                    "begin": 533,
                    "text": "methods",
                    "end": 540,
                    "id": "s3-t4"
                },
                {
                    "begin": 541,
                    "text": "through",
                    "end": 548,
                    "id": "s3-t5"
                },
                {
                    "begin": 549,
                    "text": "several",
                    "end": 556,
                    "id": "s3-t6"
                },
                {
                    "begin": 557,
                    "text": "transliteration/backtransliteration",
                    "end": 592,
                    "id": "s3-t7"
                },
                {
                    "begin": 593,
                    "text": "experiments",
                    "end": 604,
                    "id": "s3-t8"
                },
                {
                    "begin": 605,
                    "text": "for",
                    "end": 608,
                    "id": "s3-t9"
                },
                {
                    "begin": 609,
                    "text": "English/Chinese",
                    "end": 624,
                    "id": "s3-t10"
                },
                {
                    "begin": 625,
                    "text": "and",
                    "end": 628,
                    "id": "s3-t11"
                },
                {
                    "begin": 629,
                    "text": "English/Japanese",
                    "end": 645,
                    "id": "s3-t12"
                },
                {
                    "begin": 646,
                    "text": "language",
                    "end": 654,
                    "id": "s3-t13"
                },
                {
                    "begin": 655,
                    "text": "pairs",
                    "end": 660,
                    "id": "s3-t14"
                },
                {
                    "begin": 660,
                    "text": ".",
                    "end": 661,
                    "id": "s3-t15"
                }
            ],
            "id": "s3"
        },
        {
            "begin": 661,
            "text": " Our study reveals that the proposed method not only reduces an extensive system development effort but also improves the transliteration accuracy significantly.",
            "end": 822,
            "tokens": [
                {
                    "begin": 662,
                    "text": "Our",
                    "end": 665,
                    "id": "s4-t0"
                },
                {
                    "begin": 666,
                    "text": "study",
                    "end": 671,
                    "id": "s4-t1"
                },
                {
                    "begin": 672,
                    "text": "reveals",
                    "end": 679,
                    "id": "s4-t2"
                },
                {
                    "begin": 680,
                    "text": "that",
                    "end": 684,
                    "id": "s4-t3"
                },
                {
                    "begin": 685,
                    "text": "the",
                    "end": 688,
                    "id": "s4-t4"
                },
                {
                    "begin": 689,
                    "text": "proposed",
                    "end": 697,
                    "id": "s4-t5"
                },
                {
                    "begin": 698,
                    "text": "method",
                    "end": 704,
                    "id": "s4-t6"
                },
                {
                    "begin": 705,
                    "text": "not",
                    "end": 708,
                    "id": "s4-t7"
                },
                {
                    "begin": 709,
                    "text": "only",
                    "end": 713,
                    "id": "s4-t8"
                },
                {
                    "begin": 714,
                    "text": "reduces",
                    "end": 721,
                    "id": "s4-t9"
                },
                {
                    "begin": 722,
                    "text": "an",
                    "end": 724,
                    "id": "s4-t10"
                },
                {
                    "begin": 725,
                    "text": "extensive",
                    "end": 734,
                    "id": "s4-t11"
                },
                {
                    "begin": 735,
                    "text": "system",
                    "end": 741,
                    "id": "s4-t12"
                },
                {
                    "begin": 742,
                    "text": "development",
                    "end": 753,
                    "id": "s4-t13"
                },
                {
                    "begin": 754,
                    "text": "effort",
                    "end": 760,
                    "id": "s4-t14"
                },
                {
                    "begin": 761,
                    "text": "but",
                    "end": 764,
                    "id": "s4-t15"
                },
                {
                    "begin": 765,
                    "text": "also",
                    "end": 769,
                    "id": "s4-t16"
                },
                {
                    "begin": 770,
                    "text": "improves",
                    "end": 778,
                    "id": "s4-t17"
                },
                {
                    "begin": 779,
                    "text": "the",
                    "end": 782,
                    "id": "s4-t18"
                },
                {
                    "begin": 783,
                    "text": "transliteration",
                    "end": 798,
                    "id": "s4-t19"
                },
                {
                    "begin": 799,
                    "text": "accuracy",
                    "end": 807,
                    "id": "s4-t20"
                },
                {
                    "begin": 808,
                    "text": "significantly",
                    "end": 821,
                    "id": "s4-t21"
                },
                {
                    "begin": 821,
                    "text": ".",
                    "end": 822,
                    "id": "s4-t22"
                }
            ],
            "id": "s4"
        }
    ],
    "text": "Machine transliteration/back-transliteration plays an important role in many multilingual speech and language applications. In this paper, a novel framework for machine transliteration/backtransliteration that allows us to carry out direct orthographical mapping-LRB-DOM-RRB-between two different languages is presented. Under this framework, a joint source-channel transliteration model, also called n-gram transliteration model-LRB-n-gram TM-RRB-, is further proposed to model the transliteration process. We evaluate the proposed methods through several transliteration/backtransliteration experiments for English/Chinese and English/Japanese language pairs. Our study reveals that the proposed method not only reduces an extensive system development effort but also improves the transliteration accuracy significantly.",
    "id": "6566163c-acd4-4df7-a902-5107983ca332"
}