{
    "mentions": [
        {
            "begin": 0,
            "id": "m0",
            "end": 41,
            "type": "Task",
            "text": "Automatic estimation of word significance"
        },
        {
            "begin": 638,
            "id": "m1",
            "end": 655,
            "type": "OtherScientificTerm",
            "text": "word significance"
        },
        {
            "begin": 125,
            "id": "m2",
            "end": 137,
            "type": "OtherScientificTerm",
            "text": "significance"
        },
        {
            "begin": 158,
            "id": "m3",
            "end": 160,
            "type": "Task",
            "text": "IR"
        },
        {
            "begin": 162,
            "id": "m4",
            "end": 203,
            "type": "Task",
            "text": "automatic speech recognition-LRB-ASR-RRB-"
        },
        {
            "begin": 243,
            "id": "m5",
            "end": 281,
            "type": "Metric",
            "text": "weighted word error rate-LRB-WWER-RRB-"
        },
        {
            "begin": 336,
            "id": "m6",
            "end": 338,
            "type": "Task",
            "text": "IR"
        },
        {
            "begin": 351,
            "id": "m7",
            "end": 379,
            "type": "Metric",
            "text": "word error rate-LRB-WER-RRB-"
        },
        {
            "begin": 417,
            "id": "m8",
            "end": 434,
            "type": "Method",
            "text": "decoding strategy"
        },
        {
            "begin": 450,
            "id": "m9",
            "end": 454,
            "type": "Metric",
            "text": "WWER"
        },
        {
            "begin": 466,
            "id": "m10",
            "end": 494,
            "type": "Method",
            "text": "Minimum Bayes-Risk framework"
        },
        {
            "begin": 547,
            "id": "m11",
            "end": 550,
            "type": "Task",
            "text": "ASR"
        },
        {
            "begin": 555,
            "id": "m12",
            "end": 557,
            "type": "Task",
            "text": "IR"
        },
        {
            "begin": 606,
            "id": "m13",
            "end": 633,
            "type": "Method",
            "text": "automatic estimation method"
        },
        {
            "begin": 638,
            "id": "m14",
            "end": 672,
            "type": "OtherScientificTerm",
            "text": "word significance-LRB-weights-RRB-"
        },
        {
            "begin": 698,
            "id": "m15",
            "end": 700,
            "type": "Task",
            "text": "IR"
        },
        {
            "begin": 746,
            "id": "m16",
            "end": 765,
            "type": "Metric",
            "text": "evaluation measures"
        },
        {
            "begin": 769,
            "id": "m17",
            "end": 772,
            "type": "Task",
            "text": "ASR"
        },
        {
            "begin": 777,
            "id": "m18",
            "end": 779,
            "type": "Task",
            "text": "IR"
        },
        {
            "begin": 818,
            "id": "m19",
            "end": 824,
            "type": "Generic",
            "text": "method"
        },
        {
            "begin": 830,
            "id": "m20",
            "end": 871,
            "type": "Task",
            "text": "speech-based information retrieval system"
        },
        {
            "begin": 892,
            "id": "m21",
            "end": 901,
            "type": "Task",
            "text": "IR system"
        },
        {
            "begin": 921,
            "id": "m22",
            "end": 927,
            "type": "Generic",
            "text": "method"
        }
    ],
    "relations": [
        {
            "args": [
                "m5",
                "m4"
            ],
            "type": "EVALUATE-FOR",
            "id": "r1"
        },
        {
            "args": [
                "m7",
                "m5"
            ],
            "type": "COMPARE",
            "id": "r2"
        },
        {
            "args": [
                "m8",
                "m9"
            ],
            "type": "USED-FOR",
            "id": "r3"
        },
        {
            "args": [
                "m10",
                "m8"
            ],
            "type": "USED-FOR",
            "id": "r4"
        },
        {
            "args": [
                "m11",
                "m12"
            ],
            "type": "CONJUNCTION",
            "id": "r5"
        },
        {
            "args": [
                "m13",
                "m14"
            ],
            "type": "EVALUATE-FOR",
            "id": "r6"
        },
        {
            "args": [
                "m16",
                "m17"
            ],
            "type": "EVALUATE-FOR",
            "id": "r7"
        },
        {
            "args": [
                "m16",
                "m18"
            ],
            "type": "EVALUATE-FOR",
            "id": "r8"
        },
        {
            "args": [
                "m17",
                "m18"
            ],
            "type": "CONJUNCTION",
            "id": "r9"
        },
        {
            "args": [
                "m19",
                "m20"
            ],
            "type": "USED-FOR",
            "id": "r10"
        },
        {
            "args": [
                "m20",
                "m21"
            ],
            "type": "HYPONYM-OF",
            "id": "r11"
        }
    ],
    "sentences": [
        {
            "begin": 0,
            "text": "Automatic estimation of word significance oriented for speech-based Information Retrieval-LRB-IR-RRB-is addressed.",
            "end": 114,
            "tokens": [
                {
                    "begin": 0,
                    "text": "Automatic",
                    "end": 9,
                    "id": "s0-t0"
                },
                {
                    "begin": 10,
                    "text": "estimation",
                    "end": 20,
                    "id": "s0-t1"
                },
                {
                    "begin": 21,
                    "text": "of",
                    "end": 23,
                    "id": "s0-t2"
                },
                {
                    "begin": 24,
                    "text": "word",
                    "end": 28,
                    "id": "s0-t3"
                },
                {
                    "begin": 29,
                    "text": "significance",
                    "end": 41,
                    "id": "s0-t4"
                },
                {
                    "begin": 42,
                    "text": "oriented",
                    "end": 50,
                    "id": "s0-t5"
                },
                {
                    "begin": 51,
                    "text": "for",
                    "end": 54,
                    "id": "s0-t6"
                },
                {
                    "begin": 55,
                    "text": "speech-based",
                    "end": 67,
                    "id": "s0-t7"
                },
                {
                    "begin": 68,
                    "text": "Information",
                    "end": 79,
                    "id": "s0-t8"
                },
                {
                    "begin": 80,
                    "text": "Retrieval",
                    "end": 89,
                    "id": "s0-t9"
                },
                {
                    "begin": 89,
                    "text": "-LRB-",
                    "end": 94,
                    "id": "s0-t10"
                },
                {
                    "begin": 94,
                    "text": "IR",
                    "end": 96,
                    "id": "s0-t11"
                },
                {
                    "begin": 96,
                    "text": "-RRB-",
                    "end": 101,
                    "id": "s0-t12"
                },
                {
                    "begin": 101,
                    "text": "is",
                    "end": 103,
                    "id": "s0-t13"
                },
                {
                    "begin": 104,
                    "text": "addressed",
                    "end": 113,
                    "id": "s0-t14"
                },
                {
                    "begin": 113,
                    "text": ".",
                    "end": 114,
                    "id": "s0-t15"
                }
            ],
            "id": "s0"
        },
        {
            "begin": 114,
            "text": " Since the significance of words differs in IR, automatic speech recognition-LRB-ASR-RRB-performance has been evaluated based on weighted word error rate-LRB-WWER-RRB-, which gives a weight on errors from the viewpoint of IR, instead of word error rate-LRB-WER-RRB-, which treats all words uniformly.",
            "end": 414,
            "tokens": [
                {
                    "begin": 115,
                    "text": "Since",
                    "end": 120,
                    "id": "s1-t0"
                },
                {
                    "begin": 121,
                    "text": "the",
                    "end": 124,
                    "id": "s1-t1"
                },
                {
                    "begin": 125,
                    "text": "significance",
                    "end": 137,
                    "id": "s1-t2"
                },
                {
                    "begin": 138,
                    "text": "of",
                    "end": 140,
                    "id": "s1-t3"
                },
                {
                    "begin": 141,
                    "text": "words",
                    "end": 146,
                    "id": "s1-t4"
                },
                {
                    "begin": 147,
                    "text": "differs",
                    "end": 154,
                    "id": "s1-t5"
                },
                {
                    "begin": 155,
                    "text": "in",
                    "end": 157,
                    "id": "s1-t6"
                },
                {
                    "begin": 158,
                    "text": "IR",
                    "end": 160,
                    "id": "s1-t7"
                },
                {
                    "begin": 160,
                    "text": ",",
                    "end": 161,
                    "id": "s1-t8"
                },
                {
                    "begin": 162,
                    "text": "automatic",
                    "end": 171,
                    "id": "s1-t9"
                },
                {
                    "begin": 172,
                    "text": "speech",
                    "end": 178,
                    "id": "s1-t10"
                },
                {
                    "begin": 179,
                    "text": "recognition",
                    "end": 190,
                    "id": "s1-t11"
                },
                {
                    "begin": 190,
                    "text": "-LRB-",
                    "end": 195,
                    "id": "s1-t12"
                },
                {
                    "begin": 195,
                    "text": "ASR",
                    "end": 198,
                    "id": "s1-t13"
                },
                {
                    "begin": 198,
                    "text": "-RRB-",
                    "end": 203,
                    "id": "s1-t14"
                },
                {
                    "begin": 203,
                    "text": "performance",
                    "end": 214,
                    "id": "s1-t15"
                },
                {
                    "begin": 215,
                    "text": "has",
                    "end": 218,
                    "id": "s1-t16"
                },
                {
                    "begin": 219,
                    "text": "been",
                    "end": 223,
                    "id": "s1-t17"
                },
                {
                    "begin": 224,
                    "text": "evaluated",
                    "end": 233,
                    "id": "s1-t18"
                },
                {
                    "begin": 234,
                    "text": "based",
                    "end": 239,
                    "id": "s1-t19"
                },
                {
                    "begin": 240,
                    "text": "on",
                    "end": 242,
                    "id": "s1-t20"
                },
                {
                    "begin": 243,
                    "text": "weighted",
                    "end": 251,
                    "id": "s1-t21"
                },
                {
                    "begin": 252,
                    "text": "word",
                    "end": 256,
                    "id": "s1-t22"
                },
                {
                    "begin": 257,
                    "text": "error",
                    "end": 262,
                    "id": "s1-t23"
                },
                {
                    "begin": 263,
                    "text": "rate",
                    "end": 267,
                    "id": "s1-t24"
                },
                {
                    "begin": 267,
                    "text": "-LRB-",
                    "end": 272,
                    "id": "s1-t25"
                },
                {
                    "begin": 272,
                    "text": "WWER",
                    "end": 276,
                    "id": "s1-t26"
                },
                {
                    "begin": 276,
                    "text": "-RRB-",
                    "end": 281,
                    "id": "s1-t27"
                },
                {
                    "begin": 281,
                    "text": ",",
                    "end": 282,
                    "id": "s1-t28"
                },
                {
                    "begin": 283,
                    "text": "which",
                    "end": 288,
                    "id": "s1-t29"
                },
                {
                    "begin": 289,
                    "text": "gives",
                    "end": 294,
                    "id": "s1-t30"
                },
                {
                    "begin": 295,
                    "text": "a",
                    "end": 296,
                    "id": "s1-t31"
                },
                {
                    "begin": 297,
                    "text": "weight",
                    "end": 303,
                    "id": "s1-t32"
                },
                {
                    "begin": 304,
                    "text": "on",
                    "end": 306,
                    "id": "s1-t33"
                },
                {
                    "begin": 307,
                    "text": "errors",
                    "end": 313,
                    "id": "s1-t34"
                },
                {
                    "begin": 314,
                    "text": "from",
                    "end": 318,
                    "id": "s1-t35"
                },
                {
                    "begin": 319,
                    "text": "the",
                    "end": 322,
                    "id": "s1-t36"
                },
                {
                    "begin": 323,
                    "text": "viewpoint",
                    "end": 332,
                    "id": "s1-t37"
                },
                {
                    "begin": 333,
                    "text": "of",
                    "end": 335,
                    "id": "s1-t38"
                },
                {
                    "begin": 336,
                    "text": "IR",
                    "end": 338,
                    "id": "s1-t39"
                },
                {
                    "begin": 338,
                    "text": ",",
                    "end": 339,
                    "id": "s1-t40"
                },
                {
                    "begin": 340,
                    "text": "instead",
                    "end": 347,
                    "id": "s1-t41"
                },
                {
                    "begin": 348,
                    "text": "of",
                    "end": 350,
                    "id": "s1-t42"
                },
                {
                    "begin": 351,
                    "text": "word",
                    "end": 355,
                    "id": "s1-t43"
                },
                {
                    "begin": 356,
                    "text": "error",
                    "end": 361,
                    "id": "s1-t44"
                },
                {
                    "begin": 362,
                    "text": "rate",
                    "end": 366,
                    "id": "s1-t45"
                },
                {
                    "begin": 366,
                    "text": "-LRB-",
                    "end": 371,
                    "id": "s1-t46"
                },
                {
                    "begin": 371,
                    "text": "WER",
                    "end": 374,
                    "id": "s1-t47"
                },
                {
                    "begin": 374,
                    "text": "-RRB-",
                    "end": 379,
                    "id": "s1-t48"
                },
                {
                    "begin": 379,
                    "text": ",",
                    "end": 380,
                    "id": "s1-t49"
                },
                {
                    "begin": 381,
                    "text": "which",
                    "end": 386,
                    "id": "s1-t50"
                },
                {
                    "begin": 387,
                    "text": "treats",
                    "end": 393,
                    "id": "s1-t51"
                },
                {
                    "begin": 394,
                    "text": "all",
                    "end": 397,
                    "id": "s1-t52"
                },
                {
                    "begin": 398,
                    "text": "words",
                    "end": 403,
                    "id": "s1-t53"
                },
                {
                    "begin": 404,
                    "text": "uniformly",
                    "end": 413,
                    "id": "s1-t54"
                },
                {
                    "begin": 413,
                    "text": ".",
                    "end": 414,
                    "id": "s1-t55"
                }
            ],
            "id": "s1"
        },
        {
            "begin": 414,
            "text": " A decoding strategy that minimizes WWER based on a Minimum Bayes-Risk framework has been shown, and the reduction of errors on both ASR and IR has been reported.",
            "end": 576,
            "tokens": [
                {
                    "begin": 415,
                    "text": "A",
                    "end": 416,
                    "id": "s2-t0"
                },
                {
                    "begin": 417,
                    "text": "decoding",
                    "end": 425,
                    "id": "s2-t1"
                },
                {
                    "begin": 426,
                    "text": "strategy",
                    "end": 434,
                    "id": "s2-t2"
                },
                {
                    "begin": 435,
                    "text": "that",
                    "end": 439,
                    "id": "s2-t3"
                },
                {
                    "begin": 440,
                    "text": "minimizes",
                    "end": 449,
                    "id": "s2-t4"
                },
                {
                    "begin": 450,
                    "text": "WWER",
                    "end": 454,
                    "id": "s2-t5"
                },
                {
                    "begin": 455,
                    "text": "based",
                    "end": 460,
                    "id": "s2-t6"
                },
                {
                    "begin": 461,
                    "text": "on",
                    "end": 463,
                    "id": "s2-t7"
                },
                {
                    "begin": 464,
                    "text": "a",
                    "end": 465,
                    "id": "s2-t8"
                },
                {
                    "begin": 466,
                    "text": "Minimum",
                    "end": 473,
                    "id": "s2-t9"
                },
                {
                    "begin": 474,
                    "text": "Bayes-Risk",
                    "end": 484,
                    "id": "s2-t10"
                },
                {
                    "begin": 485,
                    "text": "framework",
                    "end": 494,
                    "id": "s2-t11"
                },
                {
                    "begin": 495,
                    "text": "has",
                    "end": 498,
                    "id": "s2-t12"
                },
                {
                    "begin": 499,
                    "text": "been",
                    "end": 503,
                    "id": "s2-t13"
                },
                {
                    "begin": 504,
                    "text": "shown",
                    "end": 509,
                    "id": "s2-t14"
                },
                {
                    "begin": 509,
                    "text": ",",
                    "end": 510,
                    "id": "s2-t15"
                },
                {
                    "begin": 511,
                    "text": "and",
                    "end": 514,
                    "id": "s2-t16"
                },
                {
                    "begin": 515,
                    "text": "the",
                    "end": 518,
                    "id": "s2-t17"
                },
                {
                    "begin": 519,
                    "text": "reduction",
                    "end": 528,
                    "id": "s2-t18"
                },
                {
                    "begin": 529,
                    "text": "of",
                    "end": 531,
                    "id": "s2-t19"
                },
                {
                    "begin": 532,
                    "text": "errors",
                    "end": 538,
                    "id": "s2-t20"
                },
                {
                    "begin": 539,
                    "text": "on",
                    "end": 541,
                    "id": "s2-t21"
                },
                {
                    "begin": 542,
                    "text": "both",
                    "end": 546,
                    "id": "s2-t22"
                },
                {
                    "begin": 547,
                    "text": "ASR",
                    "end": 550,
                    "id": "s2-t23"
                },
                {
                    "begin": 551,
                    "text": "and",
                    "end": 554,
                    "id": "s2-t24"
                },
                {
                    "begin": 555,
                    "text": "IR",
                    "end": 557,
                    "id": "s2-t25"
                },
                {
                    "begin": 558,
                    "text": "has",
                    "end": 561,
                    "id": "s2-t26"
                },
                {
                    "begin": 562,
                    "text": "been",
                    "end": 566,
                    "id": "s2-t27"
                },
                {
                    "begin": 567,
                    "text": "reported",
                    "end": 575,
                    "id": "s2-t28"
                },
                {
                    "begin": 575,
                    "text": ".",
                    "end": 576,
                    "id": "s2-t29"
                }
            ],
            "id": "s2"
        },
        {
            "begin": 576,
            "text": " In this paper, we propose an automatic estimation method for word significance-LRB-weights-RRB-based on its influence on IR.",
            "end": 701,
            "tokens": [
                {
                    "begin": 577,
                    "text": "In",
                    "end": 579,
                    "id": "s3-t0"
                },
                {
                    "begin": 580,
                    "text": "this",
                    "end": 584,
                    "id": "s3-t1"
                },
                {
                    "begin": 585,
                    "text": "paper",
                    "end": 590,
                    "id": "s3-t2"
                },
                {
                    "begin": 590,
                    "text": ",",
                    "end": 591,
                    "id": "s3-t3"
                },
                {
                    "begin": 592,
                    "text": "we",
                    "end": 594,
                    "id": "s3-t4"
                },
                {
                    "begin": 595,
                    "text": "propose",
                    "end": 602,
                    "id": "s3-t5"
                },
                {
                    "begin": 603,
                    "text": "an",
                    "end": 605,
                    "id": "s3-t6"
                },
                {
                    "begin": 606,
                    "text": "automatic",
                    "end": 615,
                    "id": "s3-t7"
                },
                {
                    "begin": 616,
                    "text": "estimation",
                    "end": 626,
                    "id": "s3-t8"
                },
                {
                    "begin": 627,
                    "text": "method",
                    "end": 633,
                    "id": "s3-t9"
                },
                {
                    "begin": 634,
                    "text": "for",
                    "end": 637,
                    "id": "s3-t10"
                },
                {
                    "begin": 638,
                    "text": "word",
                    "end": 642,
                    "id": "s3-t11"
                },
                {
                    "begin": 643,
                    "text": "significance",
                    "end": 655,
                    "id": "s3-t12"
                },
                {
                    "begin": 655,
                    "text": "-LRB-",
                    "end": 660,
                    "id": "s3-t13"
                },
                {
                    "begin": 660,
                    "text": "weights",
                    "end": 667,
                    "id": "s3-t14"
                },
                {
                    "begin": 667,
                    "text": "-RRB-",
                    "end": 672,
                    "id": "s3-t15"
                },
                {
                    "begin": 672,
                    "text": "based",
                    "end": 677,
                    "id": "s3-t16"
                },
                {
                    "begin": 678,
                    "text": "on",
                    "end": 680,
                    "id": "s3-t17"
                },
                {
                    "begin": 681,
                    "text": "its",
                    "end": 684,
                    "id": "s3-t18"
                },
                {
                    "begin": 685,
                    "text": "influence",
                    "end": 694,
                    "id": "s3-t19"
                },
                {
                    "begin": 695,
                    "text": "on",
                    "end": 697,
                    "id": "s3-t20"
                },
                {
                    "begin": 698,
                    "text": "IR",
                    "end": 700,
                    "id": "s3-t21"
                },
                {
                    "begin": 700,
                    "text": ".",
                    "end": 701,
                    "id": "s3-t22"
                }
            ],
            "id": "s3"
        },
        {
            "begin": 701,
            "text": " Specifically, weights are estimated so that evaluation measures of ASR and IR are equivalent.",
            "end": 795,
            "tokens": [
                {
                    "begin": 702,
                    "text": "Specifically",
                    "end": 714,
                    "id": "s4-t0"
                },
                {
                    "begin": 714,
                    "text": ",",
                    "end": 715,
                    "id": "s4-t1"
                },
                {
                    "begin": 716,
                    "text": "weights",
                    "end": 723,
                    "id": "s4-t2"
                },
                {
                    "begin": 724,
                    "text": "are",
                    "end": 727,
                    "id": "s4-t3"
                },
                {
                    "begin": 728,
                    "text": "estimated",
                    "end": 737,
                    "id": "s4-t4"
                },
                {
                    "begin": 738,
                    "text": "so",
                    "end": 740,
                    "id": "s4-t5"
                },
                {
                    "begin": 741,
                    "text": "that",
                    "end": 745,
                    "id": "s4-t6"
                },
                {
                    "begin": 746,
                    "text": "evaluation",
                    "end": 756,
                    "id": "s4-t7"
                },
                {
                    "begin": 757,
                    "text": "measures",
                    "end": 765,
                    "id": "s4-t8"
                },
                {
                    "begin": 766,
                    "text": "of",
                    "end": 768,
                    "id": "s4-t9"
                },
                {
                    "begin": 769,
                    "text": "ASR",
                    "end": 772,
                    "id": "s4-t10"
                },
                {
                    "begin": 773,
                    "text": "and",
                    "end": 776,
                    "id": "s4-t11"
                },
                {
                    "begin": 777,
                    "text": "IR",
                    "end": 779,
                    "id": "s4-t12"
                },
                {
                    "begin": 780,
                    "text": "are",
                    "end": 783,
                    "id": "s4-t13"
                },
                {
                    "begin": 784,
                    "text": "equivalent",
                    "end": 794,
                    "id": "s4-t14"
                },
                {
                    "begin": 794,
                    "text": ".",
                    "end": 795,
                    "id": "s4-t15"
                }
            ],
            "id": "s4"
        },
        {
            "begin": 795,
            "text": " We apply the proposed method to a speech-based information retrieval system, which is a typical IR system, and show that the method works well.",
            "end": 939,
            "tokens": [
                {
                    "begin": 796,
                    "text": "We",
                    "end": 798,
                    "id": "s5-t0"
                },
                {
                    "begin": 799,
                    "text": "apply",
                    "end": 804,
                    "id": "s5-t1"
                },
                {
                    "begin": 805,
                    "text": "the",
                    "end": 808,
                    "id": "s5-t2"
                },
                {
                    "begin": 809,
                    "text": "proposed",
                    "end": 817,
                    "id": "s5-t3"
                },
                {
                    "begin": 818,
                    "text": "method",
                    "end": 824,
                    "id": "s5-t4"
                },
                {
                    "begin": 825,
                    "text": "to",
                    "end": 827,
                    "id": "s5-t5"
                },
                {
                    "begin": 828,
                    "text": "a",
                    "end": 829,
                    "id": "s5-t6"
                },
                {
                    "begin": 830,
                    "text": "speech-based",
                    "end": 842,
                    "id": "s5-t7"
                },
                {
                    "begin": 843,
                    "text": "information",
                    "end": 854,
                    "id": "s5-t8"
                },
                {
                    "begin": 855,
                    "text": "retrieval",
                    "end": 864,
                    "id": "s5-t9"
                },
                {
                    "begin": 865,
                    "text": "system",
                    "end": 871,
                    "id": "s5-t10"
                },
                {
                    "begin": 871,
                    "text": ",",
                    "end": 872,
                    "id": "s5-t11"
                },
                {
                    "begin": 873,
                    "text": "which",
                    "end": 878,
                    "id": "s5-t12"
                },
                {
                    "begin": 879,
                    "text": "is",
                    "end": 881,
                    "id": "s5-t13"
                },
                {
                    "begin": 882,
                    "text": "a",
                    "end": 883,
                    "id": "s5-t14"
                },
                {
                    "begin": 884,
                    "text": "typical",
                    "end": 891,
                    "id": "s5-t15"
                },
                {
                    "begin": 892,
                    "text": "IR",
                    "end": 894,
                    "id": "s5-t16"
                },
                {
                    "begin": 895,
                    "text": "system",
                    "end": 901,
                    "id": "s5-t17"
                },
                {
                    "begin": 901,
                    "text": ",",
                    "end": 902,
                    "id": "s5-t18"
                },
                {
                    "begin": 903,
                    "text": "and",
                    "end": 906,
                    "id": "s5-t19"
                },
                {
                    "begin": 907,
                    "text": "show",
                    "end": 911,
                    "id": "s5-t20"
                },
                {
                    "begin": 912,
                    "text": "that",
                    "end": 916,
                    "id": "s5-t21"
                },
                {
                    "begin": 917,
                    "text": "the",
                    "end": 920,
                    "id": "s5-t22"
                },
                {
                    "begin": 921,
                    "text": "method",
                    "end": 927,
                    "id": "s5-t23"
                },
                {
                    "begin": 928,
                    "text": "works",
                    "end": 933,
                    "id": "s5-t24"
                },
                {
                    "begin": 934,
                    "text": "well",
                    "end": 938,
                    "id": "s5-t25"
                },
                {
                    "begin": 938,
                    "text": ".",
                    "end": 939,
                    "id": "s5-t26"
                }
            ],
            "id": "s5"
        }
    ],
    "text": "Automatic estimation of word significance oriented for speech-based Information Retrieval-LRB-IR-RRB-is addressed. Since the significance of words differs in IR, automatic speech recognition-LRB-ASR-RRB-performance has been evaluated based on weighted word error rate-LRB-WWER-RRB-, which gives a weight on errors from the viewpoint of IR, instead of word error rate-LRB-WER-RRB-, which treats all words uniformly. A decoding strategy that minimizes WWER based on a Minimum Bayes-Risk framework has been shown, and the reduction of errors on both ASR and IR has been reported. In this paper, we propose an automatic estimation method for word significance-LRB-weights-RRB-based on its influence on IR. Specifically, weights are estimated so that evaluation measures of ASR and IR are equivalent. We apply the proposed method to a speech-based information retrieval system, which is a typical IR system, and show that the method works well.",
    "id": "514e7011-3e30-4b6f-b716-633dff3e4a7d"
}