{
    "mentions": [
        {
            "begin": 6,
            "id": "m0",
            "end": 15,
            "type": "Generic",
            "text": "algorithm"
        },
        {
            "begin": 38,
            "id": "m1",
            "end": 75,
            "type": "Task",
            "text": "dimensional container packing problem"
        },
        {
            "begin": 112,
            "id": "m2",
            "end": 121,
            "type": "Generic",
            "text": "algorithm"
        },
        {
            "begin": 152,
            "id": "m3",
            "end": 190,
            "type": "Method",
            "text": "approach of wall building and layering"
        },
        {
            "begin": 192,
            "id": "m4",
            "end": 194,
            "type": "Generic",
            "text": "It"
        },
        {
            "begin": 288,
            "id": "m5",
            "end": 294,
            "type": "Generic",
            "text": "method"
        },
        {
            "begin": 329,
            "id": "m6",
            "end": 339,
            "type": "Material",
            "text": "OR-Library"
        },
        {
            "begin": 384,
            "id": "m7",
            "end": 393,
            "type": "Generic",
            "text": "algorithm"
        },
        {
            "begin": 416,
            "id": "m8",
            "end": 443,
            "type": "Metric",
            "text": "average packing utilization"
        }
    ],
    "relations": [
        {
            "args": [
                "m0",
                "m1"
            ],
            "type": "USED-FOR",
            "id": "r0"
        },
        {
            "args": [
                "m2",
                "m3"
            ],
            "type": "COMPARE",
            "id": "r1"
        },
        {
            "args": [
                "m6",
                "m5"
            ],
            "type": "EVALUATE-FOR",
            "id": "r2"
        },
        {
            "args": [
                "m8",
                "m7"
            ],
            "type": "EVALUATE-FOR",
            "id": "r3"
        }
    ],
    "sentences": [
        {
            "begin": 0,
            "text": "A new algorithm for solving the three dimensional container packing problem is proposed in this paper.",
            "end": 102,
            "tokens": [
                {
                    "begin": 0,
                    "text": "A",
                    "end": 1,
                    "id": "s0-t0"
                },
                {
                    "begin": 2,
                    "text": "new",
                    "end": 5,
                    "id": "s0-t1"
                },
                {
                    "begin": 6,
                    "text": "algorithm",
                    "end": 15,
                    "id": "s0-t2"
                },
                {
                    "begin": 16,
                    "text": "for",
                    "end": 19,
                    "id": "s0-t3"
                },
                {
                    "begin": 20,
                    "text": "solving",
                    "end": 27,
                    "id": "s0-t4"
                },
                {
                    "begin": 28,
                    "text": "the",
                    "end": 31,
                    "id": "s0-t5"
                },
                {
                    "begin": 32,
                    "text": "three",
                    "end": 37,
                    "id": "s0-t6"
                },
                {
                    "begin": 38,
                    "text": "dimensional",
                    "end": 49,
                    "id": "s0-t7"
                },
                {
                    "begin": 50,
                    "text": "container",
                    "end": 59,
                    "id": "s0-t8"
                },
                {
                    "begin": 60,
                    "text": "packing",
                    "end": 67,
                    "id": "s0-t9"
                },
                {
                    "begin": 68,
                    "text": "problem",
                    "end": 75,
                    "id": "s0-t10"
                },
                {
                    "begin": 76,
                    "text": "is",
                    "end": 78,
                    "id": "s0-t11"
                },
                {
                    "begin": 79,
                    "text": "proposed",
                    "end": 87,
                    "id": "s0-t12"
                },
                {
                    "begin": 88,
                    "text": "in",
                    "end": 90,
                    "id": "s0-t13"
                },
                {
                    "begin": 91,
                    "text": "this",
                    "end": 95,
                    "id": "s0-t14"
                },
                {
                    "begin": 96,
                    "text": "paper",
                    "end": 101,
                    "id": "s0-t15"
                },
                {
                    "begin": 101,
                    "text": ".",
                    "end": 102,
                    "id": "s0-t16"
                }
            ],
            "id": "s0"
        },
        {
            "begin": 102,
            "text": " This new algorithm deviates from the traditional approach of wall building and layering.",
            "end": 191,
            "tokens": [
                {
                    "begin": 103,
                    "text": "This",
                    "end": 107,
                    "id": "s1-t0"
                },
                {
                    "begin": 108,
                    "text": "new",
                    "end": 111,
                    "id": "s1-t1"
                },
                {
                    "begin": 112,
                    "text": "algorithm",
                    "end": 121,
                    "id": "s1-t2"
                },
                {
                    "begin": 122,
                    "text": "deviates",
                    "end": 130,
                    "id": "s1-t3"
                },
                {
                    "begin": 131,
                    "text": "from",
                    "end": 135,
                    "id": "s1-t4"
                },
                {
                    "begin": 136,
                    "text": "the",
                    "end": 139,
                    "id": "s1-t5"
                },
                {
                    "begin": 140,
                    "text": "traditional",
                    "end": 151,
                    "id": "s1-t6"
                },
                {
                    "begin": 152,
                    "text": "approach",
                    "end": 160,
                    "id": "s1-t7"
                },
                {
                    "begin": 161,
                    "text": "of",
                    "end": 163,
                    "id": "s1-t8"
                },
                {
                    "begin": 164,
                    "text": "wall",
                    "end": 168,
                    "id": "s1-t9"
                },
                {
                    "begin": 169,
                    "text": "building",
                    "end": 177,
                    "id": "s1-t10"
                },
                {
                    "begin": 178,
                    "text": "and",
                    "end": 181,
                    "id": "s1-t11"
                },
                {
                    "begin": 182,
                    "text": "layering",
                    "end": 190,
                    "id": "s1-t12"
                },
                {
                    "begin": 190,
                    "text": ".",
                    "end": 191,
                    "id": "s1-t13"
                }
            ],
            "id": "s1"
        },
        {
            "begin": 191,
            "text": " It uses the concept of'' building growing'' from multiple sides of the container.",
            "end": 273,
            "tokens": [
                {
                    "begin": 192,
                    "text": "It",
                    "end": 194,
                    "id": "s2-t0"
                },
                {
                    "begin": 195,
                    "text": "uses",
                    "end": 199,
                    "id": "s2-t1"
                },
                {
                    "begin": 200,
                    "text": "the",
                    "end": 203,
                    "id": "s2-t2"
                },
                {
                    "begin": 204,
                    "text": "concept",
                    "end": 211,
                    "id": "s2-t3"
                },
                {
                    "begin": 212,
                    "text": "of",
                    "end": 214,
                    "id": "s2-t4"
                },
                {
                    "begin": 214,
                    "text": "''",
                    "end": 216,
                    "id": "s2-t5"
                },
                {
                    "begin": 217,
                    "text": "building",
                    "end": 225,
                    "id": "s2-t6"
                },
                {
                    "begin": 226,
                    "text": "growing",
                    "end": 233,
                    "id": "s2-t7"
                },
                {
                    "begin": 233,
                    "text": "''",
                    "end": 235,
                    "id": "s2-t8"
                },
                {
                    "begin": 236,
                    "text": "from",
                    "end": 240,
                    "id": "s2-t9"
                },
                {
                    "begin": 241,
                    "text": "multiple",
                    "end": 249,
                    "id": "s2-t10"
                },
                {
                    "begin": 250,
                    "text": "sides",
                    "end": 255,
                    "id": "s2-t11"
                },
                {
                    "begin": 256,
                    "text": "of",
                    "end": 258,
                    "id": "s2-t12"
                },
                {
                    "begin": 259,
                    "text": "the",
                    "end": 262,
                    "id": "s2-t13"
                },
                {
                    "begin": 263,
                    "text": "container",
                    "end": 272,
                    "id": "s2-t14"
                },
                {
                    "begin": 272,
                    "text": ".",
                    "end": 273,
                    "id": "s2-t15"
                }
            ],
            "id": "s2"
        },
        {
            "begin": 273,
            "text": " We tested our method using all 760 test cases from the OR-Library.",
            "end": 340,
            "tokens": [
                {
                    "begin": 274,
                    "text": "We",
                    "end": 276,
                    "id": "s3-t0"
                },
                {
                    "begin": 277,
                    "text": "tested",
                    "end": 283,
                    "id": "s3-t1"
                },
                {
                    "begin": 284,
                    "text": "our",
                    "end": 287,
                    "id": "s3-t2"
                },
                {
                    "begin": 288,
                    "text": "method",
                    "end": 294,
                    "id": "s3-t3"
                },
                {
                    "begin": 295,
                    "text": "using",
                    "end": 300,
                    "id": "s3-t4"
                },
                {
                    "begin": 301,
                    "text": "all",
                    "end": 304,
                    "id": "s3-t5"
                },
                {
                    "begin": 305,
                    "text": "760",
                    "end": 308,
                    "id": "s3-t6"
                },
                {
                    "begin": 309,
                    "text": "test",
                    "end": 313,
                    "id": "s3-t7"
                },
                {
                    "begin": 314,
                    "text": "cases",
                    "end": 319,
                    "id": "s3-t8"
                },
                {
                    "begin": 320,
                    "text": "from",
                    "end": 324,
                    "id": "s3-t9"
                },
                {
                    "begin": 325,
                    "text": "the",
                    "end": 328,
                    "id": "s3-t10"
                },
                {
                    "begin": 329,
                    "text": "OR-Library",
                    "end": 339,
                    "id": "s3-t11"
                },
                {
                    "begin": 339,
                    "text": ".",
                    "end": 340,
                    "id": "s3-t12"
                }
            ],
            "id": "s3"
        },
        {
            "begin": 340,
            "text": " Experimental results indicate that the new algorithm is able to achieve an average packing utilization of more than 87%.",
            "end": 461,
            "tokens": [
                {
                    "begin": 341,
                    "text": "Experimental",
                    "end": 353,
                    "id": "s4-t0"
                },
                {
                    "begin": 354,
                    "text": "results",
                    "end": 361,
                    "id": "s4-t1"
                },
                {
                    "begin": 362,
                    "text": "indicate",
                    "end": 370,
                    "id": "s4-t2"
                },
                {
                    "begin": 371,
                    "text": "that",
                    "end": 375,
                    "id": "s4-t3"
                },
                {
                    "begin": 376,
                    "text": "the",
                    "end": 379,
                    "id": "s4-t4"
                },
                {
                    "begin": 380,
                    "text": "new",
                    "end": 383,
                    "id": "s4-t5"
                },
                {
                    "begin": 384,
                    "text": "algorithm",
                    "end": 393,
                    "id": "s4-t6"
                },
                {
                    "begin": 394,
                    "text": "is",
                    "end": 396,
                    "id": "s4-t7"
                },
                {
                    "begin": 397,
                    "text": "able",
                    "end": 401,
                    "id": "s4-t8"
                },
                {
                    "begin": 402,
                    "text": "to",
                    "end": 404,
                    "id": "s4-t9"
                },
                {
                    "begin": 405,
                    "text": "achieve",
                    "end": 412,
                    "id": "s4-t10"
                },
                {
                    "begin": 413,
                    "text": "an",
                    "end": 415,
                    "id": "s4-t11"
                },
                {
                    "begin": 416,
                    "text": "average",
                    "end": 423,
                    "id": "s4-t12"
                },
                {
                    "begin": 424,
                    "text": "packing",
                    "end": 431,
                    "id": "s4-t13"
                },
                {
                    "begin": 432,
                    "text": "utilization",
                    "end": 443,
                    "id": "s4-t14"
                },
                {
                    "begin": 444,
                    "text": "of",
                    "end": 446,
                    "id": "s4-t15"
                },
                {
                    "begin": 447,
                    "text": "more",
                    "end": 451,
                    "id": "s4-t16"
                },
                {
                    "begin": 452,
                    "text": "than",
                    "end": 456,
                    "id": "s4-t17"
                },
                {
                    "begin": 457,
                    "text": "87",
                    "end": 459,
                    "id": "s4-t18"
                },
                {
                    "begin": 459,
                    "text": "%",
                    "end": 460,
                    "id": "s4-t19"
                },
                {
                    "begin": 460,
                    "text": ".",
                    "end": 461,
                    "id": "s4-t20"
                }
            ],
            "id": "s4"
        },
        {
            "begin": 461,
            "text": " This is better than the results reported in the literature.",
            "end": 521,
            "tokens": [
                {
                    "begin": 462,
                    "text": "This",
                    "end": 466,
                    "id": "s5-t0"
                },
                {
                    "begin": 467,
                    "text": "is",
                    "end": 469,
                    "id": "s5-t1"
                },
                {
                    "begin": 470,
                    "text": "better",
                    "end": 476,
                    "id": "s5-t2"
                },
                {
                    "begin": 477,
                    "text": "than",
                    "end": 481,
                    "id": "s5-t3"
                },
                {
                    "begin": 482,
                    "text": "the",
                    "end": 485,
                    "id": "s5-t4"
                },
                {
                    "begin": 486,
                    "text": "results",
                    "end": 493,
                    "id": "s5-t5"
                },
                {
                    "begin": 494,
                    "text": "reported",
                    "end": 502,
                    "id": "s5-t6"
                },
                {
                    "begin": 503,
                    "text": "in",
                    "end": 505,
                    "id": "s5-t7"
                },
                {
                    "begin": 506,
                    "text": "the",
                    "end": 509,
                    "id": "s5-t8"
                },
                {
                    "begin": 510,
                    "text": "literature",
                    "end": 520,
                    "id": "s5-t9"
                },
                {
                    "begin": 520,
                    "text": ".",
                    "end": 521,
                    "id": "s5-t10"
                }
            ],
            "id": "s5"
        }
    ],
    "text": "A new algorithm for solving the three dimensional container packing problem is proposed in this paper. This new algorithm deviates from the traditional approach of wall building and layering. It uses the concept of'' building growing'' from multiple sides of the container. We tested our method using all 760 test cases from the OR-Library. Experimental results indicate that the new algorithm is able to achieve an average packing utilization of more than 87%. This is better than the results reported in the literature.",
    "id": "fa17682d-d392-40b3-930f-66329c43a148"
}