{
    "mentions": [
        {
            "begin": 36,
            "id": "m0",
            "end": 75,
            "type": "Task",
            "text": "optimal alignment of non-rigid surfaces"
        },
        {
            "begin": 81,
            "id": "m1",
            "end": 110,
            "type": "OtherScientificTerm",
            "text": "multi-view video observations"
        },
        {
            "begin": 123,
            "id": "m2",
            "end": 159,
            "type": "Method",
            "text": "temporally consistent representation"
        },
        {
            "begin": 174,
            "id": "m3",
            "end": 200,
            "type": "Method",
            "text": "non-rigid surface tracking"
        },
        {
            "begin": 210,
            "id": "m4",
            "end": 234,
            "type": "Method",
            "text": "frame-to-frame alignment"
        },
        {
            "begin": 324,
            "id": "m5",
            "end": 358,
            "type": "Method",
            "text": "non-sequential tracking approaches"
        },
        {
            "begin": 420,
            "id": "m6",
            "end": 441,
            "type": "Metric",
            "text": "dissimilarity measure"
        },
        {
            "begin": 552,
            "id": "m7",
            "end": 565,
            "type": "OtherScientificTerm",
            "text": "reduced drift"
        },
        {
            "begin": 580,
            "id": "m8",
            "end": 590,
            "type": "Metric",
            "text": "robustness"
        },
        {
            "begin": 600,
            "id": "m9",
            "end": 622,
            "type": "OtherScientificTerm",
            "text": "non-rigid deformations"
        },
        {
            "begin": 684,
            "id": "m10",
            "end": 692,
            "type": "OtherScientificTerm",
            "text": "branches"
        },
        {
            "begin": 700,
            "id": "m11",
            "end": 704,
            "type": "OtherScientificTerm",
            "text": "tree"
        },
        {
            "begin": 727,
            "id": "m12",
            "end": 745,
            "type": "OtherScientificTerm",
            "text": "error accumulation"
        },
        {
            "begin": 758,
            "id": "m13",
            "end": 782,
            "type": "Task",
            "text": "Optimisation of the tree"
        },
        {
            "begin": 787,
            "id": "m14",
            "end": 810,
            "type": "Method",
            "text": "non-sequential tracking"
        },
        {
            "begin": 842,
            "id": "m15",
            "end": 862,
            "type": "Metric",
            "text": "temporal consistency"
        },
        {
            "begin": 921,
            "id": "m16",
            "end": 933,
            "type": "Method",
            "text": "cluster tree"
        },
        {
            "begin": 943,
            "id": "m17",
            "end": 980,
            "type": "Task",
            "text": "sequential tracking in local segments"
        },
        {
            "begin": 1012,
            "id": "m18",
            "end": 1043,
            "type": "OtherScientificTerm",
            "text": "global non-sequential traversal"
        },
        {
            "begin": 1056,
            "id": "m19",
            "end": 1064,
            "type": "Generic",
            "text": "segments"
        },
        {
            "begin": 1104,
            "id": "m20",
            "end": 1118,
            "type": "OtherScientificTerm",
            "text": "tree structure"
        },
        {
            "begin": 1288,
            "id": "m21",
            "end": 1306,
            "type": "OtherScientificTerm",
            "text": "non-rigid surfaces"
        },
        {
            "begin": 1317,
            "id": "m22",
            "end": 1321,
            "type": "OtherScientificTerm",
            "text": "face"
        },
        {
            "begin": 1323,
            "id": "m23",
            "end": 1328,
            "type": "OtherScientificTerm",
            "text": "cloth"
        },
        {
            "begin": 1333,
            "id": "m24",
            "end": 1339,
            "type": "OtherScientificTerm",
            "text": "people"
        },
        {
            "begin": 1375,
            "id": "m25",
            "end": 1387,
            "type": "Method",
            "text": "cluster tree"
        },
        {
            "begin": 1404,
            "id": "m26",
            "end": 1424,
            "type": "Metric",
            "text": "temporal consistency"
        },
        {
            "begin": 1443,
            "id": "m27",
            "end": 1492,
            "type": "Method",
            "text": "sequential and non-sequential tracking approaches"
        },
        {
            "begin": 1529,
            "id": "m28",
            "end": 1557,
            "type": "Metric",
            "text": "synthetic facial performance"
        },
        {
            "begin": 1591,
            "id": "m29",
            "end": 1603,
            "type": "Method",
            "text": "cluster tree"
        }
    ],
    "relations": [
        {
            "args": [
                "m0",
                "m2"
            ],
            "type": "USED-FOR",
            "id": "r0"
        },
        {
            "args": [
                "m1",
                "m0"
            ],
            "type": "USED-FOR",
            "id": "r1"
        },
        {
            "args": [
                "m4",
                "m3"
            ],
            "type": "USED-FOR",
            "id": "r2"
        },
        {
            "args": [
                "m6",
                "m5"
            ],
            "type": "USED-FOR",
            "id": "r3"
        },
        {
            "args": [
                "m8",
                "m9"
            ],
            "type": "FEATURE-OF",
            "id": "r4"
        },
        {
            "args": [
                "m13",
                "m14"
            ],
            "type": "USED-FOR",
            "id": "r5"
        },
        {
            "args": [
                "m15",
                "m13"
            ],
            "type": "EVALUATE-FOR",
            "id": "r6"
        },
        {
            "args": [
                "m16",
                "m17"
            ],
            "type": "USED-FOR",
            "id": "r7"
        },
        {
            "args": [
                "m16",
                "m18"
            ],
            "type": "USED-FOR",
            "id": "r8"
        },
        {
            "args": [
                "m22",
                "m21"
            ],
            "type": "HYPONYM-OF",
            "id": "r9"
        },
        {
            "args": [
                "m22",
                "m23"
            ],
            "type": "CONJUNCTION",
            "id": "r10"
        },
        {
            "args": [
                "m23",
                "m21"
            ],
            "type": "HYPONYM-OF",
            "id": "r11"
        },
        {
            "args": [
                "m23",
                "m24"
            ],
            "type": "CONJUNCTION",
            "id": "r12"
        },
        {
            "args": [
                "m24",
                "m21"
            ],
            "type": "HYPONYM-OF",
            "id": "r13"
        },
        {
            "args": [
                "m25",
                "m27"
            ],
            "type": "COMPARE",
            "id": "r14"
        },
        {
            "args": [
                "m26",
                "m25"
            ],
            "type": "EVALUATE-FOR",
            "id": "r15"
        },
        {
            "args": [
                "m28",
                "m29"
            ],
            "type": "EVALUATE-FOR",
            "id": "r16"
        }
    ],
    "sentences": [
        {
            "begin": 0,
            "text": "This paper addresses the problem of optimal alignment of non-rigid surfaces from multi-view video observations to obtain a temporally consistent representation.",
            "end": 160,
            "tokens": [
                {
                    "begin": 0,
                    "text": "This",
                    "end": 4,
                    "id": "s0-t0"
                },
                {
                    "begin": 5,
                    "text": "paper",
                    "end": 10,
                    "id": "s0-t1"
                },
                {
                    "begin": 11,
                    "text": "addresses",
                    "end": 20,
                    "id": "s0-t2"
                },
                {
                    "begin": 21,
                    "text": "the",
                    "end": 24,
                    "id": "s0-t3"
                },
                {
                    "begin": 25,
                    "text": "problem",
                    "end": 32,
                    "id": "s0-t4"
                },
                {
                    "begin": 33,
                    "text": "of",
                    "end": 35,
                    "id": "s0-t5"
                },
                {
                    "begin": 36,
                    "text": "optimal",
                    "end": 43,
                    "id": "s0-t6"
                },
                {
                    "begin": 44,
                    "text": "alignment",
                    "end": 53,
                    "id": "s0-t7"
                },
                {
                    "begin": 54,
                    "text": "of",
                    "end": 56,
                    "id": "s0-t8"
                },
                {
                    "begin": 57,
                    "text": "non-rigid",
                    "end": 66,
                    "id": "s0-t9"
                },
                {
                    "begin": 67,
                    "text": "surfaces",
                    "end": 75,
                    "id": "s0-t10"
                },
                {
                    "begin": 76,
                    "text": "from",
                    "end": 80,
                    "id": "s0-t11"
                },
                {
                    "begin": 81,
                    "text": "multi-view",
                    "end": 91,
                    "id": "s0-t12"
                },
                {
                    "begin": 92,
                    "text": "video",
                    "end": 97,
                    "id": "s0-t13"
                },
                {
                    "begin": 98,
                    "text": "observations",
                    "end": 110,
                    "id": "s0-t14"
                },
                {
                    "begin": 111,
                    "text": "to",
                    "end": 113,
                    "id": "s0-t15"
                },
                {
                    "begin": 114,
                    "text": "obtain",
                    "end": 120,
                    "id": "s0-t16"
                },
                {
                    "begin": 121,
                    "text": "a",
                    "end": 122,
                    "id": "s0-t17"
                },
                {
                    "begin": 123,
                    "text": "temporally",
                    "end": 133,
                    "id": "s0-t18"
                },
                {
                    "begin": 134,
                    "text": "consistent",
                    "end": 144,
                    "id": "s0-t19"
                },
                {
                    "begin": 145,
                    "text": "representation",
                    "end": 159,
                    "id": "s0-t20"
                },
                {
                    "begin": 159,
                    "text": ".",
                    "end": 160,
                    "id": "s0-t21"
                }
            ],
            "id": "s0"
        },
        {
            "begin": 160,
            "text": " Conventional non-rigid surface tracking performs frame-to-frame alignment which is subject to the accumulation of errors resulting in a drift over time.",
            "end": 313,
            "tokens": [
                {
                    "begin": 161,
                    "text": "Conventional",
                    "end": 173,
                    "id": "s1-t0"
                },
                {
                    "begin": 174,
                    "text": "non-rigid",
                    "end": 183,
                    "id": "s1-t1"
                },
                {
                    "begin": 184,
                    "text": "surface",
                    "end": 191,
                    "id": "s1-t2"
                },
                {
                    "begin": 192,
                    "text": "tracking",
                    "end": 200,
                    "id": "s1-t3"
                },
                {
                    "begin": 201,
                    "text": "performs",
                    "end": 209,
                    "id": "s1-t4"
                },
                {
                    "begin": 210,
                    "text": "frame-to-frame",
                    "end": 224,
                    "id": "s1-t5"
                },
                {
                    "begin": 225,
                    "text": "alignment",
                    "end": 234,
                    "id": "s1-t6"
                },
                {
                    "begin": 235,
                    "text": "which",
                    "end": 240,
                    "id": "s1-t7"
                },
                {
                    "begin": 241,
                    "text": "is",
                    "end": 243,
                    "id": "s1-t8"
                },
                {
                    "begin": 244,
                    "text": "subject",
                    "end": 251,
                    "id": "s1-t9"
                },
                {
                    "begin": 252,
                    "text": "to",
                    "end": 254,
                    "id": "s1-t10"
                },
                {
                    "begin": 255,
                    "text": "the",
                    "end": 258,
                    "id": "s1-t11"
                },
                {
                    "begin": 259,
                    "text": "accumulation",
                    "end": 271,
                    "id": "s1-t12"
                },
                {
                    "begin": 272,
                    "text": "of",
                    "end": 274,
                    "id": "s1-t13"
                },
                {
                    "begin": 275,
                    "text": "errors",
                    "end": 281,
                    "id": "s1-t14"
                },
                {
                    "begin": 282,
                    "text": "resulting",
                    "end": 291,
                    "id": "s1-t15"
                },
                {
                    "begin": 292,
                    "text": "in",
                    "end": 294,
                    "id": "s1-t16"
                },
                {
                    "begin": 295,
                    "text": "a",
                    "end": 296,
                    "id": "s1-t17"
                },
                {
                    "begin": 297,
                    "text": "drift",
                    "end": 302,
                    "id": "s1-t18"
                },
                {
                    "begin": 303,
                    "text": "over",
                    "end": 307,
                    "id": "s1-t19"
                },
                {
                    "begin": 308,
                    "text": "time",
                    "end": 312,
                    "id": "s1-t20"
                },
                {
                    "begin": 312,
                    "text": ".",
                    "end": 313,
                    "id": "s1-t21"
                }
            ],
            "id": "s1"
        },
        {
            "begin": 313,
            "text": " Recently, non-sequential tracking approaches have been introduced which reorder the input data based on a dissimilarity measure.",
            "end": 442,
            "tokens": [
                {
                    "begin": 314,
                    "text": "Recently",
                    "end": 322,
                    "id": "s2-t0"
                },
                {
                    "begin": 322,
                    "text": ",",
                    "end": 323,
                    "id": "s2-t1"
                },
                {
                    "begin": 324,
                    "text": "non-sequential",
                    "end": 338,
                    "id": "s2-t2"
                },
                {
                    "begin": 339,
                    "text": "tracking",
                    "end": 347,
                    "id": "s2-t3"
                },
                {
                    "begin": 348,
                    "text": "approaches",
                    "end": 358,
                    "id": "s2-t4"
                },
                {
                    "begin": 359,
                    "text": "have",
                    "end": 363,
                    "id": "s2-t5"
                },
                {
                    "begin": 364,
                    "text": "been",
                    "end": 368,
                    "id": "s2-t6"
                },
                {
                    "begin": 369,
                    "text": "introduced",
                    "end": 379,
                    "id": "s2-t7"
                },
                {
                    "begin": 380,
                    "text": "which",
                    "end": 385,
                    "id": "s2-t8"
                },
                {
                    "begin": 386,
                    "text": "reorder",
                    "end": 393,
                    "id": "s2-t9"
                },
                {
                    "begin": 394,
                    "text": "the",
                    "end": 397,
                    "id": "s2-t10"
                },
                {
                    "begin": 398,
                    "text": "input",
                    "end": 403,
                    "id": "s2-t11"
                },
                {
                    "begin": 404,
                    "text": "data",
                    "end": 408,
                    "id": "s2-t12"
                },
                {
                    "begin": 409,
                    "text": "based",
                    "end": 414,
                    "id": "s2-t13"
                },
                {
                    "begin": 415,
                    "text": "on",
                    "end": 417,
                    "id": "s2-t14"
                },
                {
                    "begin": 418,
                    "text": "a",
                    "end": 419,
                    "id": "s2-t15"
                },
                {
                    "begin": 420,
                    "text": "dissimilarity",
                    "end": 433,
                    "id": "s2-t16"
                },
                {
                    "begin": 434,
                    "text": "measure",
                    "end": 441,
                    "id": "s2-t17"
                },
                {
                    "begin": 441,
                    "text": ".",
                    "end": 442,
                    "id": "s2-t18"
                }
            ],
            "id": "s2"
        },
        {
            "begin": 442,
            "text": " One or more input sequences are represented in a tree with reduced alignment path length.",
            "end": 532,
            "tokens": [
                {
                    "begin": 443,
                    "text": "One",
                    "end": 446,
                    "id": "s3-t0"
                },
                {
                    "begin": 447,
                    "text": "or",
                    "end": 449,
                    "id": "s3-t1"
                },
                {
                    "begin": 450,
                    "text": "more",
                    "end": 454,
                    "id": "s3-t2"
                },
                {
                    "begin": 455,
                    "text": "input",
                    "end": 460,
                    "id": "s3-t3"
                },
                {
                    "begin": 461,
                    "text": "sequences",
                    "end": 470,
                    "id": "s3-t4"
                },
                {
                    "begin": 471,
                    "text": "are",
                    "end": 474,
                    "id": "s3-t5"
                },
                {
                    "begin": 475,
                    "text": "represented",
                    "end": 486,
                    "id": "s3-t6"
                },
                {
                    "begin": 487,
                    "text": "in",
                    "end": 489,
                    "id": "s3-t7"
                },
                {
                    "begin": 490,
                    "text": "a",
                    "end": 491,
                    "id": "s3-t8"
                },
                {
                    "begin": 492,
                    "text": "tree",
                    "end": 496,
                    "id": "s3-t9"
                },
                {
                    "begin": 497,
                    "text": "with",
                    "end": 501,
                    "id": "s3-t10"
                },
                {
                    "begin": 502,
                    "text": "reduced",
                    "end": 509,
                    "id": "s3-t11"
                },
                {
                    "begin": 510,
                    "text": "alignment",
                    "end": 519,
                    "id": "s3-t12"
                },
                {
                    "begin": 520,
                    "text": "path",
                    "end": 524,
                    "id": "s3-t13"
                },
                {
                    "begin": 525,
                    "text": "length",
                    "end": 531,
                    "id": "s3-t14"
                },
                {
                    "begin": 531,
                    "text": ".",
                    "end": 532,
                    "id": "s3-t15"
                }
            ],
            "id": "s3"
        },
        {
            "begin": 532,
            "text": " They demonstrate a reduced drift and increased robustness to large non-rigid deformations.",
            "end": 623,
            "tokens": [
                {
                    "begin": 533,
                    "text": "They",
                    "end": 537,
                    "id": "s4-t0"
                },
                {
                    "begin": 538,
                    "text": "demonstrate",
                    "end": 549,
                    "id": "s4-t1"
                },
                {
                    "begin": 550,
                    "text": "a",
                    "end": 551,
                    "id": "s4-t2"
                },
                {
                    "begin": 552,
                    "text": "reduced",
                    "end": 559,
                    "id": "s4-t3"
                },
                {
                    "begin": 560,
                    "text": "drift",
                    "end": 565,
                    "id": "s4-t4"
                },
                {
                    "begin": 566,
                    "text": "and",
                    "end": 569,
                    "id": "s4-t5"
                },
                {
                    "begin": 570,
                    "text": "increased",
                    "end": 579,
                    "id": "s4-t6"
                },
                {
                    "begin": 580,
                    "text": "robustness",
                    "end": 590,
                    "id": "s4-t7"
                },
                {
                    "begin": 591,
                    "text": "to",
                    "end": 593,
                    "id": "s4-t8"
                },
                {
                    "begin": 594,
                    "text": "large",
                    "end": 599,
                    "id": "s4-t9"
                },
                {
                    "begin": 600,
                    "text": "non-rigid",
                    "end": 609,
                    "id": "s4-t10"
                },
                {
                    "begin": 610,
                    "text": "deformations",
                    "end": 622,
                    "id": "s4-t11"
                },
                {
                    "begin": 622,
                    "text": ".",
                    "end": 623,
                    "id": "s4-t12"
                }
            ],
            "id": "s4"
        },
        {
            "begin": 623,
            "text": " However, jumps may occur in the aligned mesh sequence where branches of the tree meet due to different error accumulation along them.",
            "end": 757,
            "tokens": [
                {
                    "begin": 624,
                    "text": "However",
                    "end": 631,
                    "id": "s5-t0"
                },
                {
                    "begin": 631,
                    "text": ",",
                    "end": 632,
                    "id": "s5-t1"
                },
                {
                    "begin": 633,
                    "text": "jumps",
                    "end": 638,
                    "id": "s5-t2"
                },
                {
                    "begin": 639,
                    "text": "may",
                    "end": 642,
                    "id": "s5-t3"
                },
                {
                    "begin": 643,
                    "text": "occur",
                    "end": 648,
                    "id": "s5-t4"
                },
                {
                    "begin": 649,
                    "text": "in",
                    "end": 651,
                    "id": "s5-t5"
                },
                {
                    "begin": 652,
                    "text": "the",
                    "end": 655,
                    "id": "s5-t6"
                },
                {
                    "begin": 656,
                    "text": "aligned",
                    "end": 663,
                    "id": "s5-t7"
                },
                {
                    "begin": 664,
                    "text": "mesh",
                    "end": 668,
                    "id": "s5-t8"
                },
                {
                    "begin": 669,
                    "text": "sequence",
                    "end": 677,
                    "id": "s5-t9"
                },
                {
                    "begin": 678,
                    "text": "where",
                    "end": 683,
                    "id": "s5-t10"
                },
                {
                    "begin": 684,
                    "text": "branches",
                    "end": 692,
                    "id": "s5-t11"
                },
                {
                    "begin": 693,
                    "text": "of",
                    "end": 695,
                    "id": "s5-t12"
                },
                {
                    "begin": 696,
                    "text": "the",
                    "end": 699,
                    "id": "s5-t13"
                },
                {
                    "begin": 700,
                    "text": "tree",
                    "end": 704,
                    "id": "s5-t14"
                },
                {
                    "begin": 705,
                    "text": "meet",
                    "end": 709,
                    "id": "s5-t15"
                },
                {
                    "begin": 710,
                    "text": "due",
                    "end": 713,
                    "id": "s5-t16"
                },
                {
                    "begin": 714,
                    "text": "to",
                    "end": 716,
                    "id": "s5-t17"
                },
                {
                    "begin": 717,
                    "text": "different",
                    "end": 726,
                    "id": "s5-t18"
                },
                {
                    "begin": 727,
                    "text": "error",
                    "end": 732,
                    "id": "s5-t19"
                },
                {
                    "begin": 733,
                    "text": "accumulation",
                    "end": 745,
                    "id": "s5-t20"
                },
                {
                    "begin": 746,
                    "text": "along",
                    "end": 751,
                    "id": "s5-t21"
                },
                {
                    "begin": 752,
                    "text": "them",
                    "end": 756,
                    "id": "s5-t22"
                },
                {
                    "begin": 756,
                    "text": ".",
                    "end": 757,
                    "id": "s5-t23"
                }
            ],
            "id": "s5"
        },
        {
            "begin": 757,
            "text": " Optimisation of the tree for non-sequential tracking, which minimises the errors in temporal consistency due to both the drift and the jumps, is proposed.",
            "end": 912,
            "tokens": [
                {
                    "begin": 758,
                    "text": "Optimisation",
                    "end": 770,
                    "id": "s6-t0"
                },
                {
                    "begin": 771,
                    "text": "of",
                    "end": 773,
                    "id": "s6-t1"
                },
                {
                    "begin": 774,
                    "text": "the",
                    "end": 777,
                    "id": "s6-t2"
                },
                {
                    "begin": 778,
                    "text": "tree",
                    "end": 782,
                    "id": "s6-t3"
                },
                {
                    "begin": 783,
                    "text": "for",
                    "end": 786,
                    "id": "s6-t4"
                },
                {
                    "begin": 787,
                    "text": "non-sequential",
                    "end": 801,
                    "id": "s6-t5"
                },
                {
                    "begin": 802,
                    "text": "tracking",
                    "end": 810,
                    "id": "s6-t6"
                },
                {
                    "begin": 810,
                    "text": ",",
                    "end": 811,
                    "id": "s6-t7"
                },
                {
                    "begin": 812,
                    "text": "which",
                    "end": 817,
                    "id": "s6-t8"
                },
                {
                    "begin": 818,
                    "text": "minimises",
                    "end": 827,
                    "id": "s6-t9"
                },
                {
                    "begin": 828,
                    "text": "the",
                    "end": 831,
                    "id": "s6-t10"
                },
                {
                    "begin": 832,
                    "text": "errors",
                    "end": 838,
                    "id": "s6-t11"
                },
                {
                    "begin": 839,
                    "text": "in",
                    "end": 841,
                    "id": "s6-t12"
                },
                {
                    "begin": 842,
                    "text": "temporal",
                    "end": 850,
                    "id": "s6-t13"
                },
                {
                    "begin": 851,
                    "text": "consistency",
                    "end": 862,
                    "id": "s6-t14"
                },
                {
                    "begin": 863,
                    "text": "due",
                    "end": 866,
                    "id": "s6-t15"
                },
                {
                    "begin": 867,
                    "text": "to",
                    "end": 869,
                    "id": "s6-t16"
                },
                {
                    "begin": 870,
                    "text": "both",
                    "end": 874,
                    "id": "s6-t17"
                },
                {
                    "begin": 875,
                    "text": "the",
                    "end": 878,
                    "id": "s6-t18"
                },
                {
                    "begin": 879,
                    "text": "drift",
                    "end": 884,
                    "id": "s6-t19"
                },
                {
                    "begin": 885,
                    "text": "and",
                    "end": 888,
                    "id": "s6-t20"
                },
                {
                    "begin": 889,
                    "text": "the",
                    "end": 892,
                    "id": "s6-t21"
                },
                {
                    "begin": 893,
                    "text": "jumps",
                    "end": 898,
                    "id": "s6-t22"
                },
                {
                    "begin": 898,
                    "text": ",",
                    "end": 899,
                    "id": "s6-t23"
                },
                {
                    "begin": 900,
                    "text": "is",
                    "end": 902,
                    "id": "s6-t24"
                },
                {
                    "begin": 903,
                    "text": "proposed",
                    "end": 911,
                    "id": "s6-t25"
                },
                {
                    "begin": 911,
                    "text": ".",
                    "end": 912,
                    "id": "s6-t26"
                }
            ],
            "id": "s6"
        },
        {
            "begin": 912,
            "text": " A novel cluster tree enforces sequential tracking in local segments of the sequence while allowing global non-sequential traversal among these segments.",
            "end": 1065,
            "tokens": [
                {
                    "begin": 913,
                    "text": "A",
                    "end": 914,
                    "id": "s7-t0"
                },
                {
                    "begin": 915,
                    "text": "novel",
                    "end": 920,
                    "id": "s7-t1"
                },
                {
                    "begin": 921,
                    "text": "cluster",
                    "end": 928,
                    "id": "s7-t2"
                },
                {
                    "begin": 929,
                    "text": "tree",
                    "end": 933,
                    "id": "s7-t3"
                },
                {
                    "begin": 934,
                    "text": "enforces",
                    "end": 942,
                    "id": "s7-t4"
                },
                {
                    "begin": 943,
                    "text": "sequential",
                    "end": 953,
                    "id": "s7-t5"
                },
                {
                    "begin": 954,
                    "text": "tracking",
                    "end": 962,
                    "id": "s7-t6"
                },
                {
                    "begin": 963,
                    "text": "in",
                    "end": 965,
                    "id": "s7-t7"
                },
                {
                    "begin": 966,
                    "text": "local",
                    "end": 971,
                    "id": "s7-t8"
                },
                {
                    "begin": 972,
                    "text": "segments",
                    "end": 980,
                    "id": "s7-t9"
                },
                {
                    "begin": 981,
                    "text": "of",
                    "end": 983,
                    "id": "s7-t10"
                },
                {
                    "begin": 984,
                    "text": "the",
                    "end": 987,
                    "id": "s7-t11"
                },
                {
                    "begin": 988,
                    "text": "sequence",
                    "end": 996,
                    "id": "s7-t12"
                },
                {
                    "begin": 997,
                    "text": "while",
                    "end": 1002,
                    "id": "s7-t13"
                },
                {
                    "begin": 1003,
                    "text": "allowing",
                    "end": 1011,
                    "id": "s7-t14"
                },
                {
                    "begin": 1012,
                    "text": "global",
                    "end": 1018,
                    "id": "s7-t15"
                },
                {
                    "begin": 1019,
                    "text": "non-sequential",
                    "end": 1033,
                    "id": "s7-t16"
                },
                {
                    "begin": 1034,
                    "text": "traversal",
                    "end": 1043,
                    "id": "s7-t17"
                },
                {
                    "begin": 1044,
                    "text": "among",
                    "end": 1049,
                    "id": "s7-t18"
                },
                {
                    "begin": 1050,
                    "text": "these",
                    "end": 1055,
                    "id": "s7-t19"
                },
                {
                    "begin": 1056,
                    "text": "segments",
                    "end": 1064,
                    "id": "s7-t20"
                },
                {
                    "begin": 1064,
                    "text": ".",
                    "end": 1065,
                    "id": "s7-t21"
                }
            ],
            "id": "s7"
        },
        {
            "begin": 1065,
            "text": " This provides a mechanism to create a tree structure which reduces the number and size of jumps between branches and limits the lenght of branches as well.",
            "end": 1221,
            "tokens": [
                {
                    "begin": 1066,
                    "text": "This",
                    "end": 1070,
                    "id": "s8-t0"
                },
                {
                    "begin": 1071,
                    "text": "provides",
                    "end": 1079,
                    "id": "s8-t1"
                },
                {
                    "begin": 1080,
                    "text": "a",
                    "end": 1081,
                    "id": "s8-t2"
                },
                {
                    "begin": 1082,
                    "text": "mechanism",
                    "end": 1091,
                    "id": "s8-t3"
                },
                {
                    "begin": 1092,
                    "text": "to",
                    "end": 1094,
                    "id": "s8-t4"
                },
                {
                    "begin": 1095,
                    "text": "create",
                    "end": 1101,
                    "id": "s8-t5"
                },
                {
                    "begin": 1102,
                    "text": "a",
                    "end": 1103,
                    "id": "s8-t6"
                },
                {
                    "begin": 1104,
                    "text": "tree",
                    "end": 1108,
                    "id": "s8-t7"
                },
                {
                    "begin": 1109,
                    "text": "structure",
                    "end": 1118,
                    "id": "s8-t8"
                },
                {
                    "begin": 1119,
                    "text": "which",
                    "end": 1124,
                    "id": "s8-t9"
                },
                {
                    "begin": 1125,
                    "text": "reduces",
                    "end": 1132,
                    "id": "s8-t10"
                },
                {
                    "begin": 1133,
                    "text": "the",
                    "end": 1136,
                    "id": "s8-t11"
                },
                {
                    "begin": 1137,
                    "text": "number",
                    "end": 1143,
                    "id": "s8-t12"
                },
                {
                    "begin": 1144,
                    "text": "and",
                    "end": 1147,
                    "id": "s8-t13"
                },
                {
                    "begin": 1148,
                    "text": "size",
                    "end": 1152,
                    "id": "s8-t14"
                },
                {
                    "begin": 1153,
                    "text": "of",
                    "end": 1155,
                    "id": "s8-t15"
                },
                {
                    "begin": 1156,
                    "text": "jumps",
                    "end": 1161,
                    "id": "s8-t16"
                },
                {
                    "begin": 1162,
                    "text": "between",
                    "end": 1169,
                    "id": "s8-t17"
                },
                {
                    "begin": 1170,
                    "text": "branches",
                    "end": 1178,
                    "id": "s8-t18"
                },
                {
                    "begin": 1179,
                    "text": "and",
                    "end": 1182,
                    "id": "s8-t19"
                },
                {
                    "begin": 1183,
                    "text": "limits",
                    "end": 1189,
                    "id": "s8-t20"
                },
                {
                    "begin": 1190,
                    "text": "the",
                    "end": 1193,
                    "id": "s8-t21"
                },
                {
                    "begin": 1194,
                    "text": "lenght",
                    "end": 1200,
                    "id": "s8-t22"
                },
                {
                    "begin": 1201,
                    "text": "of",
                    "end": 1203,
                    "id": "s8-t23"
                },
                {
                    "begin": 1204,
                    "text": "branches",
                    "end": 1212,
                    "id": "s8-t24"
                },
                {
                    "begin": 1213,
                    "text": "as",
                    "end": 1215,
                    "id": "s8-t25"
                },
                {
                    "begin": 1216,
                    "text": "well",
                    "end": 1220,
                    "id": "s8-t26"
                },
                {
                    "begin": 1220,
                    "text": ".",
                    "end": 1221,
                    "id": "s8-t27"
                }
            ],
            "id": "s8"
        },
        {
            "begin": 1221,
            "text": " Comprehensive evaluation is performed on a variety of challenging non-rigid surfaces including face, cloth and people.",
            "end": 1340,
            "tokens": [
                {
                    "begin": 1222,
                    "text": "Comprehensive",
                    "end": 1235,
                    "id": "s9-t0"
                },
                {
                    "begin": 1236,
                    "text": "evaluation",
                    "end": 1246,
                    "id": "s9-t1"
                },
                {
                    "begin": 1247,
                    "text": "is",
                    "end": 1249,
                    "id": "s9-t2"
                },
                {
                    "begin": 1250,
                    "text": "performed",
                    "end": 1259,
                    "id": "s9-t3"
                },
                {
                    "begin": 1260,
                    "text": "on",
                    "end": 1262,
                    "id": "s9-t4"
                },
                {
                    "begin": 1263,
                    "text": "a",
                    "end": 1264,
                    "id": "s9-t5"
                },
                {
                    "begin": 1265,
                    "text": "variety",
                    "end": 1272,
                    "id": "s9-t6"
                },
                {
                    "begin": 1273,
                    "text": "of",
                    "end": 1275,
                    "id": "s9-t7"
                },
                {
                    "begin": 1276,
                    "text": "challenging",
                    "end": 1287,
                    "id": "s9-t8"
                },
                {
                    "begin": 1288,
                    "text": "non-rigid",
                    "end": 1297,
                    "id": "s9-t9"
                },
                {
                    "begin": 1298,
                    "text": "surfaces",
                    "end": 1306,
                    "id": "s9-t10"
                },
                {
                    "begin": 1307,
                    "text": "including",
                    "end": 1316,
                    "id": "s9-t11"
                },
                {
                    "begin": 1317,
                    "text": "face",
                    "end": 1321,
                    "id": "s9-t12"
                },
                {
                    "begin": 1321,
                    "text": ",",
                    "end": 1322,
                    "id": "s9-t13"
                },
                {
                    "begin": 1323,
                    "text": "cloth",
                    "end": 1328,
                    "id": "s9-t14"
                },
                {
                    "begin": 1329,
                    "text": "and",
                    "end": 1332,
                    "id": "s9-t15"
                },
                {
                    "begin": 1333,
                    "text": "people",
                    "end": 1339,
                    "id": "s9-t16"
                },
                {
                    "begin": 1339,
                    "text": ".",
                    "end": 1340,
                    "id": "s9-t17"
                }
            ],
            "id": "s9"
        },
        {
            "begin": 1340,
            "text": " It demonstrates that the proposed cluster tree achieves better temporal consistency than the previous sequential and non-sequential tracking approaches.",
            "end": 1493,
            "tokens": [
                {
                    "begin": 1341,
                    "text": "It",
                    "end": 1343,
                    "id": "s10-t0"
                },
                {
                    "begin": 1344,
                    "text": "demonstrates",
                    "end": 1356,
                    "id": "s10-t1"
                },
                {
                    "begin": 1357,
                    "text": "that",
                    "end": 1361,
                    "id": "s10-t2"
                },
                {
                    "begin": 1362,
                    "text": "the",
                    "end": 1365,
                    "id": "s10-t3"
                },
                {
                    "begin": 1366,
                    "text": "proposed",
                    "end": 1374,
                    "id": "s10-t4"
                },
                {
                    "begin": 1375,
                    "text": "cluster",
                    "end": 1382,
                    "id": "s10-t5"
                },
                {
                    "begin": 1383,
                    "text": "tree",
                    "end": 1387,
                    "id": "s10-t6"
                },
                {
                    "begin": 1388,
                    "text": "achieves",
                    "end": 1396,
                    "id": "s10-t7"
                },
                {
                    "begin": 1397,
                    "text": "better",
                    "end": 1403,
                    "id": "s10-t8"
                },
                {
                    "begin": 1404,
                    "text": "temporal",
                    "end": 1412,
                    "id": "s10-t9"
                },
                {
                    "begin": 1413,
                    "text": "consistency",
                    "end": 1424,
                    "id": "s10-t10"
                },
                {
                    "begin": 1425,
                    "text": "than",
                    "end": 1429,
                    "id": "s10-t11"
                },
                {
                    "begin": 1430,
                    "text": "the",
                    "end": 1433,
                    "id": "s10-t12"
                },
                {
                    "begin": 1434,
                    "text": "previous",
                    "end": 1442,
                    "id": "s10-t13"
                },
                {
                    "begin": 1443,
                    "text": "sequential",
                    "end": 1453,
                    "id": "s10-t14"
                },
                {
                    "begin": 1454,
                    "text": "and",
                    "end": 1457,
                    "id": "s10-t15"
                },
                {
                    "begin": 1458,
                    "text": "non-sequential",
                    "end": 1472,
                    "id": "s10-t16"
                },
                {
                    "begin": 1473,
                    "text": "tracking",
                    "end": 1481,
                    "id": "s10-t17"
                },
                {
                    "begin": 1482,
                    "text": "approaches",
                    "end": 1492,
                    "id": "s10-t18"
                },
                {
                    "begin": 1492,
                    "text": ".",
                    "end": 1493,
                    "id": "s10-t19"
                }
            ],
            "id": "s10"
        },
        {
            "begin": 1493,
            "text": " Quantitative analysis on a created synthetic facial performance also shows an improvement by the cluster tree.",
            "end": 1604,
            "tokens": [
                {
                    "begin": 1494,
                    "text": "Quantitative",
                    "end": 1506,
                    "id": "s11-t0"
                },
                {
                    "begin": 1507,
                    "text": "analysis",
                    "end": 1515,
                    "id": "s11-t1"
                },
                {
                    "begin": 1516,
                    "text": "on",
                    "end": 1518,
                    "id": "s11-t2"
                },
                {
                    "begin": 1519,
                    "text": "a",
                    "end": 1520,
                    "id": "s11-t3"
                },
                {
                    "begin": 1521,
                    "text": "created",
                    "end": 1528,
                    "id": "s11-t4"
                },
                {
                    "begin": 1529,
                    "text": "synthetic",
                    "end": 1538,
                    "id": "s11-t5"
                },
                {
                    "begin": 1539,
                    "text": "facial",
                    "end": 1545,
                    "id": "s11-t6"
                },
                {
                    "begin": 1546,
                    "text": "performance",
                    "end": 1557,
                    "id": "s11-t7"
                },
                {
                    "begin": 1558,
                    "text": "also",
                    "end": 1562,
                    "id": "s11-t8"
                },
                {
                    "begin": 1563,
                    "text": "shows",
                    "end": 1568,
                    "id": "s11-t9"
                },
                {
                    "begin": 1569,
                    "text": "an",
                    "end": 1571,
                    "id": "s11-t10"
                },
                {
                    "begin": 1572,
                    "text": "improvement",
                    "end": 1583,
                    "id": "s11-t11"
                },
                {
                    "begin": 1584,
                    "text": "by",
                    "end": 1586,
                    "id": "s11-t12"
                },
                {
                    "begin": 1587,
                    "text": "the",
                    "end": 1590,
                    "id": "s11-t13"
                },
                {
                    "begin": 1591,
                    "text": "cluster",
                    "end": 1598,
                    "id": "s11-t14"
                },
                {
                    "begin": 1599,
                    "text": "tree",
                    "end": 1603,
                    "id": "s11-t15"
                },
                {
                    "begin": 1603,
                    "text": ".",
                    "end": 1604,
                    "id": "s11-t16"
                }
            ],
            "id": "s11"
        }
    ],
    "text": "This paper addresses the problem of optimal alignment of non-rigid surfaces from multi-view video observations to obtain a temporally consistent representation. Conventional non-rigid surface tracking performs frame-to-frame alignment which is subject to the accumulation of errors resulting in a drift over time. Recently, non-sequential tracking approaches have been introduced which reorder the input data based on a dissimilarity measure. One or more input sequences are represented in a tree with reduced alignment path length. They demonstrate a reduced drift and increased robustness to large non-rigid deformations. However, jumps may occur in the aligned mesh sequence where branches of the tree meet due to different error accumulation along them. Optimisation of the tree for non-sequential tracking, which minimises the errors in temporal consistency due to both the drift and the jumps, is proposed. A novel cluster tree enforces sequential tracking in local segments of the sequence while allowing global non-sequential traversal among these segments. This provides a mechanism to create a tree structure which reduces the number and size of jumps between branches and limits the lenght of branches as well. Comprehensive evaluation is performed on a variety of challenging non-rigid surfaces including face, cloth and people. It demonstrates that the proposed cluster tree achieves better temporal consistency than the previous sequential and non-sequential tracking approaches. Quantitative analysis on a created synthetic facial performance also shows an improvement by the cluster tree.",
    "id": "5598e59a-50da-40a6-93e3-a48ace1a135f"
}