{
    "mentions": [
        {
            "begin": 0,
            "id": "m0",
            "end": 26,
            "type": "Method",
            "text": "Metagrammatical formalisms"
        },
        {
            "begin": 40,
            "id": "m1",
            "end": 75,
            "type": "OtherScientificTerm",
            "text": "context-free phrase structure rules"
        },
        {
            "begin": 80,
            "id": "m2",
            "end": 111,
            "type": "OtherScientificTerm",
            "text": "metarules-LRB-MPS grammars-RRB-"
        },
        {
            "begin": 164,
            "id": "m3",
            "end": 191,
            "type": "OtherScientificTerm",
            "text": "syntax of natural languages"
        },
        {
            "begin": 193,
            "id": "m4",
            "end": 219,
            "type": "Method",
            "text": "Unconstrained MPS grammars"
        },
        {
            "begin": 313,
            "id": "m5",
            "end": 317,
            "type": "Generic",
            "text": "them"
        },
        {
            "begin": 344,
            "id": "m6",
            "end": 395,
            "type": "Metric",
            "text": "computational tractability and explanatory adequacy"
        },
        {
            "begin": 418,
            "id": "m7",
            "end": 422,
            "type": "Generic",
            "text": "them"
        },
        {
            "begin": 438,
            "id": "m8",
            "end": 446,
            "type": "Generic",
            "text": "criteria"
        },
        {
            "begin": 503,
            "id": "m9",
            "end": 529,
            "type": "Method",
            "text": "metagrammatical formalisms"
        }
    ],
    "relations": [
        {
            "args": [
                "m1",
                "m0"
            ],
            "type": "PART-OF",
            "id": "r0"
        },
        {
            "args": [
                "m1",
                "m2"
            ],
            "type": "CONJUNCTION",
            "id": "r1"
        },
        {
            "args": [
                "m2",
                "m0"
            ],
            "type": "PART-OF",
            "id": "r2"
        },
        {
            "args": [
                "m6",
                "m5"
            ],
            "type": "EVALUATE-FOR",
            "id": "r3"
        }
    ],
    "sentences": [
        {
            "begin": 0,
            "text": "Metagrammatical formalisms that combine context-free phrase structure rules and metarules-LRB-MPS grammars-RRB-allow concise statement of generalizations about the syntax of natural languages.",
            "end": 192,
            "tokens": [
                {
                    "begin": 0,
                    "text": "Metagrammatical",
                    "end": 15,
                    "id": "s0-t0"
                },
                {
                    "begin": 16,
                    "text": "formalisms",
                    "end": 26,
                    "id": "s0-t1"
                },
                {
                    "begin": 27,
                    "text": "that",
                    "end": 31,
                    "id": "s0-t2"
                },
                {
                    "begin": 32,
                    "text": "combine",
                    "end": 39,
                    "id": "s0-t3"
                },
                {
                    "begin": 40,
                    "text": "context-free",
                    "end": 52,
                    "id": "s0-t4"
                },
                {
                    "begin": 53,
                    "text": "phrase",
                    "end": 59,
                    "id": "s0-t5"
                },
                {
                    "begin": 60,
                    "text": "structure",
                    "end": 69,
                    "id": "s0-t6"
                },
                {
                    "begin": 70,
                    "text": "rules",
                    "end": 75,
                    "id": "s0-t7"
                },
                {
                    "begin": 76,
                    "text": "and",
                    "end": 79,
                    "id": "s0-t8"
                },
                {
                    "begin": 80,
                    "text": "metarules",
                    "end": 89,
                    "id": "s0-t9"
                },
                {
                    "begin": 89,
                    "text": "-LRB-",
                    "end": 94,
                    "id": "s0-t10"
                },
                {
                    "begin": 94,
                    "text": "MPS",
                    "end": 97,
                    "id": "s0-t11"
                },
                {
                    "begin": 98,
                    "text": "grammars",
                    "end": 106,
                    "id": "s0-t12"
                },
                {
                    "begin": 106,
                    "text": "-RRB-",
                    "end": 111,
                    "id": "s0-t13"
                },
                {
                    "begin": 111,
                    "text": "allow",
                    "end": 116,
                    "id": "s0-t14"
                },
                {
                    "begin": 117,
                    "text": "concise",
                    "end": 124,
                    "id": "s0-t15"
                },
                {
                    "begin": 125,
                    "text": "statement",
                    "end": 134,
                    "id": "s0-t16"
                },
                {
                    "begin": 135,
                    "text": "of",
                    "end": 137,
                    "id": "s0-t17"
                },
                {
                    "begin": 138,
                    "text": "generalizations",
                    "end": 153,
                    "id": "s0-t18"
                },
                {
                    "begin": 154,
                    "text": "about",
                    "end": 159,
                    "id": "s0-t19"
                },
                {
                    "begin": 160,
                    "text": "the",
                    "end": 163,
                    "id": "s0-t20"
                },
                {
                    "begin": 164,
                    "text": "syntax",
                    "end": 170,
                    "id": "s0-t21"
                },
                {
                    "begin": 171,
                    "text": "of",
                    "end": 173,
                    "id": "s0-t22"
                },
                {
                    "begin": 174,
                    "text": "natural",
                    "end": 181,
                    "id": "s0-t23"
                },
                {
                    "begin": 182,
                    "text": "languages",
                    "end": 191,
                    "id": "s0-t24"
                },
                {
                    "begin": 191,
                    "text": ".",
                    "end": 192,
                    "id": "s0-t25"
                }
            ],
            "id": "s0"
        },
        {
            "begin": 192,
            "text": " Unconstrained MPS grammars, unfortunately, are not computationally safe.",
            "end": 265,
            "tokens": [
                {
                    "begin": 193,
                    "text": "Unconstrained",
                    "end": 206,
                    "id": "s1-t0"
                },
                {
                    "begin": 207,
                    "text": "MPS",
                    "end": 210,
                    "id": "s1-t1"
                },
                {
                    "begin": 211,
                    "text": "grammars",
                    "end": 219,
                    "id": "s1-t2"
                },
                {
                    "begin": 219,
                    "text": ",",
                    "end": 220,
                    "id": "s1-t3"
                },
                {
                    "begin": 221,
                    "text": "unfortunately",
                    "end": 234,
                    "id": "s1-t4"
                },
                {
                    "begin": 234,
                    "text": ",",
                    "end": 235,
                    "id": "s1-t5"
                },
                {
                    "begin": 236,
                    "text": "are",
                    "end": 239,
                    "id": "s1-t6"
                },
                {
                    "begin": 240,
                    "text": "not",
                    "end": 243,
                    "id": "s1-t7"
                },
                {
                    "begin": 244,
                    "text": "computationally",
                    "end": 259,
                    "id": "s1-t8"
                },
                {
                    "begin": 260,
                    "text": "safe",
                    "end": 264,
                    "id": "s1-t9"
                },
                {
                    "begin": 264,
                    "text": ".",
                    "end": 265,
                    "id": "s1-t10"
                }
            ],
            "id": "s1"
        },
        {
            "begin": 265,
            "text": " We evaluate several proposals for constraining them, basing our assessment on computational tractability and explanatory adequacy.",
            "end": 396,
            "tokens": [
                {
                    "begin": 266,
                    "text": "We",
                    "end": 268,
                    "id": "s2-t0"
                },
                {
                    "begin": 269,
                    "text": "evaluate",
                    "end": 277,
                    "id": "s2-t1"
                },
                {
                    "begin": 278,
                    "text": "several",
                    "end": 285,
                    "id": "s2-t2"
                },
                {
                    "begin": 286,
                    "text": "proposals",
                    "end": 295,
                    "id": "s2-t3"
                },
                {
                    "begin": 296,
                    "text": "for",
                    "end": 299,
                    "id": "s2-t4"
                },
                {
                    "begin": 300,
                    "text": "constraining",
                    "end": 312,
                    "id": "s2-t5"
                },
                {
                    "begin": 313,
                    "text": "them",
                    "end": 317,
                    "id": "s2-t6"
                },
                {
                    "begin": 317,
                    "text": ",",
                    "end": 318,
                    "id": "s2-t7"
                },
                {
                    "begin": 319,
                    "text": "basing",
                    "end": 325,
                    "id": "s2-t8"
                },
                {
                    "begin": 326,
                    "text": "our",
                    "end": 329,
                    "id": "s2-t9"
                },
                {
                    "begin": 330,
                    "text": "assessment",
                    "end": 340,
                    "id": "s2-t10"
                },
                {
                    "begin": 341,
                    "text": "on",
                    "end": 343,
                    "id": "s2-t11"
                },
                {
                    "begin": 344,
                    "text": "computational",
                    "end": 357,
                    "id": "s2-t12"
                },
                {
                    "begin": 358,
                    "text": "tractability",
                    "end": 370,
                    "id": "s2-t13"
                },
                {
                    "begin": 371,
                    "text": "and",
                    "end": 374,
                    "id": "s2-t14"
                },
                {
                    "begin": 375,
                    "text": "explanatory",
                    "end": 386,
                    "id": "s2-t15"
                },
                {
                    "begin": 387,
                    "text": "adequacy",
                    "end": 395,
                    "id": "s2-t16"
                },
                {
                    "begin": 395,
                    "text": ".",
                    "end": 396,
                    "id": "s2-t17"
                }
            ],
            "id": "s2"
        },
        {
            "begin": 396,
            "text": " We show that none of them satisfies both criteria, and suggest new directions for research on alternative metagrammatical formalisms.",
            "end": 530,
            "tokens": [
                {
                    "begin": 397,
                    "text": "We",
                    "end": 399,
                    "id": "s3-t0"
                },
                {
                    "begin": 400,
                    "text": "show",
                    "end": 404,
                    "id": "s3-t1"
                },
                {
                    "begin": 405,
                    "text": "that",
                    "end": 409,
                    "id": "s3-t2"
                },
                {
                    "begin": 410,
                    "text": "none",
                    "end": 414,
                    "id": "s3-t3"
                },
                {
                    "begin": 415,
                    "text": "of",
                    "end": 417,
                    "id": "s3-t4"
                },
                {
                    "begin": 418,
                    "text": "them",
                    "end": 422,
                    "id": "s3-t5"
                },
                {
                    "begin": 423,
                    "text": "satisfies",
                    "end": 432,
                    "id": "s3-t6"
                },
                {
                    "begin": 433,
                    "text": "both",
                    "end": 437,
                    "id": "s3-t7"
                },
                {
                    "begin": 438,
                    "text": "criteria",
                    "end": 446,
                    "id": "s3-t8"
                },
                {
                    "begin": 446,
                    "text": ",",
                    "end": 447,
                    "id": "s3-t9"
                },
                {
                    "begin": 448,
                    "text": "and",
                    "end": 451,
                    "id": "s3-t10"
                },
                {
                    "begin": 452,
                    "text": "suggest",
                    "end": 459,
                    "id": "s3-t11"
                },
                {
                    "begin": 460,
                    "text": "new",
                    "end": 463,
                    "id": "s3-t12"
                },
                {
                    "begin": 464,
                    "text": "directions",
                    "end": 474,
                    "id": "s3-t13"
                },
                {
                    "begin": 475,
                    "text": "for",
                    "end": 478,
                    "id": "s3-t14"
                },
                {
                    "begin": 479,
                    "text": "research",
                    "end": 487,
                    "id": "s3-t15"
                },
                {
                    "begin": 488,
                    "text": "on",
                    "end": 490,
                    "id": "s3-t16"
                },
                {
                    "begin": 491,
                    "text": "alternative",
                    "end": 502,
                    "id": "s3-t17"
                },
                {
                    "begin": 503,
                    "text": "metagrammatical",
                    "end": 518,
                    "id": "s3-t18"
                },
                {
                    "begin": 519,
                    "text": "formalisms",
                    "end": 529,
                    "id": "s3-t19"
                },
                {
                    "begin": 529,
                    "text": ".",
                    "end": 530,
                    "id": "s3-t20"
                }
            ],
            "id": "s3"
        }
    ],
    "text": "Metagrammatical formalisms that combine context-free phrase structure rules and metarules-LRB-MPS grammars-RRB-allow concise statement of generalizations about the syntax of natural languages. Unconstrained MPS grammars, unfortunately, are not computationally safe. We evaluate several proposals for constraining them, basing our assessment on computational tractability and explanatory adequacy. We show that none of them satisfies both criteria, and suggest new directions for research on alternative metagrammatical formalisms.",
    "id": "cdf1658e-05fd-4cee-8b3e-4cbf9982387d"
}