{
    "mentions": [
        {
            "begin": 15,
            "id": "m0",
            "end": 32,
            "type": "Task",
            "text": "modeling problems"
        },
        {
            "begin": 41,
            "id": "m1",
            "end": 54,
            "type": "Material",
            "text": "discrete data"
        },
        {
            "begin": 95,
            "id": "m2",
            "end": 135,
            "type": "Method",
            "text": "multinomial or categorical distributions"
        },
        {
            "begin": 150,
            "id": "m3",
            "end": 179,
            "type": "Material",
            "text": "nucleotides in a DNA sequence"
        },
        {
            "begin": 229,
            "id": "m4",
            "end": 243,
            "type": "Material",
            "text": "text documents"
        },
        {
            "begin": 274,
            "id": "m5",
            "end": 299,
            "type": "Method",
            "text": "multinomial distributions"
        },
        {
            "begin": 381,
            "id": "m6",
            "end": 391,
            "type": "OtherScientificTerm",
            "text": "nucleotide"
        },
        {
            "begin": 415,
            "id": "m7",
            "end": 425,
            "type": "OtherScientificTerm",
            "text": "DNA strand"
        },
        {
            "begin": 444,
            "id": "m8",
            "end": 465,
            "type": "OtherScientificTerm",
            "text": "preceding nucleotides"
        },
        {
            "begin": 636,
            "id": "m9",
            "end": 669,
            "type": "Method",
            "text": "Dirichlet-multinomial formulation"
        },
        {
            "begin": 691,
            "id": "m10",
            "end": 729,
            "type": "Method",
            "text": "logistic stick-breaking representation"
        },
        {
            "begin": 756,
            "id": "m11",
            "end": 780,
            "type": "Task",
            "text": "P\u00f3lya-gamma augmentation"
        },
        {
            "begin": 801,
            "id": "m12",
            "end": 825,
            "type": "Method",
            "text": "multinomial distribution"
        },
        {
            "begin": 838,
            "id": "m13",
            "end": 854,
            "type": "OtherScientificTerm",
            "text": "latent variables"
        },
        {
            "begin": 860,
            "id": "m14",
            "end": 888,
            "type": "OtherScientificTerm",
            "text": "jointly Gaussian likelihoods"
        },
        {
            "begin": 933,
            "id": "m15",
            "end": 962,
            "type": "Method",
            "text": "Bayesian inference techniques"
        },
        {
            "begin": 967,
            "id": "m16",
            "end": 982,
            "type": "Method",
            "text": "Gaussian models"
        },
        {
            "begin": 988,
            "id": "m17",
            "end": 1004,
            "type": "OtherScientificTerm",
            "text": "minimal overhead"
        }
    ],
    "relations": [
        {
            "args": [
                "m1",
                "m0"
            ],
            "type": "USED-FOR",
            "id": "r0"
        },
        {
            "args": [
                "m2",
                "m0"
            ],
            "type": "USED-FOR",
            "id": "r1"
        },
        {
            "args": [
                "m5",
                "m3"
            ],
            "type": "USED-FOR",
            "id": "r2"
        },
        {
            "args": [
                "m5",
                "m4"
            ],
            "type": "USED-FOR",
            "id": "r3"
        },
        {
            "args": [
                "m10",
                "m12"
            ],
            "type": "USED-FOR",
            "id": "r4"
        },
        {
            "args": [
                "m11",
                "m12"
            ],
            "type": "USED-FOR",
            "id": "r5"
        },
        {
            "args": [
                "m13",
                "m12"
            ],
            "type": "PART-OF",
            "id": "r6"
        },
        {
            "args": [
                "m14",
                "m13"
            ],
            "type": "FEATURE-OF",
            "id": "r7"
        },
        {
            "args": [
                "m15",
                "m16"
            ],
            "type": "USED-FOR",
            "id": "r8"
        },
        {
            "args": [
                "m17",
                "m16"
            ],
            "type": "FEATURE-OF",
            "id": "r9"
        }
    ],
    "sentences": [
        {
            "begin": 0,
            "text": "Many practical modeling problems involve discrete data that are best represented as draws from multinomial or categorical distributions.",
            "end": 136,
            "tokens": [
                {
                    "begin": 0,
                    "text": "Many",
                    "end": 4,
                    "id": "s0-t0"
                },
                {
                    "begin": 5,
                    "text": "practical",
                    "end": 14,
                    "id": "s0-t1"
                },
                {
                    "begin": 15,
                    "text": "modeling",
                    "end": 23,
                    "id": "s0-t2"
                },
                {
                    "begin": 24,
                    "text": "problems",
                    "end": 32,
                    "id": "s0-t3"
                },
                {
                    "begin": 33,
                    "text": "involve",
                    "end": 40,
                    "id": "s0-t4"
                },
                {
                    "begin": 41,
                    "text": "discrete",
                    "end": 49,
                    "id": "s0-t5"
                },
                {
                    "begin": 50,
                    "text": "data",
                    "end": 54,
                    "id": "s0-t6"
                },
                {
                    "begin": 55,
                    "text": "that",
                    "end": 59,
                    "id": "s0-t7"
                },
                {
                    "begin": 60,
                    "text": "are",
                    "end": 63,
                    "id": "s0-t8"
                },
                {
                    "begin": 64,
                    "text": "best",
                    "end": 68,
                    "id": "s0-t9"
                },
                {
                    "begin": 69,
                    "text": "represented",
                    "end": 80,
                    "id": "s0-t10"
                },
                {
                    "begin": 81,
                    "text": "as",
                    "end": 83,
                    "id": "s0-t11"
                },
                {
                    "begin": 84,
                    "text": "draws",
                    "end": 89,
                    "id": "s0-t12"
                },
                {
                    "begin": 90,
                    "text": "from",
                    "end": 94,
                    "id": "s0-t13"
                },
                {
                    "begin": 95,
                    "text": "multinomial",
                    "end": 106,
                    "id": "s0-t14"
                },
                {
                    "begin": 107,
                    "text": "or",
                    "end": 109,
                    "id": "s0-t15"
                },
                {
                    "begin": 110,
                    "text": "categorical",
                    "end": 121,
                    "id": "s0-t16"
                },
                {
                    "begin": 122,
                    "text": "distributions",
                    "end": 135,
                    "id": "s0-t17"
                },
                {
                    "begin": 135,
                    "text": ".",
                    "end": 136,
                    "id": "s0-t18"
                }
            ],
            "id": "s0"
        },
        {
            "begin": 136,
            "text": " For example, nucleotides in a DNA sequence, children's names in a given state and year, and text documents are all commonly modeled with multinomial distributions.",
            "end": 300,
            "tokens": [
                {
                    "begin": 137,
                    "text": "For",
                    "end": 140,
                    "id": "s1-t0"
                },
                {
                    "begin": 141,
                    "text": "example",
                    "end": 148,
                    "id": "s1-t1"
                },
                {
                    "begin": 148,
                    "text": ",",
                    "end": 149,
                    "id": "s1-t2"
                },
                {
                    "begin": 150,
                    "text": "nucleotides",
                    "end": 161,
                    "id": "s1-t3"
                },
                {
                    "begin": 162,
                    "text": "in",
                    "end": 164,
                    "id": "s1-t4"
                },
                {
                    "begin": 165,
                    "text": "a",
                    "end": 166,
                    "id": "s1-t5"
                },
                {
                    "begin": 167,
                    "text": "DNA",
                    "end": 170,
                    "id": "s1-t6"
                },
                {
                    "begin": 171,
                    "text": "sequence",
                    "end": 179,
                    "id": "s1-t7"
                },
                {
                    "begin": 179,
                    "text": ",",
                    "end": 180,
                    "id": "s1-t8"
                },
                {
                    "begin": 181,
                    "text": "children",
                    "end": 189,
                    "id": "s1-t9"
                },
                {
                    "begin": 189,
                    "text": "'s",
                    "end": 191,
                    "id": "s1-t10"
                },
                {
                    "begin": 192,
                    "text": "names",
                    "end": 197,
                    "id": "s1-t11"
                },
                {
                    "begin": 198,
                    "text": "in",
                    "end": 200,
                    "id": "s1-t12"
                },
                {
                    "begin": 201,
                    "text": "a",
                    "end": 202,
                    "id": "s1-t13"
                },
                {
                    "begin": 203,
                    "text": "given",
                    "end": 208,
                    "id": "s1-t14"
                },
                {
                    "begin": 209,
                    "text": "state",
                    "end": 214,
                    "id": "s1-t15"
                },
                {
                    "begin": 215,
                    "text": "and",
                    "end": 218,
                    "id": "s1-t16"
                },
                {
                    "begin": 219,
                    "text": "year",
                    "end": 223,
                    "id": "s1-t17"
                },
                {
                    "begin": 223,
                    "text": ",",
                    "end": 224,
                    "id": "s1-t18"
                },
                {
                    "begin": 225,
                    "text": "and",
                    "end": 228,
                    "id": "s1-t19"
                },
                {
                    "begin": 229,
                    "text": "text",
                    "end": 233,
                    "id": "s1-t20"
                },
                {
                    "begin": 234,
                    "text": "documents",
                    "end": 243,
                    "id": "s1-t21"
                },
                {
                    "begin": 244,
                    "text": "are",
                    "end": 247,
                    "id": "s1-t22"
                },
                {
                    "begin": 248,
                    "text": "all",
                    "end": 251,
                    "id": "s1-t23"
                },
                {
                    "begin": 252,
                    "text": "commonly",
                    "end": 260,
                    "id": "s1-t24"
                },
                {
                    "begin": 261,
                    "text": "modeled",
                    "end": 268,
                    "id": "s1-t25"
                },
                {
                    "begin": 269,
                    "text": "with",
                    "end": 273,
                    "id": "s1-t26"
                },
                {
                    "begin": 274,
                    "text": "multinomial",
                    "end": 285,
                    "id": "s1-t27"
                },
                {
                    "begin": 286,
                    "text": "distributions",
                    "end": 299,
                    "id": "s1-t28"
                },
                {
                    "begin": 299,
                    "text": ".",
                    "end": 300,
                    "id": "s1-t29"
                }
            ],
            "id": "s1"
        },
        {
            "begin": 300,
            "text": " In all of these cases, we expect some form of dependency between the draws: the nucleotide at one position in the DNA strand may depend on the preceding nucleotides, children's names are highly correlated from year to year, and topics in text may be correlated and dynamic.",
            "end": 574,
            "tokens": [
                {
                    "begin": 301,
                    "text": "In",
                    "end": 303,
                    "id": "s2-t0"
                },
                {
                    "begin": 304,
                    "text": "all",
                    "end": 307,
                    "id": "s2-t1"
                },
                {
                    "begin": 308,
                    "text": "of",
                    "end": 310,
                    "id": "s2-t2"
                },
                {
                    "begin": 311,
                    "text": "these",
                    "end": 316,
                    "id": "s2-t3"
                },
                {
                    "begin": 317,
                    "text": "cases",
                    "end": 322,
                    "id": "s2-t4"
                },
                {
                    "begin": 322,
                    "text": ",",
                    "end": 323,
                    "id": "s2-t5"
                },
                {
                    "begin": 324,
                    "text": "we",
                    "end": 326,
                    "id": "s2-t6"
                },
                {
                    "begin": 327,
                    "text": "expect",
                    "end": 333,
                    "id": "s2-t7"
                },
                {
                    "begin": 334,
                    "text": "some",
                    "end": 338,
                    "id": "s2-t8"
                },
                {
                    "begin": 339,
                    "text": "form",
                    "end": 343,
                    "id": "s2-t9"
                },
                {
                    "begin": 344,
                    "text": "of",
                    "end": 346,
                    "id": "s2-t10"
                },
                {
                    "begin": 347,
                    "text": "dependency",
                    "end": 357,
                    "id": "s2-t11"
                },
                {
                    "begin": 358,
                    "text": "between",
                    "end": 365,
                    "id": "s2-t12"
                },
                {
                    "begin": 366,
                    "text": "the",
                    "end": 369,
                    "id": "s2-t13"
                },
                {
                    "begin": 370,
                    "text": "draws",
                    "end": 375,
                    "id": "s2-t14"
                },
                {
                    "begin": 375,
                    "text": ":",
                    "end": 376,
                    "id": "s2-t15"
                },
                {
                    "begin": 377,
                    "text": "the",
                    "end": 380,
                    "id": "s2-t16"
                },
                {
                    "begin": 381,
                    "text": "nucleotide",
                    "end": 391,
                    "id": "s2-t17"
                },
                {
                    "begin": 392,
                    "text": "at",
                    "end": 394,
                    "id": "s2-t18"
                },
                {
                    "begin": 395,
                    "text": "one",
                    "end": 398,
                    "id": "s2-t19"
                },
                {
                    "begin": 399,
                    "text": "position",
                    "end": 407,
                    "id": "s2-t20"
                },
                {
                    "begin": 408,
                    "text": "in",
                    "end": 410,
                    "id": "s2-t21"
                },
                {
                    "begin": 411,
                    "text": "the",
                    "end": 414,
                    "id": "s2-t22"
                },
                {
                    "begin": 415,
                    "text": "DNA",
                    "end": 418,
                    "id": "s2-t23"
                },
                {
                    "begin": 419,
                    "text": "strand",
                    "end": 425,
                    "id": "s2-t24"
                },
                {
                    "begin": 426,
                    "text": "may",
                    "end": 429,
                    "id": "s2-t25"
                },
                {
                    "begin": 430,
                    "text": "depend",
                    "end": 436,
                    "id": "s2-t26"
                },
                {
                    "begin": 437,
                    "text": "on",
                    "end": 439,
                    "id": "s2-t27"
                },
                {
                    "begin": 440,
                    "text": "the",
                    "end": 443,
                    "id": "s2-t28"
                },
                {
                    "begin": 444,
                    "text": "preceding",
                    "end": 453,
                    "id": "s2-t29"
                },
                {
                    "begin": 454,
                    "text": "nucleotides",
                    "end": 465,
                    "id": "s2-t30"
                },
                {
                    "begin": 465,
                    "text": ",",
                    "end": 466,
                    "id": "s2-t31"
                },
                {
                    "begin": 467,
                    "text": "children",
                    "end": 475,
                    "id": "s2-t32"
                },
                {
                    "begin": 475,
                    "text": "'s",
                    "end": 477,
                    "id": "s2-t33"
                },
                {
                    "begin": 478,
                    "text": "names",
                    "end": 483,
                    "id": "s2-t34"
                },
                {
                    "begin": 484,
                    "text": "are",
                    "end": 487,
                    "id": "s2-t35"
                },
                {
                    "begin": 488,
                    "text": "highly",
                    "end": 494,
                    "id": "s2-t36"
                },
                {
                    "begin": 495,
                    "text": "correlated",
                    "end": 505,
                    "id": "s2-t37"
                },
                {
                    "begin": 506,
                    "text": "from",
                    "end": 510,
                    "id": "s2-t38"
                },
                {
                    "begin": 511,
                    "text": "year",
                    "end": 515,
                    "id": "s2-t39"
                },
                {
                    "begin": 516,
                    "text": "to",
                    "end": 518,
                    "id": "s2-t40"
                },
                {
                    "begin": 519,
                    "text": "year",
                    "end": 523,
                    "id": "s2-t41"
                },
                {
                    "begin": 523,
                    "text": ",",
                    "end": 524,
                    "id": "s2-t42"
                },
                {
                    "begin": 525,
                    "text": "and",
                    "end": 528,
                    "id": "s2-t43"
                },
                {
                    "begin": 529,
                    "text": "topics",
                    "end": 535,
                    "id": "s2-t44"
                },
                {
                    "begin": 536,
                    "text": "in",
                    "end": 538,
                    "id": "s2-t45"
                },
                {
                    "begin": 539,
                    "text": "text",
                    "end": 543,
                    "id": "s2-t46"
                },
                {
                    "begin": 544,
                    "text": "may",
                    "end": 547,
                    "id": "s2-t47"
                },
                {
                    "begin": 548,
                    "text": "be",
                    "end": 550,
                    "id": "s2-t48"
                },
                {
                    "begin": 551,
                    "text": "correlated",
                    "end": 561,
                    "id": "s2-t49"
                },
                {
                    "begin": 562,
                    "text": "and",
                    "end": 565,
                    "id": "s2-t50"
                },
                {
                    "begin": 566,
                    "text": "dynamic",
                    "end": 573,
                    "id": "s2-t51"
                },
                {
                    "begin": 573,
                    "text": ".",
                    "end": 574,
                    "id": "s2-t52"
                }
            ],
            "id": "s2"
        },
        {
            "begin": 574,
            "text": " These dependencies are not naturally captured by the typical Dirichlet-multinomial formulation.",
            "end": 670,
            "tokens": [
                {
                    "begin": 575,
                    "text": "These",
                    "end": 580,
                    "id": "s3-t0"
                },
                {
                    "begin": 581,
                    "text": "dependencies",
                    "end": 593,
                    "id": "s3-t1"
                },
                {
                    "begin": 594,
                    "text": "are",
                    "end": 597,
                    "id": "s3-t2"
                },
                {
                    "begin": 598,
                    "text": "not",
                    "end": 601,
                    "id": "s3-t3"
                },
                {
                    "begin": 602,
                    "text": "naturally",
                    "end": 611,
                    "id": "s3-t4"
                },
                {
                    "begin": 612,
                    "text": "captured",
                    "end": 620,
                    "id": "s3-t5"
                },
                {
                    "begin": 621,
                    "text": "by",
                    "end": 623,
                    "id": "s3-t6"
                },
                {
                    "begin": 624,
                    "text": "the",
                    "end": 627,
                    "id": "s3-t7"
                },
                {
                    "begin": 628,
                    "text": "typical",
                    "end": 635,
                    "id": "s3-t8"
                },
                {
                    "begin": 636,
                    "text": "Dirichlet-multinomial",
                    "end": 657,
                    "id": "s3-t9"
                },
                {
                    "begin": 658,
                    "text": "formulation",
                    "end": 669,
                    "id": "s3-t10"
                },
                {
                    "begin": 669,
                    "text": ".",
                    "end": 670,
                    "id": "s3-t11"
                }
            ],
            "id": "s3"
        },
        {
            "begin": 670,
            "text": " Here, we leverage a logistic stick-breaking representation and recent innovations in P\u00f3lya-gamma augmentation to reformu-late the multinomial distribution in terms of latent variables with jointly Gaussian likelihoods, enabling us to take advantage of a host of Bayesian inference techniques for Gaussian models with minimal overhead.",
            "end": 1005,
            "tokens": [
                {
                    "begin": 671,
                    "text": "Here",
                    "end": 675,
                    "id": "s4-t0"
                },
                {
                    "begin": 675,
                    "text": ",",
                    "end": 676,
                    "id": "s4-t1"
                },
                {
                    "begin": 677,
                    "text": "we",
                    "end": 679,
                    "id": "s4-t2"
                },
                {
                    "begin": 680,
                    "text": "leverage",
                    "end": 688,
                    "id": "s4-t3"
                },
                {
                    "begin": 689,
                    "text": "a",
                    "end": 690,
                    "id": "s4-t4"
                },
                {
                    "begin": 691,
                    "text": "logistic",
                    "end": 699,
                    "id": "s4-t5"
                },
                {
                    "begin": 700,
                    "text": "stick-breaking",
                    "end": 714,
                    "id": "s4-t6"
                },
                {
                    "begin": 715,
                    "text": "representation",
                    "end": 729,
                    "id": "s4-t7"
                },
                {
                    "begin": 730,
                    "text": "and",
                    "end": 733,
                    "id": "s4-t8"
                },
                {
                    "begin": 734,
                    "text": "recent",
                    "end": 740,
                    "id": "s4-t9"
                },
                {
                    "begin": 741,
                    "text": "innovations",
                    "end": 752,
                    "id": "s4-t10"
                },
                {
                    "begin": 753,
                    "text": "in",
                    "end": 755,
                    "id": "s4-t11"
                },
                {
                    "begin": 756,
                    "text": "P\u00f3lya-gamma",
                    "end": 767,
                    "id": "s4-t12"
                },
                {
                    "begin": 768,
                    "text": "augmentation",
                    "end": 780,
                    "id": "s4-t13"
                },
                {
                    "begin": 781,
                    "text": "to",
                    "end": 783,
                    "id": "s4-t14"
                },
                {
                    "begin": 784,
                    "text": "reformu-late",
                    "end": 796,
                    "id": "s4-t15"
                },
                {
                    "begin": 797,
                    "text": "the",
                    "end": 800,
                    "id": "s4-t16"
                },
                {
                    "begin": 801,
                    "text": "multinomial",
                    "end": 812,
                    "id": "s4-t17"
                },
                {
                    "begin": 813,
                    "text": "distribution",
                    "end": 825,
                    "id": "s4-t18"
                },
                {
                    "begin": 826,
                    "text": "in",
                    "end": 828,
                    "id": "s4-t19"
                },
                {
                    "begin": 829,
                    "text": "terms",
                    "end": 834,
                    "id": "s4-t20"
                },
                {
                    "begin": 835,
                    "text": "of",
                    "end": 837,
                    "id": "s4-t21"
                },
                {
                    "begin": 838,
                    "text": "latent",
                    "end": 844,
                    "id": "s4-t22"
                },
                {
                    "begin": 845,
                    "text": "variables",
                    "end": 854,
                    "id": "s4-t23"
                },
                {
                    "begin": 855,
                    "text": "with",
                    "end": 859,
                    "id": "s4-t24"
                },
                {
                    "begin": 860,
                    "text": "jointly",
                    "end": 867,
                    "id": "s4-t25"
                },
                {
                    "begin": 868,
                    "text": "Gaussian",
                    "end": 876,
                    "id": "s4-t26"
                },
                {
                    "begin": 877,
                    "text": "likelihoods",
                    "end": 888,
                    "id": "s4-t27"
                },
                {
                    "begin": 888,
                    "text": ",",
                    "end": 889,
                    "id": "s4-t28"
                },
                {
                    "begin": 890,
                    "text": "enabling",
                    "end": 898,
                    "id": "s4-t29"
                },
                {
                    "begin": 899,
                    "text": "us",
                    "end": 901,
                    "id": "s4-t30"
                },
                {
                    "begin": 902,
                    "text": "to",
                    "end": 904,
                    "id": "s4-t31"
                },
                {
                    "begin": 905,
                    "text": "take",
                    "end": 909,
                    "id": "s4-t32"
                },
                {
                    "begin": 910,
                    "text": "advantage",
                    "end": 919,
                    "id": "s4-t33"
                },
                {
                    "begin": 920,
                    "text": "of",
                    "end": 922,
                    "id": "s4-t34"
                },
                {
                    "begin": 923,
                    "text": "a",
                    "end": 924,
                    "id": "s4-t35"
                },
                {
                    "begin": 925,
                    "text": "host",
                    "end": 929,
                    "id": "s4-t36"
                },
                {
                    "begin": 930,
                    "text": "of",
                    "end": 932,
                    "id": "s4-t37"
                },
                {
                    "begin": 933,
                    "text": "Bayesian",
                    "end": 941,
                    "id": "s4-t38"
                },
                {
                    "begin": 942,
                    "text": "inference",
                    "end": 951,
                    "id": "s4-t39"
                },
                {
                    "begin": 952,
                    "text": "techniques",
                    "end": 962,
                    "id": "s4-t40"
                },
                {
                    "begin": 963,
                    "text": "for",
                    "end": 966,
                    "id": "s4-t41"
                },
                {
                    "begin": 967,
                    "text": "Gaussian",
                    "end": 975,
                    "id": "s4-t42"
                },
                {
                    "begin": 976,
                    "text": "models",
                    "end": 982,
                    "id": "s4-t43"
                },
                {
                    "begin": 983,
                    "text": "with",
                    "end": 987,
                    "id": "s4-t44"
                },
                {
                    "begin": 988,
                    "text": "minimal",
                    "end": 995,
                    "id": "s4-t45"
                },
                {
                    "begin": 996,
                    "text": "overhead",
                    "end": 1004,
                    "id": "s4-t46"
                },
                {
                    "begin": 1004,
                    "text": ".",
                    "end": 1005,
                    "id": "s4-t47"
                }
            ],
            "id": "s4"
        }
    ],
    "text": "Many practical modeling problems involve discrete data that are best represented as draws from multinomial or categorical distributions. For example, nucleotides in a DNA sequence, children's names in a given state and year, and text documents are all commonly modeled with multinomial distributions. In all of these cases, we expect some form of dependency between the draws: the nucleotide at one position in the DNA strand may depend on the preceding nucleotides, children's names are highly correlated from year to year, and topics in text may be correlated and dynamic. These dependencies are not naturally captured by the typical Dirichlet-multinomial formulation. Here, we leverage a logistic stick-breaking representation and recent innovations in P\u00f3lya-gamma augmentation to reformu-late the multinomial distribution in terms of latent variables with jointly Gaussian likelihoods, enabling us to take advantage of a host of Bayesian inference techniques for Gaussian models with minimal overhead.",
    "id": "e4607244-ccf9-460d-a08b-ca65cc13bff0"
}