{
    "mentions": [
        {
            "begin": 49,
            "id": "m0",
            "end": 78,
            "type": "Material",
            "text": "semantically annotated corpus"
        },
        {
            "begin": 114,
            "id": "m1",
            "end": 166,
            "type": "Task",
            "text": "large-scale acquisition of word-semantic information"
        },
        {
            "begin": 177,
            "id": "m2",
            "end": 218,
            "type": "Task",
            "text": "construction of domain-independent lexica"
        },
        {
            "begin": 240,
            "id": "m3",
            "end": 250,
            "type": "OtherScientificTerm",
            "text": "annotation"
        },
        {
            "begin": 255,
            "id": "m4",
            "end": 269,
            "type": "OtherScientificTerm",
            "text": "semantic roles"
        },
        {
            "begin": 277,
            "id": "m5",
            "end": 301,
            "type": "Method",
            "text": "frame semantics paradigm"
        },
        {
            "begin": 342,
            "id": "m6",
            "end": 356,
            "type": "Material",
            "text": "annotated data"
        },
        {
            "begin": 429,
            "id": "m7",
            "end": 438,
            "type": "OtherScientificTerm",
            "text": "vagueness"
        },
        {
            "begin": 443,
            "id": "m8",
            "end": 452,
            "type": "OtherScientificTerm",
            "text": "ambiguity"
        },
        {
            "begin": 456,
            "id": "m9",
            "end": 475,
            "type": "Method",
            "text": "semantic annotation"
        }
    ],
    "relations": [
        {
            "args": [
                "m0",
                "m1"
            ],
            "type": "USED-FOR",
            "id": "r0"
        },
        {
            "args": [
                "m2",
                "m1"
            ],
            "type": "HYPONYM-OF",
            "id": "r1"
        },
        {
            "args": [
                "m4",
                "m5"
            ],
            "type": "PART-OF",
            "id": "r2"
        },
        {
            "args": [
                "m7",
                "m8"
            ],
            "type": "CONJUNCTION",
            "id": "r3"
        },
        {
            "args": [
                "m7",
                "m9"
            ],
            "type": "FEATURE-OF",
            "id": "r4"
        },
        {
            "args": [
                "m8",
                "m9"
            ],
            "type": "FEATURE-OF",
            "id": "r5"
        }
    ],
    "sentences": [
        {
            "begin": 0,
            "text": "We describe the ongoing construction of a large, semantically annotated corpus resource as reliable basis for the large-scale acquisition of word-semantic information, e.g. the construction of domain-independent lexica.",
            "end": 219,
            "tokens": [
                {
                    "begin": 0,
                    "text": "We",
                    "end": 2,
                    "id": "s0-t0"
                },
                {
                    "begin": 3,
                    "text": "describe",
                    "end": 11,
                    "id": "s0-t1"
                },
                {
                    "begin": 12,
                    "text": "the",
                    "end": 15,
                    "id": "s0-t2"
                },
                {
                    "begin": 16,
                    "text": "ongoing",
                    "end": 23,
                    "id": "s0-t3"
                },
                {
                    "begin": 24,
                    "text": "construction",
                    "end": 36,
                    "id": "s0-t4"
                },
                {
                    "begin": 37,
                    "text": "of",
                    "end": 39,
                    "id": "s0-t5"
                },
                {
                    "begin": 40,
                    "text": "a",
                    "end": 41,
                    "id": "s0-t6"
                },
                {
                    "begin": 42,
                    "text": "large",
                    "end": 47,
                    "id": "s0-t7"
                },
                {
                    "begin": 47,
                    "text": ",",
                    "end": 48,
                    "id": "s0-t8"
                },
                {
                    "begin": 49,
                    "text": "semantically",
                    "end": 61,
                    "id": "s0-t9"
                },
                {
                    "begin": 62,
                    "text": "annotated",
                    "end": 71,
                    "id": "s0-t10"
                },
                {
                    "begin": 72,
                    "text": "corpus",
                    "end": 78,
                    "id": "s0-t11"
                },
                {
                    "begin": 79,
                    "text": "resource",
                    "end": 87,
                    "id": "s0-t12"
                },
                {
                    "begin": 88,
                    "text": "as",
                    "end": 90,
                    "id": "s0-t13"
                },
                {
                    "begin": 91,
                    "text": "reliable",
                    "end": 99,
                    "id": "s0-t14"
                },
                {
                    "begin": 100,
                    "text": "basis",
                    "end": 105,
                    "id": "s0-t15"
                },
                {
                    "begin": 106,
                    "text": "for",
                    "end": 109,
                    "id": "s0-t16"
                },
                {
                    "begin": 110,
                    "text": "the",
                    "end": 113,
                    "id": "s0-t17"
                },
                {
                    "begin": 114,
                    "text": "large-scale",
                    "end": 125,
                    "id": "s0-t18"
                },
                {
                    "begin": 126,
                    "text": "acquisition",
                    "end": 137,
                    "id": "s0-t19"
                },
                {
                    "begin": 138,
                    "text": "of",
                    "end": 140,
                    "id": "s0-t20"
                },
                {
                    "begin": 141,
                    "text": "word-semantic",
                    "end": 154,
                    "id": "s0-t21"
                },
                {
                    "begin": 155,
                    "text": "information",
                    "end": 166,
                    "id": "s0-t22"
                },
                {
                    "begin": 166,
                    "text": ",",
                    "end": 167,
                    "id": "s0-t23"
                },
                {
                    "begin": 168,
                    "text": "e.g.",
                    "end": 172,
                    "id": "s0-t24"
                },
                {
                    "begin": 173,
                    "text": "the",
                    "end": 176,
                    "id": "s0-t25"
                },
                {
                    "begin": 177,
                    "text": "construction",
                    "end": 189,
                    "id": "s0-t26"
                },
                {
                    "begin": 190,
                    "text": "of",
                    "end": 192,
                    "id": "s0-t27"
                },
                {
                    "begin": 193,
                    "text": "domain-independent",
                    "end": 211,
                    "id": "s0-t28"
                },
                {
                    "begin": 212,
                    "text": "lexica",
                    "end": 218,
                    "id": "s0-t29"
                },
                {
                    "begin": 218,
                    "text": ".",
                    "end": 219,
                    "id": "s0-t30"
                }
            ],
            "id": "s0"
        },
        {
            "begin": 219,
            "text": " The backbone of the annotation are semantic roles in the frame semantics paradigm.",
            "end": 302,
            "tokens": [
                {
                    "begin": 220,
                    "text": "The",
                    "end": 223,
                    "id": "s1-t0"
                },
                {
                    "begin": 224,
                    "text": "backbone",
                    "end": 232,
                    "id": "s1-t1"
                },
                {
                    "begin": 233,
                    "text": "of",
                    "end": 235,
                    "id": "s1-t2"
                },
                {
                    "begin": 236,
                    "text": "the",
                    "end": 239,
                    "id": "s1-t3"
                },
                {
                    "begin": 240,
                    "text": "annotation",
                    "end": 250,
                    "id": "s1-t4"
                },
                {
                    "begin": 251,
                    "text": "are",
                    "end": 254,
                    "id": "s1-t5"
                },
                {
                    "begin": 255,
                    "text": "semantic",
                    "end": 263,
                    "id": "s1-t6"
                },
                {
                    "begin": 264,
                    "text": "roles",
                    "end": 269,
                    "id": "s1-t7"
                },
                {
                    "begin": 270,
                    "text": "in",
                    "end": 272,
                    "id": "s1-t8"
                },
                {
                    "begin": 273,
                    "text": "the",
                    "end": 276,
                    "id": "s1-t9"
                },
                {
                    "begin": 277,
                    "text": "frame",
                    "end": 282,
                    "id": "s1-t10"
                },
                {
                    "begin": 283,
                    "text": "semantics",
                    "end": 292,
                    "id": "s1-t11"
                },
                {
                    "begin": 293,
                    "text": "paradigm",
                    "end": 301,
                    "id": "s1-t12"
                },
                {
                    "begin": 301,
                    "text": ".",
                    "end": 302,
                    "id": "s1-t13"
                }
            ],
            "id": "s1"
        },
        {
            "begin": 302,
            "text": " We report experiences and evaluate the annotated data from the first project stage.",
            "end": 386,
            "tokens": [
                {
                    "begin": 303,
                    "text": "We",
                    "end": 305,
                    "id": "s2-t0"
                },
                {
                    "begin": 306,
                    "text": "report",
                    "end": 312,
                    "id": "s2-t1"
                },
                {
                    "begin": 313,
                    "text": "experiences",
                    "end": 324,
                    "id": "s2-t2"
                },
                {
                    "begin": 325,
                    "text": "and",
                    "end": 328,
                    "id": "s2-t3"
                },
                {
                    "begin": 329,
                    "text": "evaluate",
                    "end": 337,
                    "id": "s2-t4"
                },
                {
                    "begin": 338,
                    "text": "the",
                    "end": 341,
                    "id": "s2-t5"
                },
                {
                    "begin": 342,
                    "text": "annotated",
                    "end": 351,
                    "id": "s2-t6"
                },
                {
                    "begin": 352,
                    "text": "data",
                    "end": 356,
                    "id": "s2-t7"
                },
                {
                    "begin": 357,
                    "text": "from",
                    "end": 361,
                    "id": "s2-t8"
                },
                {
                    "begin": 362,
                    "text": "the",
                    "end": 365,
                    "id": "s2-t9"
                },
                {
                    "begin": 366,
                    "text": "first",
                    "end": 371,
                    "id": "s2-t10"
                },
                {
                    "begin": 372,
                    "text": "project",
                    "end": 379,
                    "id": "s2-t11"
                },
                {
                    "begin": 380,
                    "text": "stage",
                    "end": 385,
                    "id": "s2-t12"
                },
                {
                    "begin": 385,
                    "text": ".",
                    "end": 386,
                    "id": "s2-t13"
                }
            ],
            "id": "s2"
        },
        {
            "begin": 386,
            "text": " On this basis, we discuss the problems of vagueness and ambiguity in semantic annotation.",
            "end": 476,
            "tokens": [
                {
                    "begin": 387,
                    "text": "On",
                    "end": 389,
                    "id": "s3-t0"
                },
                {
                    "begin": 390,
                    "text": "this",
                    "end": 394,
                    "id": "s3-t1"
                },
                {
                    "begin": 395,
                    "text": "basis",
                    "end": 400,
                    "id": "s3-t2"
                },
                {
                    "begin": 400,
                    "text": ",",
                    "end": 401,
                    "id": "s3-t3"
                },
                {
                    "begin": 402,
                    "text": "we",
                    "end": 404,
                    "id": "s3-t4"
                },
                {
                    "begin": 405,
                    "text": "discuss",
                    "end": 412,
                    "id": "s3-t5"
                },
                {
                    "begin": 413,
                    "text": "the",
                    "end": 416,
                    "id": "s3-t6"
                },
                {
                    "begin": 417,
                    "text": "problems",
                    "end": 425,
                    "id": "s3-t7"
                },
                {
                    "begin": 426,
                    "text": "of",
                    "end": 428,
                    "id": "s3-t8"
                },
                {
                    "begin": 429,
                    "text": "vagueness",
                    "end": 438,
                    "id": "s3-t9"
                },
                {
                    "begin": 439,
                    "text": "and",
                    "end": 442,
                    "id": "s3-t10"
                },
                {
                    "begin": 443,
                    "text": "ambiguity",
                    "end": 452,
                    "id": "s3-t11"
                },
                {
                    "begin": 453,
                    "text": "in",
                    "end": 455,
                    "id": "s3-t12"
                },
                {
                    "begin": 456,
                    "text": "semantic",
                    "end": 464,
                    "id": "s3-t13"
                },
                {
                    "begin": 465,
                    "text": "annotation",
                    "end": 475,
                    "id": "s3-t14"
                },
                {
                    "begin": 475,
                    "text": ".",
                    "end": 476,
                    "id": "s3-t15"
                }
            ],
            "id": "s3"
        }
    ],
    "text": "We describe the ongoing construction of a large, semantically annotated corpus resource as reliable basis for the large-scale acquisition of word-semantic information, e.g. the construction of domain-independent lexica. The backbone of the annotation are semantic roles in the frame semantics paradigm. We report experiences and evaluate the annotated data from the first project stage. On this basis, we discuss the problems of vagueness and ambiguity in semantic annotation.",
    "id": "173a6dd8-4f4f-4260-8f84-144d06c9af3b"
}