{
    "mentions": [
        {
            "begin": 23,
            "id": "m0",
            "end": 31,
            "type": "Generic",
            "text": "approach"
        },
        {
            "begin": 35,
            "id": "m1",
            "end": 47,
            "type": "Task",
            "text": "full parsing"
        },
        {
            "begin": 61,
            "id": "m2",
            "end": 83,
            "type": "Task",
            "text": "Information Extraction"
        },
        {
            "begin": 121,
            "id": "m3",
            "end": 126,
            "type": "OtherScientificTerm",
            "text": "rules"
        },
        {
            "begin": 172,
            "id": "m4",
            "end": 194,
            "type": "OtherScientificTerm",
            "text": "unambiguous structures"
        },
        {
            "begin": 238,
            "id": "m5",
            "end": 258,
            "type": "OtherScientificTerm",
            "text": "argumental relations"
        },
        {
            "begin": 283,
            "id": "m6",
            "end": 302,
            "type": "OtherScientificTerm",
            "text": "modifier attachment"
        },
        {
            "begin": 324,
            "id": "m7",
            "end": 341,
            "type": "OtherScientificTerm",
            "text": "global parse tree"
        },
        {
            "begin": 356,
            "id": "m8",
            "end": 364,
            "type": "Generic",
            "text": "approach"
        },
        {
            "begin": 427,
            "id": "m9",
            "end": 429,
            "type": "Generic",
            "text": "It"
        },
        {
            "begin": 453,
            "id": "m10",
            "end": 462,
            "type": "Method",
            "text": "IE module"
        },
        {
            "begin": 466,
            "id": "m11",
            "end": 530,
            "type": "Method",
            "text": "FACILE, a EU project for multilingual text classification and IE"
        }
    ],
    "relations": [
        {
            "args": [
                "m0",
                "m1"
            ],
            "type": "USED-FOR",
            "id": "r0"
        },
        {
            "args": [
                "m1",
                "m2"
            ],
            "type": "USED-FOR",
            "id": "r1"
        },
        {
            "args": [
                "m9",
                "m10"
            ],
            "type": "USED-FOR",
            "id": "r2"
        },
        {
            "args": [
                "m10",
                "m11"
            ],
            "type": "PART-OF",
            "id": "r3"
        }
    ],
    "sentences": [
        {
            "begin": 0,
            "text": "This paper proposes an approach to full parsing suitable for Information Extraction from texts.",
            "end": 95,
            "tokens": [
                {
                    "begin": 0,
                    "text": "This",
                    "end": 4,
                    "id": "s0-t0"
                },
                {
                    "begin": 5,
                    "text": "paper",
                    "end": 10,
                    "id": "s0-t1"
                },
                {
                    "begin": 11,
                    "text": "proposes",
                    "end": 19,
                    "id": "s0-t2"
                },
                {
                    "begin": 20,
                    "text": "an",
                    "end": 22,
                    "id": "s0-t3"
                },
                {
                    "begin": 23,
                    "text": "approach",
                    "end": 31,
                    "id": "s0-t4"
                },
                {
                    "begin": 32,
                    "text": "to",
                    "end": 34,
                    "id": "s0-t5"
                },
                {
                    "begin": 35,
                    "text": "full",
                    "end": 39,
                    "id": "s0-t6"
                },
                {
                    "begin": 40,
                    "text": "parsing",
                    "end": 47,
                    "id": "s0-t7"
                },
                {
                    "begin": 48,
                    "text": "suitable",
                    "end": 56,
                    "id": "s0-t8"
                },
                {
                    "begin": 57,
                    "text": "for",
                    "end": 60,
                    "id": "s0-t9"
                },
                {
                    "begin": 61,
                    "text": "Information",
                    "end": 72,
                    "id": "s0-t10"
                },
                {
                    "begin": 73,
                    "text": "Extraction",
                    "end": 83,
                    "id": "s0-t11"
                },
                {
                    "begin": 84,
                    "text": "from",
                    "end": 88,
                    "id": "s0-t12"
                },
                {
                    "begin": 89,
                    "text": "texts",
                    "end": 94,
                    "id": "s0-t13"
                },
                {
                    "begin": 94,
                    "text": ".",
                    "end": 95,
                    "id": "s0-t14"
                }
            ],
            "id": "s0"
        },
        {
            "begin": 95,
            "text": " Sequences of cascades of rules deterministically analyze the text, building unambiguous structures.",
            "end": 195,
            "tokens": [
                {
                    "begin": 96,
                    "text": "Sequences",
                    "end": 105,
                    "id": "s1-t0"
                },
                {
                    "begin": 106,
                    "text": "of",
                    "end": 108,
                    "id": "s1-t1"
                },
                {
                    "begin": 109,
                    "text": "cascades",
                    "end": 117,
                    "id": "s1-t2"
                },
                {
                    "begin": 118,
                    "text": "of",
                    "end": 120,
                    "id": "s1-t3"
                },
                {
                    "begin": 121,
                    "text": "rules",
                    "end": 126,
                    "id": "s1-t4"
                },
                {
                    "begin": 127,
                    "text": "deterministically",
                    "end": 144,
                    "id": "s1-t5"
                },
                {
                    "begin": 145,
                    "text": "analyze",
                    "end": 152,
                    "id": "s1-t6"
                },
                {
                    "begin": 153,
                    "text": "the",
                    "end": 156,
                    "id": "s1-t7"
                },
                {
                    "begin": 157,
                    "text": "text",
                    "end": 161,
                    "id": "s1-t8"
                },
                {
                    "begin": 161,
                    "text": ",",
                    "end": 162,
                    "id": "s1-t9"
                },
                {
                    "begin": 163,
                    "text": "building",
                    "end": 171,
                    "id": "s1-t10"
                },
                {
                    "begin": 172,
                    "text": "unambiguous",
                    "end": 183,
                    "id": "s1-t11"
                },
                {
                    "begin": 184,
                    "text": "structures",
                    "end": 194,
                    "id": "s1-t12"
                },
                {
                    "begin": 194,
                    "text": ".",
                    "end": 195,
                    "id": "s1-t13"
                }
            ],
            "id": "s1"
        },
        {
            "begin": 195,
            "text": " Initially basic chunks are analyzed; then argumental relations are recognized; finally modifier attachment is performed and the global parse tree is built.",
            "end": 351,
            "tokens": [
                {
                    "begin": 196,
                    "text": "Initially",
                    "end": 205,
                    "id": "s2-t0"
                },
                {
                    "begin": 206,
                    "text": "basic",
                    "end": 211,
                    "id": "s2-t1"
                },
                {
                    "begin": 212,
                    "text": "chunks",
                    "end": 218,
                    "id": "s2-t2"
                },
                {
                    "begin": 219,
                    "text": "are",
                    "end": 222,
                    "id": "s2-t3"
                },
                {
                    "begin": 223,
                    "text": "analyzed",
                    "end": 231,
                    "id": "s2-t4"
                },
                {
                    "begin": 231,
                    "text": ";",
                    "end": 232,
                    "id": "s2-t5"
                },
                {
                    "begin": 233,
                    "text": "then",
                    "end": 237,
                    "id": "s2-t6"
                },
                {
                    "begin": 238,
                    "text": "argumental",
                    "end": 248,
                    "id": "s2-t7"
                },
                {
                    "begin": 249,
                    "text": "relations",
                    "end": 258,
                    "id": "s2-t8"
                },
                {
                    "begin": 259,
                    "text": "are",
                    "end": 262,
                    "id": "s2-t9"
                },
                {
                    "begin": 263,
                    "text": "recognized",
                    "end": 273,
                    "id": "s2-t10"
                },
                {
                    "begin": 273,
                    "text": ";",
                    "end": 274,
                    "id": "s2-t11"
                },
                {
                    "begin": 275,
                    "text": "finally",
                    "end": 282,
                    "id": "s2-t12"
                },
                {
                    "begin": 283,
                    "text": "modifier",
                    "end": 291,
                    "id": "s2-t13"
                },
                {
                    "begin": 292,
                    "text": "attachment",
                    "end": 302,
                    "id": "s2-t14"
                },
                {
                    "begin": 303,
                    "text": "is",
                    "end": 305,
                    "id": "s2-t15"
                },
                {
                    "begin": 306,
                    "text": "performed",
                    "end": 315,
                    "id": "s2-t16"
                },
                {
                    "begin": 316,
                    "text": "and",
                    "end": 319,
                    "id": "s2-t17"
                },
                {
                    "begin": 320,
                    "text": "the",
                    "end": 323,
                    "id": "s2-t18"
                },
                {
                    "begin": 324,
                    "text": "global",
                    "end": 330,
                    "id": "s2-t19"
                },
                {
                    "begin": 331,
                    "text": "parse",
                    "end": 336,
                    "id": "s2-t20"
                },
                {
                    "begin": 337,
                    "text": "tree",
                    "end": 341,
                    "id": "s2-t21"
                },
                {
                    "begin": 342,
                    "text": "is",
                    "end": 344,
                    "id": "s2-t22"
                },
                {
                    "begin": 345,
                    "text": "built",
                    "end": 350,
                    "id": "s2-t23"
                },
                {
                    "begin": 350,
                    "text": ".",
                    "end": 351,
                    "id": "s2-t24"
                }
            ],
            "id": "s2"
        },
        {
            "begin": 351,
            "text": " The approach was proven to work for three languages and different domains.",
            "end": 426,
            "tokens": [
                {
                    "begin": 352,
                    "text": "The",
                    "end": 355,
                    "id": "s3-t0"
                },
                {
                    "begin": 356,
                    "text": "approach",
                    "end": 364,
                    "id": "s3-t1"
                },
                {
                    "begin": 365,
                    "text": "was",
                    "end": 368,
                    "id": "s3-t2"
                },
                {
                    "begin": 369,
                    "text": "proven",
                    "end": 375,
                    "id": "s3-t3"
                },
                {
                    "begin": 376,
                    "text": "to",
                    "end": 378,
                    "id": "s3-t4"
                },
                {
                    "begin": 379,
                    "text": "work",
                    "end": 383,
                    "id": "s3-t5"
                },
                {
                    "begin": 384,
                    "text": "for",
                    "end": 387,
                    "id": "s3-t6"
                },
                {
                    "begin": 388,
                    "text": "three",
                    "end": 393,
                    "id": "s3-t7"
                },
                {
                    "begin": 394,
                    "text": "languages",
                    "end": 403,
                    "id": "s3-t8"
                },
                {
                    "begin": 404,
                    "text": "and",
                    "end": 407,
                    "id": "s3-t9"
                },
                {
                    "begin": 408,
                    "text": "different",
                    "end": 417,
                    "id": "s3-t10"
                },
                {
                    "begin": 418,
                    "text": "domains",
                    "end": 425,
                    "id": "s3-t11"
                },
                {
                    "begin": 425,
                    "text": ".",
                    "end": 426,
                    "id": "s3-t12"
                }
            ],
            "id": "s3"
        },
        {
            "begin": 426,
            "text": " It was implemented in the IE module of FACILE, a EU project for multilingual text classification and IE.",
            "end": 531,
            "tokens": [
                {
                    "begin": 427,
                    "text": "It",
                    "end": 429,
                    "id": "s4-t0"
                },
                {
                    "begin": 430,
                    "text": "was",
                    "end": 433,
                    "id": "s4-t1"
                },
                {
                    "begin": 434,
                    "text": "implemented",
                    "end": 445,
                    "id": "s4-t2"
                },
                {
                    "begin": 446,
                    "text": "in",
                    "end": 448,
                    "id": "s4-t3"
                },
                {
                    "begin": 449,
                    "text": "the",
                    "end": 452,
                    "id": "s4-t4"
                },
                {
                    "begin": 453,
                    "text": "IE",
                    "end": 455,
                    "id": "s4-t5"
                },
                {
                    "begin": 456,
                    "text": "module",
                    "end": 462,
                    "id": "s4-t6"
                },
                {
                    "begin": 463,
                    "text": "of",
                    "end": 465,
                    "id": "s4-t7"
                },
                {
                    "begin": 466,
                    "text": "FACILE",
                    "end": 472,
                    "id": "s4-t8"
                },
                {
                    "begin": 472,
                    "text": ",",
                    "end": 473,
                    "id": "s4-t9"
                },
                {
                    "begin": 474,
                    "text": "a",
                    "end": 475,
                    "id": "s4-t10"
                },
                {
                    "begin": 476,
                    "text": "EU",
                    "end": 478,
                    "id": "s4-t11"
                },
                {
                    "begin": 479,
                    "text": "project",
                    "end": 486,
                    "id": "s4-t12"
                },
                {
                    "begin": 487,
                    "text": "for",
                    "end": 490,
                    "id": "s4-t13"
                },
                {
                    "begin": 491,
                    "text": "multilingual",
                    "end": 503,
                    "id": "s4-t14"
                },
                {
                    "begin": 504,
                    "text": "text",
                    "end": 508,
                    "id": "s4-t15"
                },
                {
                    "begin": 509,
                    "text": "classification",
                    "end": 523,
                    "id": "s4-t16"
                },
                {
                    "begin": 524,
                    "text": "and",
                    "end": 527,
                    "id": "s4-t17"
                },
                {
                    "begin": 528,
                    "text": "IE",
                    "end": 530,
                    "id": "s4-t18"
                },
                {
                    "begin": 530,
                    "text": ".",
                    "end": 531,
                    "id": "s4-t19"
                }
            ],
            "id": "s4"
        }
    ],
    "text": "This paper proposes an approach to full parsing suitable for Information Extraction from texts. Sequences of cascades of rules deterministically analyze the text, building unambiguous structures. Initially basic chunks are analyzed; then argumental relations are recognized; finally modifier attachment is performed and the global parse tree is built. The approach was proven to work for three languages and different domains. It was implemented in the IE module of FACILE, a EU project for multilingual text classification and IE.",
    "id": "320e7644-9249-4995-ab6c-764fcf830bd5"
}