{
    "mentions": [
        {
            "begin": 22,
            "id": "m0",
            "end": 32,
            "type": "Task",
            "text": "clustering"
        },
        {
            "begin": 124,
            "id": "m1",
            "end": 141,
            "type": "Method",
            "text": "unified framework"
        },
        {
            "begin": 146,
            "id": "m2",
            "end": 155,
            "type": "Task",
            "text": "reasoning"
        },
        {
            "begin": 342,
            "id": "m3",
            "end": 353,
            "type": "Method",
            "text": "unification"
        },
        {
            "begin": 373,
            "id": "m4",
            "end": 394,
            "type": "Method",
            "text": "impossibility theorem"
        },
        {
            "begin": 459,
            "id": "m5",
            "end": 478,
            "type": "OtherScientificTerm",
            "text": "clustering function"
        },
        {
            "begin": 610,
            "id": "m6",
            "end": 644,
            "type": "Method",
            "text": "well-studied clustering techniques"
        },
        {
            "begin": 653,
            "id": "m7",
            "end": 667,
            "type": "Method",
            "text": "single-linkage"
        },
        {
            "begin": 669,
            "id": "m8",
            "end": 681,
            "type": "Method",
            "text": "sum-of-pairs"
        },
        {
            "begin": 683,
            "id": "m9",
            "end": 690,
            "type": "Method",
            "text": "k-means"
        },
        {
            "begin": 696,
            "id": "m10",
            "end": 704,
            "type": "Method",
            "text": "k-median"
        }
    ],
    "relations": [
        {
            "args": [
                "m1",
                "m2"
            ],
            "type": "USED-FOR",
            "id": "r0"
        },
        {
            "args": [
                "m7",
                "m6"
            ],
            "type": "HYPONYM-OF",
            "id": "r1"
        },
        {
            "args": [
                "m7",
                "m8"
            ],
            "type": "CONJUNCTION",
            "id": "r2"
        },
        {
            "args": [
                "m8",
                "m6"
            ],
            "type": "HYPONYM-OF",
            "id": "r3"
        },
        {
            "args": [
                "m8",
                "m9"
            ],
            "type": "CONJUNCTION",
            "id": "r4"
        },
        {
            "args": [
                "m9",
                "m6"
            ],
            "type": "HYPONYM-OF",
            "id": "r5"
        },
        {
            "args": [
                "m9",
                "m10"
            ],
            "type": "CONJUNCTION",
            "id": "r6"
        },
        {
            "args": [
                "m10",
                "m6"
            ],
            "type": "HYPONYM-OF",
            "id": "r7"
        }
    ],
    "sentences": [
        {
            "begin": 0,
            "text": "Although the study of clustering is centered around an intuitively compelling goal, it has been very difficult to develop a unified framework for reasoning about it at a technical level, and profoundly diverse approaches to clustering abound in the research community.",
            "end": 268,
            "tokens": [
                {
                    "begin": 0,
                    "text": "Although",
                    "end": 8,
                    "id": "s0-t0"
                },
                {
                    "begin": 9,
                    "text": "the",
                    "end": 12,
                    "id": "s0-t1"
                },
                {
                    "begin": 13,
                    "text": "study",
                    "end": 18,
                    "id": "s0-t2"
                },
                {
                    "begin": 19,
                    "text": "of",
                    "end": 21,
                    "id": "s0-t3"
                },
                {
                    "begin": 22,
                    "text": "clustering",
                    "end": 32,
                    "id": "s0-t4"
                },
                {
                    "begin": 33,
                    "text": "is",
                    "end": 35,
                    "id": "s0-t5"
                },
                {
                    "begin": 36,
                    "text": "centered",
                    "end": 44,
                    "id": "s0-t6"
                },
                {
                    "begin": 45,
                    "text": "around",
                    "end": 51,
                    "id": "s0-t7"
                },
                {
                    "begin": 52,
                    "text": "an",
                    "end": 54,
                    "id": "s0-t8"
                },
                {
                    "begin": 55,
                    "text": "intuitively",
                    "end": 66,
                    "id": "s0-t9"
                },
                {
                    "begin": 67,
                    "text": "compelling",
                    "end": 77,
                    "id": "s0-t10"
                },
                {
                    "begin": 78,
                    "text": "goal",
                    "end": 82,
                    "id": "s0-t11"
                },
                {
                    "begin": 82,
                    "text": ",",
                    "end": 83,
                    "id": "s0-t12"
                },
                {
                    "begin": 84,
                    "text": "it",
                    "end": 86,
                    "id": "s0-t13"
                },
                {
                    "begin": 87,
                    "text": "has",
                    "end": 90,
                    "id": "s0-t14"
                },
                {
                    "begin": 91,
                    "text": "been",
                    "end": 95,
                    "id": "s0-t15"
                },
                {
                    "begin": 96,
                    "text": "very",
                    "end": 100,
                    "id": "s0-t16"
                },
                {
                    "begin": 101,
                    "text": "difficult",
                    "end": 110,
                    "id": "s0-t17"
                },
                {
                    "begin": 111,
                    "text": "to",
                    "end": 113,
                    "id": "s0-t18"
                },
                {
                    "begin": 114,
                    "text": "develop",
                    "end": 121,
                    "id": "s0-t19"
                },
                {
                    "begin": 122,
                    "text": "a",
                    "end": 123,
                    "id": "s0-t20"
                },
                {
                    "begin": 124,
                    "text": "unified",
                    "end": 131,
                    "id": "s0-t21"
                },
                {
                    "begin": 132,
                    "text": "framework",
                    "end": 141,
                    "id": "s0-t22"
                },
                {
                    "begin": 142,
                    "text": "for",
                    "end": 145,
                    "id": "s0-t23"
                },
                {
                    "begin": 146,
                    "text": "reasoning",
                    "end": 155,
                    "id": "s0-t24"
                },
                {
                    "begin": 156,
                    "text": "about",
                    "end": 161,
                    "id": "s0-t25"
                },
                {
                    "begin": 162,
                    "text": "it",
                    "end": 164,
                    "id": "s0-t26"
                },
                {
                    "begin": 165,
                    "text": "at",
                    "end": 167,
                    "id": "s0-t27"
                },
                {
                    "begin": 168,
                    "text": "a",
                    "end": 169,
                    "id": "s0-t28"
                },
                {
                    "begin": 170,
                    "text": "technical",
                    "end": 179,
                    "id": "s0-t29"
                },
                {
                    "begin": 180,
                    "text": "level",
                    "end": 185,
                    "id": "s0-t30"
                },
                {
                    "begin": 185,
                    "text": ",",
                    "end": 186,
                    "id": "s0-t31"
                },
                {
                    "begin": 187,
                    "text": "and",
                    "end": 190,
                    "id": "s0-t32"
                },
                {
                    "begin": 191,
                    "text": "profoundly",
                    "end": 201,
                    "id": "s0-t33"
                },
                {
                    "begin": 202,
                    "text": "diverse",
                    "end": 209,
                    "id": "s0-t34"
                },
                {
                    "begin": 210,
                    "text": "approaches",
                    "end": 220,
                    "id": "s0-t35"
                },
                {
                    "begin": 221,
                    "text": "to",
                    "end": 223,
                    "id": "s0-t36"
                },
                {
                    "begin": 224,
                    "text": "clustering",
                    "end": 234,
                    "id": "s0-t37"
                },
                {
                    "begin": 235,
                    "text": "abound",
                    "end": 241,
                    "id": "s0-t38"
                },
                {
                    "begin": 242,
                    "text": "in",
                    "end": 244,
                    "id": "s0-t39"
                },
                {
                    "begin": 245,
                    "text": "the",
                    "end": 248,
                    "id": "s0-t40"
                },
                {
                    "begin": 249,
                    "text": "research",
                    "end": 257,
                    "id": "s0-t41"
                },
                {
                    "begin": 258,
                    "text": "community",
                    "end": 267,
                    "id": "s0-t42"
                },
                {
                    "begin": 267,
                    "text": ".",
                    "end": 268,
                    "id": "s0-t43"
                }
            ],
            "id": "s0"
        },
        {
            "begin": 268,
            "text": " Here we suggest a formal perspective on the difficulty in finding such a unification, in the form of an impossibility theorem: for a set of three simple properties, we show that there is no clustering function satisfying all three.",
            "end": 500,
            "tokens": [
                {
                    "begin": 269,
                    "text": "Here",
                    "end": 273,
                    "id": "s1-t0"
                },
                {
                    "begin": 274,
                    "text": "we",
                    "end": 276,
                    "id": "s1-t1"
                },
                {
                    "begin": 277,
                    "text": "suggest",
                    "end": 284,
                    "id": "s1-t2"
                },
                {
                    "begin": 285,
                    "text": "a",
                    "end": 286,
                    "id": "s1-t3"
                },
                {
                    "begin": 287,
                    "text": "formal",
                    "end": 293,
                    "id": "s1-t4"
                },
                {
                    "begin": 294,
                    "text": "perspective",
                    "end": 305,
                    "id": "s1-t5"
                },
                {
                    "begin": 306,
                    "text": "on",
                    "end": 308,
                    "id": "s1-t6"
                },
                {
                    "begin": 309,
                    "text": "the",
                    "end": 312,
                    "id": "s1-t7"
                },
                {
                    "begin": 313,
                    "text": "difficulty",
                    "end": 323,
                    "id": "s1-t8"
                },
                {
                    "begin": 324,
                    "text": "in",
                    "end": 326,
                    "id": "s1-t9"
                },
                {
                    "begin": 327,
                    "text": "finding",
                    "end": 334,
                    "id": "s1-t10"
                },
                {
                    "begin": 335,
                    "text": "such",
                    "end": 339,
                    "id": "s1-t11"
                },
                {
                    "begin": 340,
                    "text": "a",
                    "end": 341,
                    "id": "s1-t12"
                },
                {
                    "begin": 342,
                    "text": "unification",
                    "end": 353,
                    "id": "s1-t13"
                },
                {
                    "begin": 353,
                    "text": ",",
                    "end": 354,
                    "id": "s1-t14"
                },
                {
                    "begin": 355,
                    "text": "in",
                    "end": 357,
                    "id": "s1-t15"
                },
                {
                    "begin": 358,
                    "text": "the",
                    "end": 361,
                    "id": "s1-t16"
                },
                {
                    "begin": 362,
                    "text": "form",
                    "end": 366,
                    "id": "s1-t17"
                },
                {
                    "begin": 367,
                    "text": "of",
                    "end": 369,
                    "id": "s1-t18"
                },
                {
                    "begin": 370,
                    "text": "an",
                    "end": 372,
                    "id": "s1-t19"
                },
                {
                    "begin": 373,
                    "text": "impossibility",
                    "end": 386,
                    "id": "s1-t20"
                },
                {
                    "begin": 387,
                    "text": "theorem",
                    "end": 394,
                    "id": "s1-t21"
                },
                {
                    "begin": 394,
                    "text": ":",
                    "end": 395,
                    "id": "s1-t22"
                },
                {
                    "begin": 396,
                    "text": "for",
                    "end": 399,
                    "id": "s1-t23"
                },
                {
                    "begin": 400,
                    "text": "a",
                    "end": 401,
                    "id": "s1-t24"
                },
                {
                    "begin": 402,
                    "text": "set",
                    "end": 405,
                    "id": "s1-t25"
                },
                {
                    "begin": 406,
                    "text": "of",
                    "end": 408,
                    "id": "s1-t26"
                },
                {
                    "begin": 409,
                    "text": "three",
                    "end": 414,
                    "id": "s1-t27"
                },
                {
                    "begin": 415,
                    "text": "simple",
                    "end": 421,
                    "id": "s1-t28"
                },
                {
                    "begin": 422,
                    "text": "properties",
                    "end": 432,
                    "id": "s1-t29"
                },
                {
                    "begin": 432,
                    "text": ",",
                    "end": 433,
                    "id": "s1-t30"
                },
                {
                    "begin": 434,
                    "text": "we",
                    "end": 436,
                    "id": "s1-t31"
                },
                {
                    "begin": 437,
                    "text": "show",
                    "end": 441,
                    "id": "s1-t32"
                },
                {
                    "begin": 442,
                    "text": "that",
                    "end": 446,
                    "id": "s1-t33"
                },
                {
                    "begin": 447,
                    "text": "there",
                    "end": 452,
                    "id": "s1-t34"
                },
                {
                    "begin": 453,
                    "text": "is",
                    "end": 455,
                    "id": "s1-t35"
                },
                {
                    "begin": 456,
                    "text": "no",
                    "end": 458,
                    "id": "s1-t36"
                },
                {
                    "begin": 459,
                    "text": "clustering",
                    "end": 469,
                    "id": "s1-t37"
                },
                {
                    "begin": 470,
                    "text": "function",
                    "end": 478,
                    "id": "s1-t38"
                },
                {
                    "begin": 479,
                    "text": "satisfying",
                    "end": 489,
                    "id": "s1-t39"
                },
                {
                    "begin": 490,
                    "text": "all",
                    "end": 493,
                    "id": "s1-t40"
                },
                {
                    "begin": 494,
                    "text": "three",
                    "end": 499,
                    "id": "s1-t41"
                },
                {
                    "begin": 499,
                    "text": ".",
                    "end": 500,
                    "id": "s1-t42"
                }
            ],
            "id": "s1"
        },
        {
            "begin": 500,
            "text": " Relaxations of these properties expose some of the interesting-LRB-and unavoidable-RRB-trade-offs at work in well-studied clustering techniques such as single-linkage, sum-of-pairs, k-means, and k-median.",
            "end": 705,
            "tokens": [
                {
                    "begin": 501,
                    "text": "Relaxations",
                    "end": 512,
                    "id": "s2-t0"
                },
                {
                    "begin": 513,
                    "text": "of",
                    "end": 515,
                    "id": "s2-t1"
                },
                {
                    "begin": 516,
                    "text": "these",
                    "end": 521,
                    "id": "s2-t2"
                },
                {
                    "begin": 522,
                    "text": "properties",
                    "end": 532,
                    "id": "s2-t3"
                },
                {
                    "begin": 533,
                    "text": "expose",
                    "end": 539,
                    "id": "s2-t4"
                },
                {
                    "begin": 540,
                    "text": "some",
                    "end": 544,
                    "id": "s2-t5"
                },
                {
                    "begin": 545,
                    "text": "of",
                    "end": 547,
                    "id": "s2-t6"
                },
                {
                    "begin": 548,
                    "text": "the",
                    "end": 551,
                    "id": "s2-t7"
                },
                {
                    "begin": 552,
                    "text": "interesting",
                    "end": 563,
                    "id": "s2-t8"
                },
                {
                    "begin": 563,
                    "text": "-LRB-",
                    "end": 568,
                    "id": "s2-t9"
                },
                {
                    "begin": 568,
                    "text": "and",
                    "end": 571,
                    "id": "s2-t10"
                },
                {
                    "begin": 572,
                    "text": "unavoidable",
                    "end": 583,
                    "id": "s2-t11"
                },
                {
                    "begin": 583,
                    "text": "-RRB-",
                    "end": 588,
                    "id": "s2-t12"
                },
                {
                    "begin": 588,
                    "text": "trade-offs",
                    "end": 598,
                    "id": "s2-t13"
                },
                {
                    "begin": 599,
                    "text": "at",
                    "end": 601,
                    "id": "s2-t14"
                },
                {
                    "begin": 602,
                    "text": "work",
                    "end": 606,
                    "id": "s2-t15"
                },
                {
                    "begin": 607,
                    "text": "in",
                    "end": 609,
                    "id": "s2-t16"
                },
                {
                    "begin": 610,
                    "text": "well-studied",
                    "end": 622,
                    "id": "s2-t17"
                },
                {
                    "begin": 623,
                    "text": "clustering",
                    "end": 633,
                    "id": "s2-t18"
                },
                {
                    "begin": 634,
                    "text": "techniques",
                    "end": 644,
                    "id": "s2-t19"
                },
                {
                    "begin": 645,
                    "text": "such",
                    "end": 649,
                    "id": "s2-t20"
                },
                {
                    "begin": 650,
                    "text": "as",
                    "end": 652,
                    "id": "s2-t21"
                },
                {
                    "begin": 653,
                    "text": "single-linkage",
                    "end": 667,
                    "id": "s2-t22"
                },
                {
                    "begin": 667,
                    "text": ",",
                    "end": 668,
                    "id": "s2-t23"
                },
                {
                    "begin": 669,
                    "text": "sum-of-pairs",
                    "end": 681,
                    "id": "s2-t24"
                },
                {
                    "begin": 681,
                    "text": ",",
                    "end": 682,
                    "id": "s2-t25"
                },
                {
                    "begin": 683,
                    "text": "k-means",
                    "end": 690,
                    "id": "s2-t26"
                },
                {
                    "begin": 690,
                    "text": ",",
                    "end": 691,
                    "id": "s2-t27"
                },
                {
                    "begin": 692,
                    "text": "and",
                    "end": 695,
                    "id": "s2-t28"
                },
                {
                    "begin": 696,
                    "text": "k-median",
                    "end": 704,
                    "id": "s2-t29"
                },
                {
                    "begin": 704,
                    "text": ".",
                    "end": 705,
                    "id": "s2-t30"
                }
            ],
            "id": "s2"
        }
    ],
    "text": "Although the study of clustering is centered around an intuitively compelling goal, it has been very difficult to develop a unified framework for reasoning about it at a technical level, and profoundly diverse approaches to clustering abound in the research community. Here we suggest a formal perspective on the difficulty in finding such a unification, in the form of an impossibility theorem: for a set of three simple properties, we show that there is no clustering function satisfying all three. Relaxations of these properties expose some of the interesting-LRB-and unavoidable-RRB-trade-offs at work in well-studied clustering techniques such as single-linkage, sum-of-pairs, k-means, and k-median.",
    "id": "b5b902b1-2fbd-4d1f-aebf-98c6393b662e"
}