{
    "mentions": [
        {
            "begin": 0,
            "id": "m0",
            "end": 7,
            "type": "Generic",
            "text": "Methods"
        },
        {
            "begin": 22,
            "id": "m1",
            "end": 41,
            "type": "Task",
            "text": "spelling correction"
        },
        {
            "begin": 46,
            "id": "m2",
            "end": 55,
            "type": "OtherScientificTerm",
            "text": "languages"
        },
        {
            "begin": 61,
            "id": "m3",
            "end": 68,
            "type": "OtherScientificTerm",
            "text": "English"
        },
        {
            "begin": 154,
            "id": "m4",
            "end": 177,
            "type": "OtherScientificTerm",
            "text": "agglutinative languages"
        },
        {
            "begin": 203,
            "id": "m5",
            "end": 211,
            "type": "Generic",
            "text": "approach"
        },
        {
            "begin": 215,
            "id": "m6",
            "end": 234,
            "type": "Task",
            "text": "spelling correction"
        },
        {
            "begin": 238,
            "id": "m7",
            "end": 261,
            "type": "OtherScientificTerm",
            "text": "agglutinative languages"
        },
        {
            "begin": 279,
            "id": "m8",
            "end": 299,
            "type": "OtherScientificTerm",
            "text": "two-level morphology"
        },
        {
            "begin": 306,
            "id": "m9",
            "end": 348,
            "type": "Method",
            "text": "dynamic-programming based search algorithm"
        },
        {
            "begin": 375,
            "id": "m10",
            "end": 383,
            "type": "Generic",
            "text": "approach"
        },
        {
            "begin": 426,
            "id": "m11",
            "end": 445,
            "type": "Task",
            "text": "spelling correction"
        },
        {
            "begin": 449,
            "id": "m12",
            "end": 456,
            "type": "OtherScientificTerm",
            "text": "Turkish"
        }
    ],
    "relations": [
        {
            "args": [
                "m0",
                "m1"
            ],
            "type": "USED-FOR",
            "id": "r0"
        },
        {
            "args": [
                "m1",
                "m2"
            ],
            "type": "USED-FOR",
            "id": "r1"
        },
        {
            "args": [
                "m3",
                "m2"
            ],
            "type": "HYPONYM-OF",
            "id": "r2"
        },
        {
            "args": [
                "m5",
                "m6"
            ],
            "type": "USED-FOR",
            "id": "r3"
        },
        {
            "args": [
                "m7",
                "m6"
            ],
            "type": "USED-FOR",
            "id": "r4"
        },
        {
            "args": [
                "m8",
                "m6"
            ],
            "type": "USED-FOR",
            "id": "r5"
        },
        {
            "args": [
                "m8",
                "m9"
            ],
            "type": "CONJUNCTION",
            "id": "r6"
        },
        {
            "args": [
                "m9",
                "m6"
            ],
            "type": "USED-FOR",
            "id": "r7"
        },
        {
            "args": [
                "m12",
                "m11"
            ],
            "type": "USED-FOR",
            "id": "r8"
        }
    ],
    "sentences": [
        {
            "begin": 0,
            "text": "Methods developed for spelling correction for languages like English-LRB-see the review by Kukich-LRB-Kukich, 1992-RRB--RRB-are not readily applicable to agglutinative languages.",
            "end": 178,
            "tokens": [
                {
                    "begin": 0,
                    "text": "Methods",
                    "end": 7,
                    "id": "s0-t0"
                },
                {
                    "begin": 8,
                    "text": "developed",
                    "end": 17,
                    "id": "s0-t1"
                },
                {
                    "begin": 18,
                    "text": "for",
                    "end": 21,
                    "id": "s0-t2"
                },
                {
                    "begin": 22,
                    "text": "spelling",
                    "end": 30,
                    "id": "s0-t3"
                },
                {
                    "begin": 31,
                    "text": "correction",
                    "end": 41,
                    "id": "s0-t4"
                },
                {
                    "begin": 42,
                    "text": "for",
                    "end": 45,
                    "id": "s0-t5"
                },
                {
                    "begin": 46,
                    "text": "languages",
                    "end": 55,
                    "id": "s0-t6"
                },
                {
                    "begin": 56,
                    "text": "like",
                    "end": 60,
                    "id": "s0-t7"
                },
                {
                    "begin": 61,
                    "text": "English",
                    "end": 68,
                    "id": "s0-t8"
                },
                {
                    "begin": 68,
                    "text": "-LRB-",
                    "end": 73,
                    "id": "s0-t9"
                },
                {
                    "begin": 73,
                    "text": "see",
                    "end": 76,
                    "id": "s0-t10"
                },
                {
                    "begin": 77,
                    "text": "the",
                    "end": 80,
                    "id": "s0-t11"
                },
                {
                    "begin": 81,
                    "text": "review",
                    "end": 87,
                    "id": "s0-t12"
                },
                {
                    "begin": 88,
                    "text": "by",
                    "end": 90,
                    "id": "s0-t13"
                },
                {
                    "begin": 91,
                    "text": "Kukich",
                    "end": 97,
                    "id": "s0-t14"
                },
                {
                    "begin": 97,
                    "text": "-LRB-",
                    "end": 102,
                    "id": "s0-t15"
                },
                {
                    "begin": 102,
                    "text": "Kukich",
                    "end": 108,
                    "id": "s0-t16"
                },
                {
                    "begin": 108,
                    "text": ",",
                    "end": 109,
                    "id": "s0-t17"
                },
                {
                    "begin": 110,
                    "text": "1992",
                    "end": 114,
                    "id": "s0-t18"
                },
                {
                    "begin": 114,
                    "text": "-RRB-",
                    "end": 119,
                    "id": "s0-t19"
                },
                {
                    "begin": 119,
                    "text": "-RRB-",
                    "end": 124,
                    "id": "s0-t20"
                },
                {
                    "begin": 124,
                    "text": "are",
                    "end": 127,
                    "id": "s0-t21"
                },
                {
                    "begin": 128,
                    "text": "not",
                    "end": 131,
                    "id": "s0-t22"
                },
                {
                    "begin": 132,
                    "text": "readily",
                    "end": 139,
                    "id": "s0-t23"
                },
                {
                    "begin": 140,
                    "text": "applicable",
                    "end": 150,
                    "id": "s0-t24"
                },
                {
                    "begin": 151,
                    "text": "to",
                    "end": 153,
                    "id": "s0-t25"
                },
                {
                    "begin": 154,
                    "text": "agglutinative",
                    "end": 167,
                    "id": "s0-t26"
                },
                {
                    "begin": 168,
                    "text": "languages",
                    "end": 177,
                    "id": "s0-t27"
                },
                {
                    "begin": 177,
                    "text": ".",
                    "end": 178,
                    "id": "s0-t28"
                }
            ],
            "id": "s0"
        },
        {
            "begin": 178,
            "text": " This poster presents an approach to spelling correction in agglutinative languages that is based on two-level morphology and a dynamic-programming based search algorithm.",
            "end": 349,
            "tokens": [
                {
                    "begin": 179,
                    "text": "This",
                    "end": 183,
                    "id": "s1-t0"
                },
                {
                    "begin": 184,
                    "text": "poster",
                    "end": 190,
                    "id": "s1-t1"
                },
                {
                    "begin": 191,
                    "text": "presents",
                    "end": 199,
                    "id": "s1-t2"
                },
                {
                    "begin": 200,
                    "text": "an",
                    "end": 202,
                    "id": "s1-t3"
                },
                {
                    "begin": 203,
                    "text": "approach",
                    "end": 211,
                    "id": "s1-t4"
                },
                {
                    "begin": 212,
                    "text": "to",
                    "end": 214,
                    "id": "s1-t5"
                },
                {
                    "begin": 215,
                    "text": "spelling",
                    "end": 223,
                    "id": "s1-t6"
                },
                {
                    "begin": 224,
                    "text": "correction",
                    "end": 234,
                    "id": "s1-t7"
                },
                {
                    "begin": 235,
                    "text": "in",
                    "end": 237,
                    "id": "s1-t8"
                },
                {
                    "begin": 238,
                    "text": "agglutinative",
                    "end": 251,
                    "id": "s1-t9"
                },
                {
                    "begin": 252,
                    "text": "languages",
                    "end": 261,
                    "id": "s1-t10"
                },
                {
                    "begin": 262,
                    "text": "that",
                    "end": 266,
                    "id": "s1-t11"
                },
                {
                    "begin": 267,
                    "text": "is",
                    "end": 269,
                    "id": "s1-t12"
                },
                {
                    "begin": 270,
                    "text": "based",
                    "end": 275,
                    "id": "s1-t13"
                },
                {
                    "begin": 276,
                    "text": "on",
                    "end": 278,
                    "id": "s1-t14"
                },
                {
                    "begin": 279,
                    "text": "two-level",
                    "end": 288,
                    "id": "s1-t15"
                },
                {
                    "begin": 289,
                    "text": "morphology",
                    "end": 299,
                    "id": "s1-t16"
                },
                {
                    "begin": 300,
                    "text": "and",
                    "end": 303,
                    "id": "s1-t17"
                },
                {
                    "begin": 304,
                    "text": "a",
                    "end": 305,
                    "id": "s1-t18"
                },
                {
                    "begin": 306,
                    "text": "dynamic-programming",
                    "end": 325,
                    "id": "s1-t19"
                },
                {
                    "begin": 326,
                    "text": "based",
                    "end": 331,
                    "id": "s1-t20"
                },
                {
                    "begin": 332,
                    "text": "search",
                    "end": 338,
                    "id": "s1-t21"
                },
                {
                    "begin": 339,
                    "text": "algorithm",
                    "end": 348,
                    "id": "s1-t22"
                },
                {
                    "begin": 348,
                    "text": ".",
                    "end": 349,
                    "id": "s1-t23"
                }
            ],
            "id": "s1"
        },
        {
            "begin": 349,
            "text": " After an overview of our approach, we present results from experiments with spelling correction in Turkish.",
            "end": 457,
            "tokens": [
                {
                    "begin": 350,
                    "text": "After",
                    "end": 355,
                    "id": "s2-t0"
                },
                {
                    "begin": 356,
                    "text": "an",
                    "end": 358,
                    "id": "s2-t1"
                },
                {
                    "begin": 359,
                    "text": "overview",
                    "end": 367,
                    "id": "s2-t2"
                },
                {
                    "begin": 368,
                    "text": "of",
                    "end": 370,
                    "id": "s2-t3"
                },
                {
                    "begin": 371,
                    "text": "our",
                    "end": 374,
                    "id": "s2-t4"
                },
                {
                    "begin": 375,
                    "text": "approach",
                    "end": 383,
                    "id": "s2-t5"
                },
                {
                    "begin": 383,
                    "text": ",",
                    "end": 384,
                    "id": "s2-t6"
                },
                {
                    "begin": 385,
                    "text": "we",
                    "end": 387,
                    "id": "s2-t7"
                },
                {
                    "begin": 388,
                    "text": "present",
                    "end": 395,
                    "id": "s2-t8"
                },
                {
                    "begin": 396,
                    "text": "results",
                    "end": 403,
                    "id": "s2-t9"
                },
                {
                    "begin": 404,
                    "text": "from",
                    "end": 408,
                    "id": "s2-t10"
                },
                {
                    "begin": 409,
                    "text": "experiments",
                    "end": 420,
                    "id": "s2-t11"
                },
                {
                    "begin": 421,
                    "text": "with",
                    "end": 425,
                    "id": "s2-t12"
                },
                {
                    "begin": 426,
                    "text": "spelling",
                    "end": 434,
                    "id": "s2-t13"
                },
                {
                    "begin": 435,
                    "text": "correction",
                    "end": 445,
                    "id": "s2-t14"
                },
                {
                    "begin": 446,
                    "text": "in",
                    "end": 448,
                    "id": "s2-t15"
                },
                {
                    "begin": 449,
                    "text": "Turkish",
                    "end": 456,
                    "id": "s2-t16"
                },
                {
                    "begin": 456,
                    "text": ".",
                    "end": 457,
                    "id": "s2-t17"
                }
            ],
            "id": "s2"
        }
    ],
    "text": "Methods developed for spelling correction for languages like English-LRB-see the review by Kukich-LRB-Kukich, 1992-RRB--RRB-are not readily applicable to agglutinative languages. This poster presents an approach to spelling correction in agglutinative languages that is based on two-level morphology and a dynamic-programming based search algorithm. After an overview of our approach, we present results from experiments with spelling correction in Turkish.",
    "id": "18c954a7-93df-43f4-97c9-306f3c4f6b27"
}