{
    "mentions": [
        {
            "begin": 43,
            "id": "m0",
            "end": 89,
            "type": "Task",
            "text": "large vocabulary continuous speech recognition"
        },
        {
            "begin": 128,
            "id": "m1",
            "end": 204,
            "type": "Task",
            "text": "speaker-independent-LRB-SI-RRB-training of hidden Markov models-LRB-HMM-RRB-"
        },
        {
            "begin": 235,
            "id": "m2",
            "end": 241,
            "type": "Material",
            "text": "speech"
        },
        {
            "begin": 404,
            "id": "m3",
            "end": 460,
            "type": "OtherScientificTerm",
            "text": "averaging the statistics of independently trained models"
        },
        {
            "begin": 483,
            "id": "m4",
            "end": 513,
            "type": "OtherScientificTerm",
            "text": "pooling of all the speech data"
        },
        {
            "begin": 587,
            "id": "m5",
            "end": 601,
            "type": "Task",
            "text": "SI recognition"
        },
        {
            "begin": 622,
            "id": "m6",
            "end": 637,
            "type": "Metric",
            "text": "word error rate"
        },
        {
            "begin": 682,
            "id": "m7",
            "end": 714,
            "type": "Material",
            "text": "DARPA Resource Management corpus"
        },
        {
            "begin": 865,
            "id": "m8",
            "end": 895,
            "type": "Task",
            "text": "speaker adaptation-LRB-SA-RRB-"
        },
        {
            "begin": 909,
            "id": "m9",
            "end": 918,
            "type": "Material",
            "text": "SI corpus"
        },
        {
            "begin": 987,
            "id": "m10",
            "end": 1017,
            "type": "Method",
            "text": "probabilistic spectral mapping"
        },
        {
            "begin": 1118,
            "id": "m11",
            "end": 1133,
            "type": "Method",
            "text": "reference model"
        },
        {
            "begin": 1264,
            "id": "m12",
            "end": 1274,
            "type": "Task",
            "text": "adaptation"
        },
        {
            "begin": 1280,
            "id": "m13",
            "end": 1290,
            "type": "Metric",
            "text": "error rate"
        },
        {
            "begin": 1349,
            "id": "m14",
            "end": 1351,
            "type": "Task",
            "text": "SI"
        }
    ],
    "relations": [
        {
            "args": [
                "m2",
                "m1"
            ],
            "type": "USED-FOR",
            "id": "r0"
        },
        {
            "args": [
                "m3",
                "m4"
            ],
            "type": "COMPARE",
            "id": "r1"
        },
        {
            "args": [
                "m6",
                "m5"
            ],
            "type": "EVALUATE-FOR",
            "id": "r2"
        },
        {
            "args": [
                "m7",
                "m5"
            ],
            "type": "EVALUATE-FOR",
            "id": "r3"
        },
        {
            "args": [
                "m9",
                "m8"
            ],
            "type": "EVALUATE-FOR",
            "id": "r4"
        },
        {
            "args": [
                "m13",
                "m12"
            ],
            "type": "EVALUATE-FOR",
            "id": "r5"
        }
    ],
    "sentences": [
        {
            "begin": 0,
            "text": "This paper reports on two contributions to large vocabulary continuous speech recognition.",
            "end": 90,
            "tokens": [
                {
                    "begin": 0,
                    "text": "This",
                    "end": 4,
                    "id": "s0-t0"
                },
                {
                    "begin": 5,
                    "text": "paper",
                    "end": 10,
                    "id": "s0-t1"
                },
                {
                    "begin": 11,
                    "text": "reports",
                    "end": 18,
                    "id": "s0-t2"
                },
                {
                    "begin": 19,
                    "text": "on",
                    "end": 21,
                    "id": "s0-t3"
                },
                {
                    "begin": 22,
                    "text": "two",
                    "end": 25,
                    "id": "s0-t4"
                },
                {
                    "begin": 26,
                    "text": "contributions",
                    "end": 39,
                    "id": "s0-t5"
                },
                {
                    "begin": 40,
                    "text": "to",
                    "end": 42,
                    "id": "s0-t6"
                },
                {
                    "begin": 43,
                    "text": "large",
                    "end": 48,
                    "id": "s0-t7"
                },
                {
                    "begin": 49,
                    "text": "vocabulary",
                    "end": 59,
                    "id": "s0-t8"
                },
                {
                    "begin": 60,
                    "text": "continuous",
                    "end": 70,
                    "id": "s0-t9"
                },
                {
                    "begin": 71,
                    "text": "speech",
                    "end": 77,
                    "id": "s0-t10"
                },
                {
                    "begin": 78,
                    "text": "recognition",
                    "end": 89,
                    "id": "s0-t11"
                },
                {
                    "begin": 89,
                    "text": ".",
                    "end": 90,
                    "id": "s0-t12"
                }
            ],
            "id": "s0"
        },
        {
            "begin": 90,
            "text": " First, we present a new paradigm for speaker-independent-LRB-SI-RRB-training of hidden Markov models-LRB-HMM-RRB-, which uses a large amount of speech from a few speakers instead of the traditional practice of using a little speech from many speakers.",
            "end": 342,
            "tokens": [
                {
                    "begin": 91,
                    "text": "First",
                    "end": 96,
                    "id": "s1-t0"
                },
                {
                    "begin": 96,
                    "text": ",",
                    "end": 97,
                    "id": "s1-t1"
                },
                {
                    "begin": 98,
                    "text": "we",
                    "end": 100,
                    "id": "s1-t2"
                },
                {
                    "begin": 101,
                    "text": "present",
                    "end": 108,
                    "id": "s1-t3"
                },
                {
                    "begin": 109,
                    "text": "a",
                    "end": 110,
                    "id": "s1-t4"
                },
                {
                    "begin": 111,
                    "text": "new",
                    "end": 114,
                    "id": "s1-t5"
                },
                {
                    "begin": 115,
                    "text": "paradigm",
                    "end": 123,
                    "id": "s1-t6"
                },
                {
                    "begin": 124,
                    "text": "for",
                    "end": 127,
                    "id": "s1-t7"
                },
                {
                    "begin": 128,
                    "text": "speaker-independent",
                    "end": 147,
                    "id": "s1-t8"
                },
                {
                    "begin": 147,
                    "text": "-LRB-",
                    "end": 152,
                    "id": "s1-t9"
                },
                {
                    "begin": 152,
                    "text": "SI",
                    "end": 154,
                    "id": "s1-t10"
                },
                {
                    "begin": 154,
                    "text": "-RRB-",
                    "end": 159,
                    "id": "s1-t11"
                },
                {
                    "begin": 159,
                    "text": "training",
                    "end": 167,
                    "id": "s1-t12"
                },
                {
                    "begin": 168,
                    "text": "of",
                    "end": 170,
                    "id": "s1-t13"
                },
                {
                    "begin": 171,
                    "text": "hidden",
                    "end": 177,
                    "id": "s1-t14"
                },
                {
                    "begin": 178,
                    "text": "Markov",
                    "end": 184,
                    "id": "s1-t15"
                },
                {
                    "begin": 185,
                    "text": "models",
                    "end": 191,
                    "id": "s1-t16"
                },
                {
                    "begin": 191,
                    "text": "-LRB-",
                    "end": 196,
                    "id": "s1-t17"
                },
                {
                    "begin": 196,
                    "text": "HMM",
                    "end": 199,
                    "id": "s1-t18"
                },
                {
                    "begin": 199,
                    "text": "-RRB-",
                    "end": 204,
                    "id": "s1-t19"
                },
                {
                    "begin": 204,
                    "text": ",",
                    "end": 205,
                    "id": "s1-t20"
                },
                {
                    "begin": 206,
                    "text": "which",
                    "end": 211,
                    "id": "s1-t21"
                },
                {
                    "begin": 212,
                    "text": "uses",
                    "end": 216,
                    "id": "s1-t22"
                },
                {
                    "begin": 217,
                    "text": "a",
                    "end": 218,
                    "id": "s1-t23"
                },
                {
                    "begin": 219,
                    "text": "large",
                    "end": 224,
                    "id": "s1-t24"
                },
                {
                    "begin": 225,
                    "text": "amount",
                    "end": 231,
                    "id": "s1-t25"
                },
                {
                    "begin": 232,
                    "text": "of",
                    "end": 234,
                    "id": "s1-t26"
                },
                {
                    "begin": 235,
                    "text": "speech",
                    "end": 241,
                    "id": "s1-t27"
                },
                {
                    "begin": 242,
                    "text": "from",
                    "end": 246,
                    "id": "s1-t28"
                },
                {
                    "begin": 247,
                    "text": "a",
                    "end": 248,
                    "id": "s1-t29"
                },
                {
                    "begin": 249,
                    "text": "few",
                    "end": 252,
                    "id": "s1-t30"
                },
                {
                    "begin": 253,
                    "text": "speakers",
                    "end": 261,
                    "id": "s1-t31"
                },
                {
                    "begin": 262,
                    "text": "instead",
                    "end": 269,
                    "id": "s1-t32"
                },
                {
                    "begin": 270,
                    "text": "of",
                    "end": 272,
                    "id": "s1-t33"
                },
                {
                    "begin": 273,
                    "text": "the",
                    "end": 276,
                    "id": "s1-t34"
                },
                {
                    "begin": 277,
                    "text": "traditional",
                    "end": 288,
                    "id": "s1-t35"
                },
                {
                    "begin": 289,
                    "text": "practice",
                    "end": 297,
                    "id": "s1-t36"
                },
                {
                    "begin": 298,
                    "text": "of",
                    "end": 300,
                    "id": "s1-t37"
                },
                {
                    "begin": 301,
                    "text": "using",
                    "end": 306,
                    "id": "s1-t38"
                },
                {
                    "begin": 307,
                    "text": "a",
                    "end": 308,
                    "id": "s1-t39"
                },
                {
                    "begin": 309,
                    "text": "little",
                    "end": 315,
                    "id": "s1-t40"
                },
                {
                    "begin": 316,
                    "text": "speech",
                    "end": 322,
                    "id": "s1-t41"
                },
                {
                    "begin": 323,
                    "text": "from",
                    "end": 327,
                    "id": "s1-t42"
                },
                {
                    "begin": 328,
                    "text": "many",
                    "end": 332,
                    "id": "s1-t43"
                },
                {
                    "begin": 333,
                    "text": "speakers",
                    "end": 341,
                    "id": "s1-t44"
                },
                {
                    "begin": 341,
                    "text": ".",
                    "end": 342,
                    "id": "s1-t45"
                }
            ],
            "id": "s1"
        },
        {
            "begin": 342,
            "text": " In addition, combination of the training speakers is done by averaging the statistics of independently trained models rather than the usual pooling of all the speech data from many speakers prior to training.",
            "end": 551,
            "tokens": [
                {
                    "begin": 343,
                    "text": "In",
                    "end": 345,
                    "id": "s2-t0"
                },
                {
                    "begin": 346,
                    "text": "addition",
                    "end": 354,
                    "id": "s2-t1"
                },
                {
                    "begin": 354,
                    "text": ",",
                    "end": 355,
                    "id": "s2-t2"
                },
                {
                    "begin": 356,
                    "text": "combination",
                    "end": 367,
                    "id": "s2-t3"
                },
                {
                    "begin": 368,
                    "text": "of",
                    "end": 370,
                    "id": "s2-t4"
                },
                {
                    "begin": 371,
                    "text": "the",
                    "end": 374,
                    "id": "s2-t5"
                },
                {
                    "begin": 375,
                    "text": "training",
                    "end": 383,
                    "id": "s2-t6"
                },
                {
                    "begin": 384,
                    "text": "speakers",
                    "end": 392,
                    "id": "s2-t7"
                },
                {
                    "begin": 393,
                    "text": "is",
                    "end": 395,
                    "id": "s2-t8"
                },
                {
                    "begin": 396,
                    "text": "done",
                    "end": 400,
                    "id": "s2-t9"
                },
                {
                    "begin": 401,
                    "text": "by",
                    "end": 403,
                    "id": "s2-t10"
                },
                {
                    "begin": 404,
                    "text": "averaging",
                    "end": 413,
                    "id": "s2-t11"
                },
                {
                    "begin": 414,
                    "text": "the",
                    "end": 417,
                    "id": "s2-t12"
                },
                {
                    "begin": 418,
                    "text": "statistics",
                    "end": 428,
                    "id": "s2-t13"
                },
                {
                    "begin": 429,
                    "text": "of",
                    "end": 431,
                    "id": "s2-t14"
                },
                {
                    "begin": 432,
                    "text": "independently",
                    "end": 445,
                    "id": "s2-t15"
                },
                {
                    "begin": 446,
                    "text": "trained",
                    "end": 453,
                    "id": "s2-t16"
                },
                {
                    "begin": 454,
                    "text": "models",
                    "end": 460,
                    "id": "s2-t17"
                },
                {
                    "begin": 461,
                    "text": "rather",
                    "end": 467,
                    "id": "s2-t18"
                },
                {
                    "begin": 468,
                    "text": "than",
                    "end": 472,
                    "id": "s2-t19"
                },
                {
                    "begin": 473,
                    "text": "the",
                    "end": 476,
                    "id": "s2-t20"
                },
                {
                    "begin": 477,
                    "text": "usual",
                    "end": 482,
                    "id": "s2-t21"
                },
                {
                    "begin": 483,
                    "text": "pooling",
                    "end": 490,
                    "id": "s2-t22"
                },
                {
                    "begin": 491,
                    "text": "of",
                    "end": 493,
                    "id": "s2-t23"
                },
                {
                    "begin": 494,
                    "text": "all",
                    "end": 497,
                    "id": "s2-t24"
                },
                {
                    "begin": 498,
                    "text": "the",
                    "end": 501,
                    "id": "s2-t25"
                },
                {
                    "begin": 502,
                    "text": "speech",
                    "end": 508,
                    "id": "s2-t26"
                },
                {
                    "begin": 509,
                    "text": "data",
                    "end": 513,
                    "id": "s2-t27"
                },
                {
                    "begin": 514,
                    "text": "from",
                    "end": 518,
                    "id": "s2-t28"
                },
                {
                    "begin": 519,
                    "text": "many",
                    "end": 523,
                    "id": "s2-t29"
                },
                {
                    "begin": 524,
                    "text": "speakers",
                    "end": 532,
                    "id": "s2-t30"
                },
                {
                    "begin": 533,
                    "text": "prior",
                    "end": 538,
                    "id": "s2-t31"
                },
                {
                    "begin": 539,
                    "text": "to",
                    "end": 541,
                    "id": "s2-t32"
                },
                {
                    "begin": 542,
                    "text": "training",
                    "end": 550,
                    "id": "s2-t33"
                },
                {
                    "begin": 550,
                    "text": ".",
                    "end": 551,
                    "id": "s2-t34"
                }
            ],
            "id": "s2"
        },
        {
            "begin": 551,
            "text": " With only 12 training speakers for SI recognition, we achieved a 7.5% word error rate on a standard grammar and test set from the DARPA Resource Management corpus.",
            "end": 715,
            "tokens": [
                {
                    "begin": 552,
                    "text": "With",
                    "end": 556,
                    "id": "s3-t0"
                },
                {
                    "begin": 557,
                    "text": "only",
                    "end": 561,
                    "id": "s3-t1"
                },
                {
                    "begin": 562,
                    "text": "12",
                    "end": 564,
                    "id": "s3-t2"
                },
                {
                    "begin": 565,
                    "text": "training",
                    "end": 573,
                    "id": "s3-t3"
                },
                {
                    "begin": 574,
                    "text": "speakers",
                    "end": 582,
                    "id": "s3-t4"
                },
                {
                    "begin": 583,
                    "text": "for",
                    "end": 586,
                    "id": "s3-t5"
                },
                {
                    "begin": 587,
                    "text": "SI",
                    "end": 589,
                    "id": "s3-t6"
                },
                {
                    "begin": 590,
                    "text": "recognition",
                    "end": 601,
                    "id": "s3-t7"
                },
                {
                    "begin": 601,
                    "text": ",",
                    "end": 602,
                    "id": "s3-t8"
                },
                {
                    "begin": 603,
                    "text": "we",
                    "end": 605,
                    "id": "s3-t9"
                },
                {
                    "begin": 606,
                    "text": "achieved",
                    "end": 614,
                    "id": "s3-t10"
                },
                {
                    "begin": 615,
                    "text": "a",
                    "end": 616,
                    "id": "s3-t11"
                },
                {
                    "begin": 617,
                    "text": "7.5",
                    "end": 620,
                    "id": "s3-t12"
                },
                {
                    "begin": 620,
                    "text": "%",
                    "end": 621,
                    "id": "s3-t13"
                },
                {
                    "begin": 622,
                    "text": "word",
                    "end": 626,
                    "id": "s3-t14"
                },
                {
                    "begin": 627,
                    "text": "error",
                    "end": 632,
                    "id": "s3-t15"
                },
                {
                    "begin": 633,
                    "text": "rate",
                    "end": 637,
                    "id": "s3-t16"
                },
                {
                    "begin": 638,
                    "text": "on",
                    "end": 640,
                    "id": "s3-t17"
                },
                {
                    "begin": 641,
                    "text": "a",
                    "end": 642,
                    "id": "s3-t18"
                },
                {
                    "begin": 643,
                    "text": "standard",
                    "end": 651,
                    "id": "s3-t19"
                },
                {
                    "begin": 652,
                    "text": "grammar",
                    "end": 659,
                    "id": "s3-t20"
                },
                {
                    "begin": 660,
                    "text": "and",
                    "end": 663,
                    "id": "s3-t21"
                },
                {
                    "begin": 664,
                    "text": "test",
                    "end": 668,
                    "id": "s3-t22"
                },
                {
                    "begin": 669,
                    "text": "set",
                    "end": 672,
                    "id": "s3-t23"
                },
                {
                    "begin": 673,
                    "text": "from",
                    "end": 677,
                    "id": "s3-t24"
                },
                {
                    "begin": 678,
                    "text": "the",
                    "end": 681,
                    "id": "s3-t25"
                },
                {
                    "begin": 682,
                    "text": "DARPA",
                    "end": 687,
                    "id": "s3-t26"
                },
                {
                    "begin": 688,
                    "text": "Resource",
                    "end": 696,
                    "id": "s3-t27"
                },
                {
                    "begin": 697,
                    "text": "Management",
                    "end": 707,
                    "id": "s3-t28"
                },
                {
                    "begin": 708,
                    "text": "corpus",
                    "end": 714,
                    "id": "s3-t29"
                },
                {
                    "begin": 714,
                    "text": ".",
                    "end": 715,
                    "id": "s3-t30"
                }
            ],
            "id": "s3"
        },
        {
            "begin": 715,
            "text": " This performance is comparable to our best condition for this test suite, using 109 training speakers.",
            "end": 818,
            "tokens": [
                {
                    "begin": 716,
                    "text": "This",
                    "end": 720,
                    "id": "s4-t0"
                },
                {
                    "begin": 721,
                    "text": "performance",
                    "end": 732,
                    "id": "s4-t1"
                },
                {
                    "begin": 733,
                    "text": "is",
                    "end": 735,
                    "id": "s4-t2"
                },
                {
                    "begin": 736,
                    "text": "comparable",
                    "end": 746,
                    "id": "s4-t3"
                },
                {
                    "begin": 747,
                    "text": "to",
                    "end": 749,
                    "id": "s4-t4"
                },
                {
                    "begin": 750,
                    "text": "our",
                    "end": 753,
                    "id": "s4-t5"
                },
                {
                    "begin": 754,
                    "text": "best",
                    "end": 758,
                    "id": "s4-t6"
                },
                {
                    "begin": 759,
                    "text": "condition",
                    "end": 768,
                    "id": "s4-t7"
                },
                {
                    "begin": 769,
                    "text": "for",
                    "end": 772,
                    "id": "s4-t8"
                },
                {
                    "begin": 773,
                    "text": "this",
                    "end": 777,
                    "id": "s4-t9"
                },
                {
                    "begin": 778,
                    "text": "test",
                    "end": 782,
                    "id": "s4-t10"
                },
                {
                    "begin": 783,
                    "text": "suite",
                    "end": 788,
                    "id": "s4-t11"
                },
                {
                    "begin": 788,
                    "text": ",",
                    "end": 789,
                    "id": "s4-t12"
                },
                {
                    "begin": 790,
                    "text": "using",
                    "end": 795,
                    "id": "s4-t13"
                },
                {
                    "begin": 796,
                    "text": "109",
                    "end": 799,
                    "id": "s4-t14"
                },
                {
                    "begin": 800,
                    "text": "training",
                    "end": 808,
                    "id": "s4-t15"
                },
                {
                    "begin": 809,
                    "text": "speakers",
                    "end": 817,
                    "id": "s4-t16"
                },
                {
                    "begin": 817,
                    "text": ".",
                    "end": 818,
                    "id": "s4-t17"
                }
            ],
            "id": "s4"
        },
        {
            "begin": 818,
            "text": " Second, we show a significant improvement for speaker adaptation-LRB-SA-RRB-using the new SI corpus and a small amount of speech from the new-LRB-target-RRB-speaker.",
            "end": 984,
            "tokens": [
                {
                    "begin": 819,
                    "text": "Second",
                    "end": 825,
                    "id": "s5-t0"
                },
                {
                    "begin": 825,
                    "text": ",",
                    "end": 826,
                    "id": "s5-t1"
                },
                {
                    "begin": 827,
                    "text": "we",
                    "end": 829,
                    "id": "s5-t2"
                },
                {
                    "begin": 830,
                    "text": "show",
                    "end": 834,
                    "id": "s5-t3"
                },
                {
                    "begin": 835,
                    "text": "a",
                    "end": 836,
                    "id": "s5-t4"
                },
                {
                    "begin": 837,
                    "text": "significant",
                    "end": 848,
                    "id": "s5-t5"
                },
                {
                    "begin": 849,
                    "text": "improvement",
                    "end": 860,
                    "id": "s5-t6"
                },
                {
                    "begin": 861,
                    "text": "for",
                    "end": 864,
                    "id": "s5-t7"
                },
                {
                    "begin": 865,
                    "text": "speaker",
                    "end": 872,
                    "id": "s5-t8"
                },
                {
                    "begin": 873,
                    "text": "adaptation",
                    "end": 883,
                    "id": "s5-t9"
                },
                {
                    "begin": 883,
                    "text": "-LRB-",
                    "end": 888,
                    "id": "s5-t10"
                },
                {
                    "begin": 888,
                    "text": "SA",
                    "end": 890,
                    "id": "s5-t11"
                },
                {
                    "begin": 890,
                    "text": "-RRB-",
                    "end": 895,
                    "id": "s5-t12"
                },
                {
                    "begin": 895,
                    "text": "using",
                    "end": 900,
                    "id": "s5-t13"
                },
                {
                    "begin": 901,
                    "text": "the",
                    "end": 904,
                    "id": "s5-t14"
                },
                {
                    "begin": 905,
                    "text": "new",
                    "end": 908,
                    "id": "s5-t15"
                },
                {
                    "begin": 909,
                    "text": "SI",
                    "end": 911,
                    "id": "s5-t16"
                },
                {
                    "begin": 912,
                    "text": "corpus",
                    "end": 918,
                    "id": "s5-t17"
                },
                {
                    "begin": 919,
                    "text": "and",
                    "end": 922,
                    "id": "s5-t18"
                },
                {
                    "begin": 923,
                    "text": "a",
                    "end": 924,
                    "id": "s5-t19"
                },
                {
                    "begin": 925,
                    "text": "small",
                    "end": 930,
                    "id": "s5-t20"
                },
                {
                    "begin": 931,
                    "text": "amount",
                    "end": 937,
                    "id": "s5-t21"
                },
                {
                    "begin": 938,
                    "text": "of",
                    "end": 940,
                    "id": "s5-t22"
                },
                {
                    "begin": 941,
                    "text": "speech",
                    "end": 947,
                    "id": "s5-t23"
                },
                {
                    "begin": 948,
                    "text": "from",
                    "end": 952,
                    "id": "s5-t24"
                },
                {
                    "begin": 953,
                    "text": "the",
                    "end": 956,
                    "id": "s5-t25"
                },
                {
                    "begin": 957,
                    "text": "new",
                    "end": 960,
                    "id": "s5-t26"
                },
                {
                    "begin": 960,
                    "text": "-LRB-",
                    "end": 965,
                    "id": "s5-t27"
                },
                {
                    "begin": 965,
                    "text": "target",
                    "end": 971,
                    "id": "s5-t28"
                },
                {
                    "begin": 971,
                    "text": "-RRB-",
                    "end": 976,
                    "id": "s5-t29"
                },
                {
                    "begin": 976,
                    "text": "speaker",
                    "end": 983,
                    "id": "s5-t30"
                },
                {
                    "begin": 983,
                    "text": ".",
                    "end": 984,
                    "id": "s5-t31"
                }
            ],
            "id": "s5"
        },
        {
            "begin": 984,
            "text": " A probabilistic spectral mapping is estimated independently for each training-LRB-reference-RRB-speaker and the target speaker.",
            "end": 1112,
            "tokens": [
                {
                    "begin": 985,
                    "text": "A",
                    "end": 986,
                    "id": "s6-t0"
                },
                {
                    "begin": 987,
                    "text": "probabilistic",
                    "end": 1000,
                    "id": "s6-t1"
                },
                {
                    "begin": 1001,
                    "text": "spectral",
                    "end": 1009,
                    "id": "s6-t2"
                },
                {
                    "begin": 1010,
                    "text": "mapping",
                    "end": 1017,
                    "id": "s6-t3"
                },
                {
                    "begin": 1018,
                    "text": "is",
                    "end": 1020,
                    "id": "s6-t4"
                },
                {
                    "begin": 1021,
                    "text": "estimated",
                    "end": 1030,
                    "id": "s6-t5"
                },
                {
                    "begin": 1031,
                    "text": "independently",
                    "end": 1044,
                    "id": "s6-t6"
                },
                {
                    "begin": 1045,
                    "text": "for",
                    "end": 1048,
                    "id": "s6-t7"
                },
                {
                    "begin": 1049,
                    "text": "each",
                    "end": 1053,
                    "id": "s6-t8"
                },
                {
                    "begin": 1054,
                    "text": "training",
                    "end": 1062,
                    "id": "s6-t9"
                },
                {
                    "begin": 1062,
                    "text": "-LRB-",
                    "end": 1067,
                    "id": "s6-t10"
                },
                {
                    "begin": 1067,
                    "text": "reference",
                    "end": 1076,
                    "id": "s6-t11"
                },
                {
                    "begin": 1076,
                    "text": "-RRB-",
                    "end": 1081,
                    "id": "s6-t12"
                },
                {
                    "begin": 1081,
                    "text": "speaker",
                    "end": 1088,
                    "id": "s6-t13"
                },
                {
                    "begin": 1089,
                    "text": "and",
                    "end": 1092,
                    "id": "s6-t14"
                },
                {
                    "begin": 1093,
                    "text": "the",
                    "end": 1096,
                    "id": "s6-t15"
                },
                {
                    "begin": 1097,
                    "text": "target",
                    "end": 1103,
                    "id": "s6-t16"
                },
                {
                    "begin": 1104,
                    "text": "speaker",
                    "end": 1111,
                    "id": "s6-t17"
                },
                {
                    "begin": 1111,
                    "text": ".",
                    "end": 1112,
                    "id": "s6-t18"
                }
            ],
            "id": "s6"
        },
        {
            "begin": 1112,
            "text": " Each reference model is transformed to the space of the target speaker and combined by averaging.",
            "end": 1210,
            "tokens": [
                {
                    "begin": 1113,
                    "text": "Each",
                    "end": 1117,
                    "id": "s7-t0"
                },
                {
                    "begin": 1118,
                    "text": "reference",
                    "end": 1127,
                    "id": "s7-t1"
                },
                {
                    "begin": 1128,
                    "text": "model",
                    "end": 1133,
                    "id": "s7-t2"
                },
                {
                    "begin": 1134,
                    "text": "is",
                    "end": 1136,
                    "id": "s7-t3"
                },
                {
                    "begin": 1137,
                    "text": "transformed",
                    "end": 1148,
                    "id": "s7-t4"
                },
                {
                    "begin": 1149,
                    "text": "to",
                    "end": 1151,
                    "id": "s7-t5"
                },
                {
                    "begin": 1152,
                    "text": "the",
                    "end": 1155,
                    "id": "s7-t6"
                },
                {
                    "begin": 1156,
                    "text": "space",
                    "end": 1161,
                    "id": "s7-t7"
                },
                {
                    "begin": 1162,
                    "text": "of",
                    "end": 1164,
                    "id": "s7-t8"
                },
                {
                    "begin": 1165,
                    "text": "the",
                    "end": 1168,
                    "id": "s7-t9"
                },
                {
                    "begin": 1169,
                    "text": "target",
                    "end": 1175,
                    "id": "s7-t10"
                },
                {
                    "begin": 1176,
                    "text": "speaker",
                    "end": 1183,
                    "id": "s7-t11"
                },
                {
                    "begin": 1184,
                    "text": "and",
                    "end": 1187,
                    "id": "s7-t12"
                },
                {
                    "begin": 1188,
                    "text": "combined",
                    "end": 1196,
                    "id": "s7-t13"
                },
                {
                    "begin": 1197,
                    "text": "by",
                    "end": 1199,
                    "id": "s7-t14"
                },
                {
                    "begin": 1200,
                    "text": "averaging",
                    "end": 1209,
                    "id": "s7-t15"
                },
                {
                    "begin": 1209,
                    "text": ".",
                    "end": 1210,
                    "id": "s7-t16"
                }
            ],
            "id": "s7"
        },
        {
            "begin": 1210,
            "text": " Using only 40 utterances from the target speaker for adaptation, the error rate dropped to 4.1%--a 45% reduction in error compared to the SI result.",
            "end": 1359,
            "tokens": [
                {
                    "begin": 1211,
                    "text": "Using",
                    "end": 1216,
                    "id": "s8-t0"
                },
                {
                    "begin": 1217,
                    "text": "only",
                    "end": 1221,
                    "id": "s8-t1"
                },
                {
                    "begin": 1222,
                    "text": "40",
                    "end": 1224,
                    "id": "s8-t2"
                },
                {
                    "begin": 1225,
                    "text": "utterances",
                    "end": 1235,
                    "id": "s8-t3"
                },
                {
                    "begin": 1236,
                    "text": "from",
                    "end": 1240,
                    "id": "s8-t4"
                },
                {
                    "begin": 1241,
                    "text": "the",
                    "end": 1244,
                    "id": "s8-t5"
                },
                {
                    "begin": 1245,
                    "text": "target",
                    "end": 1251,
                    "id": "s8-t6"
                },
                {
                    "begin": 1252,
                    "text": "speaker",
                    "end": 1259,
                    "id": "s8-t7"
                },
                {
                    "begin": 1260,
                    "text": "for",
                    "end": 1263,
                    "id": "s8-t8"
                },
                {
                    "begin": 1264,
                    "text": "adaptation",
                    "end": 1274,
                    "id": "s8-t9"
                },
                {
                    "begin": 1274,
                    "text": ",",
                    "end": 1275,
                    "id": "s8-t10"
                },
                {
                    "begin": 1276,
                    "text": "the",
                    "end": 1279,
                    "id": "s8-t11"
                },
                {
                    "begin": 1280,
                    "text": "error",
                    "end": 1285,
                    "id": "s8-t12"
                },
                {
                    "begin": 1286,
                    "text": "rate",
                    "end": 1290,
                    "id": "s8-t13"
                },
                {
                    "begin": 1291,
                    "text": "dropped",
                    "end": 1298,
                    "id": "s8-t14"
                },
                {
                    "begin": 1299,
                    "text": "to",
                    "end": 1301,
                    "id": "s8-t15"
                },
                {
                    "begin": 1302,
                    "text": "4.1",
                    "end": 1305,
                    "id": "s8-t16"
                },
                {
                    "begin": 1305,
                    "text": "%",
                    "end": 1306,
                    "id": "s8-t17"
                },
                {
                    "begin": 1306,
                    "text": "--",
                    "end": 1308,
                    "id": "s8-t18"
                },
                {
                    "begin": 1308,
                    "text": "a",
                    "end": 1309,
                    "id": "s8-t19"
                },
                {
                    "begin": 1310,
                    "text": "45",
                    "end": 1312,
                    "id": "s8-t20"
                },
                {
                    "begin": 1312,
                    "text": "%",
                    "end": 1313,
                    "id": "s8-t21"
                },
                {
                    "begin": 1314,
                    "text": "reduction",
                    "end": 1323,
                    "id": "s8-t22"
                },
                {
                    "begin": 1324,
                    "text": "in",
                    "end": 1326,
                    "id": "s8-t23"
                },
                {
                    "begin": 1327,
                    "text": "error",
                    "end": 1332,
                    "id": "s8-t24"
                },
                {
                    "begin": 1333,
                    "text": "compared",
                    "end": 1341,
                    "id": "s8-t25"
                },
                {
                    "begin": 1342,
                    "text": "to",
                    "end": 1344,
                    "id": "s8-t26"
                },
                {
                    "begin": 1345,
                    "text": "the",
                    "end": 1348,
                    "id": "s8-t27"
                },
                {
                    "begin": 1349,
                    "text": "SI",
                    "end": 1351,
                    "id": "s8-t28"
                },
                {
                    "begin": 1352,
                    "text": "result",
                    "end": 1358,
                    "id": "s8-t29"
                },
                {
                    "begin": 1358,
                    "text": ".",
                    "end": 1359,
                    "id": "s8-t30"
                }
            ],
            "id": "s8"
        }
    ],
    "text": "This paper reports on two contributions to large vocabulary continuous speech recognition. First, we present a new paradigm for speaker-independent-LRB-SI-RRB-training of hidden Markov models-LRB-HMM-RRB-, which uses a large amount of speech from a few speakers instead of the traditional practice of using a little speech from many speakers. In addition, combination of the training speakers is done by averaging the statistics of independently trained models rather than the usual pooling of all the speech data from many speakers prior to training. With only 12 training speakers for SI recognition, we achieved a 7.5% word error rate on a standard grammar and test set from the DARPA Resource Management corpus. This performance is comparable to our best condition for this test suite, using 109 training speakers. Second, we show a significant improvement for speaker adaptation-LRB-SA-RRB-using the new SI corpus and a small amount of speech from the new-LRB-target-RRB-speaker. A probabilistic spectral mapping is estimated independently for each training-LRB-reference-RRB-speaker and the target speaker. Each reference model is transformed to the space of the target speaker and combined by averaging. Using only 40 utterances from the target speaker for adaptation, the error rate dropped to 4.1%--a 45% reduction in error compared to the SI result.",
    "id": "c35c75f2-4b85-45e1-a55e-53e5683adb0d"
}