{
    "mentions": [
        {
            "begin": 18,
            "id": "m0",
            "end": 24,
            "type": "Generic",
            "text": "method"
        },
        {
            "begin": 51,
            "id": "m1",
            "end": 65,
            "type": "OtherScientificTerm",
            "text": "NLP structures"
        },
        {
            "begin": 73,
            "id": "m2",
            "end": 93,
            "type": "Method",
            "text": "reranking approaches"
        },
        {
            "begin": 112,
            "id": "m3",
            "end": 140,
            "type": "Method",
            "text": "conditional log-linear model"
        },
        {
            "begin": 147,
            "id": "m4",
            "end": 163,
            "type": "OtherScientificTerm",
            "text": "hidden variables"
        },
        {
            "begin": 212,
            "id": "m5",
            "end": 225,
            "type": "OtherScientificTerm",
            "text": "word clusters"
        },
        {
            "begin": 229,
            "id": "m6",
            "end": 240,
            "type": "OtherScientificTerm",
            "text": "word senses"
        },
        {
            "begin": 246,
            "id": "m7",
            "end": 251,
            "type": "Generic",
            "text": "model"
        },
        {
            "begin": 310,
            "id": "m8",
            "end": 343,
            "type": "Metric",
            "text": "discriminative training criterion"
        },
        {
            "begin": 376,
            "id": "m9",
            "end": 381,
            "type": "Generic",
            "text": "model"
        },
        {
            "begin": 429,
            "id": "m10",
            "end": 456,
            "type": "OtherScientificTerm",
            "text": "hidden-variable assignments"
        },
        {
            "begin": 471,
            "id": "m11",
            "end": 481,
            "type": "Generic",
            "text": "summations"
        },
        {
            "begin": 528,
            "id": "m12",
            "end": 547,
            "type": "Method",
            "text": "dynamic programming"
        },
        {
            "begin": 579,
            "id": "m13",
            "end": 584,
            "type": "Generic",
            "text": "model"
        },
        {
            "begin": 588,
            "id": "m14",
            "end": 603,
            "type": "Task",
            "text": "parse reranking"
        },
        {
            "begin": 609,
            "id": "m15",
            "end": 614,
            "type": "Generic",
            "text": "model"
        },
        {
            "begin": 624,
            "id": "m16",
            "end": 633,
            "type": "Metric",
            "text": "F-measure"
        },
        {
            "begin": 667,
            "id": "m17",
            "end": 678,
            "type": "Method",
            "text": "base parser"
        },
        {
            "begin": 713,
            "id": "m18",
            "end": 742,
            "type": "Method",
            "text": "Collins-LRB-2000-RRB-reranker"
        },
        {
            "begin": 784,
            "id": "m19",
            "end": 791,
            "type": "Task",
            "text": "parsing"
        },
        {
            "begin": 797,
            "id": "m20",
            "end": 807,
            "type": "Generic",
            "text": "techniques"
        },
        {
            "begin": 842,
            "id": "m21",
            "end": 856,
            "type": "OtherScientificTerm",
            "text": "NLP structures"
        },
        {
            "begin": 868,
            "id": "m22",
            "end": 879,
            "type": "OtherScientificTerm",
            "text": "parse trees"
        }
    ],
    "relations": [
        {
            "args": [
                "m0",
                "m1"
            ],
            "type": "USED-FOR",
            "id": "r0"
        },
        {
            "args": [
                "m2",
                "m1"
            ],
            "type": "FEATURE-OF",
            "id": "r1"
        },
        {
            "args": [
                "m4",
                "m3"
            ],
            "type": "USED-FOR",
            "id": "r2"
        },
        {
            "args": [
                "m5",
                "m6"
            ],
            "type": "CONJUNCTION",
            "id": "r3"
        },
        {
            "args": [
                "m8",
                "m7"
            ],
            "type": "USED-FOR",
            "id": "r4"
        },
        {
            "args": [
                "m12",
                "m11"
            ],
            "type": "USED-FOR",
            "id": "r5"
        },
        {
            "args": [
                "m13",
                "m14"
            ],
            "type": "USED-FOR",
            "id": "r6"
        },
        {
            "args": [
                "m15",
                "m17"
            ],
            "type": "COMPARE",
            "id": "r7"
        },
        {
            "args": [
                "m16",
                "m15"
            ],
            "type": "EVALUATE-FOR",
            "id": "r8"
        },
        {
            "args": [
                "m17",
                "m18"
            ],
            "type": "COMPARE",
            "id": "r9"
        },
        {
            "args": [
                "m20",
                "m19"
            ],
            "type": "USED-FOR",
            "id": "r10"
        },
        {
            "args": [
                "m20",
                "m21"
            ],
            "type": "USED-FOR",
            "id": "r11"
        },
        {
            "args": [
                "m20",
                "m22"
            ],
            "type": "USED-FOR",
            "id": "r12"
        },
        {
            "args": [
                "m22",
                "m21"
            ],
            "type": "CONJUNCTION",
            "id": "r13"
        }
    ],
    "sentences": [
        {
            "begin": 0,
            "text": "We describe a new method for the representation of NLP structures within reranking approaches.",
            "end": 94,
            "tokens": [
                {
                    "begin": 0,
                    "text": "We",
                    "end": 2,
                    "id": "s0-t0"
                },
                {
                    "begin": 3,
                    "text": "describe",
                    "end": 11,
                    "id": "s0-t1"
                },
                {
                    "begin": 12,
                    "text": "a",
                    "end": 13,
                    "id": "s0-t2"
                },
                {
                    "begin": 14,
                    "text": "new",
                    "end": 17,
                    "id": "s0-t3"
                },
                {
                    "begin": 18,
                    "text": "method",
                    "end": 24,
                    "id": "s0-t4"
                },
                {
                    "begin": 25,
                    "text": "for",
                    "end": 28,
                    "id": "s0-t5"
                },
                {
                    "begin": 29,
                    "text": "the",
                    "end": 32,
                    "id": "s0-t6"
                },
                {
                    "begin": 33,
                    "text": "representation",
                    "end": 47,
                    "id": "s0-t7"
                },
                {
                    "begin": 48,
                    "text": "of",
                    "end": 50,
                    "id": "s0-t8"
                },
                {
                    "begin": 51,
                    "text": "NLP",
                    "end": 54,
                    "id": "s0-t9"
                },
                {
                    "begin": 55,
                    "text": "structures",
                    "end": 65,
                    "id": "s0-t10"
                },
                {
                    "begin": 66,
                    "text": "within",
                    "end": 72,
                    "id": "s0-t11"
                },
                {
                    "begin": 73,
                    "text": "reranking",
                    "end": 82,
                    "id": "s0-t12"
                },
                {
                    "begin": 83,
                    "text": "approaches",
                    "end": 93,
                    "id": "s0-t13"
                },
                {
                    "begin": 93,
                    "text": ".",
                    "end": 94,
                    "id": "s0-t14"
                }
            ],
            "id": "s0"
        },
        {
            "begin": 94,
            "text": " We make use of a conditional log-linear model, with hidden variables representing the assignment of lexical items to word clusters or word senses.",
            "end": 241,
            "tokens": [
                {
                    "begin": 95,
                    "text": "We",
                    "end": 97,
                    "id": "s1-t0"
                },
                {
                    "begin": 98,
                    "text": "make",
                    "end": 102,
                    "id": "s1-t1"
                },
                {
                    "begin": 103,
                    "text": "use",
                    "end": 106,
                    "id": "s1-t2"
                },
                {
                    "begin": 107,
                    "text": "of",
                    "end": 109,
                    "id": "s1-t3"
                },
                {
                    "begin": 110,
                    "text": "a",
                    "end": 111,
                    "id": "s1-t4"
                },
                {
                    "begin": 112,
                    "text": "conditional",
                    "end": 123,
                    "id": "s1-t5"
                },
                {
                    "begin": 124,
                    "text": "log-linear",
                    "end": 134,
                    "id": "s1-t6"
                },
                {
                    "begin": 135,
                    "text": "model",
                    "end": 140,
                    "id": "s1-t7"
                },
                {
                    "begin": 140,
                    "text": ",",
                    "end": 141,
                    "id": "s1-t8"
                },
                {
                    "begin": 142,
                    "text": "with",
                    "end": 146,
                    "id": "s1-t9"
                },
                {
                    "begin": 147,
                    "text": "hidden",
                    "end": 153,
                    "id": "s1-t10"
                },
                {
                    "begin": 154,
                    "text": "variables",
                    "end": 163,
                    "id": "s1-t11"
                },
                {
                    "begin": 164,
                    "text": "representing",
                    "end": 176,
                    "id": "s1-t12"
                },
                {
                    "begin": 177,
                    "text": "the",
                    "end": 180,
                    "id": "s1-t13"
                },
                {
                    "begin": 181,
                    "text": "assignment",
                    "end": 191,
                    "id": "s1-t14"
                },
                {
                    "begin": 192,
                    "text": "of",
                    "end": 194,
                    "id": "s1-t15"
                },
                {
                    "begin": 195,
                    "text": "lexical",
                    "end": 202,
                    "id": "s1-t16"
                },
                {
                    "begin": 203,
                    "text": "items",
                    "end": 208,
                    "id": "s1-t17"
                },
                {
                    "begin": 209,
                    "text": "to",
                    "end": 211,
                    "id": "s1-t18"
                },
                {
                    "begin": 212,
                    "text": "word",
                    "end": 216,
                    "id": "s1-t19"
                },
                {
                    "begin": 217,
                    "text": "clusters",
                    "end": 225,
                    "id": "s1-t20"
                },
                {
                    "begin": 226,
                    "text": "or",
                    "end": 228,
                    "id": "s1-t21"
                },
                {
                    "begin": 229,
                    "text": "word",
                    "end": 233,
                    "id": "s1-t22"
                },
                {
                    "begin": 234,
                    "text": "senses",
                    "end": 240,
                    "id": "s1-t23"
                },
                {
                    "begin": 240,
                    "text": ".",
                    "end": 241,
                    "id": "s1-t24"
                }
            ],
            "id": "s1"
        },
        {
            "begin": 241,
            "text": " The model learns to automatically make these assignments based on a discriminative training criterion.",
            "end": 344,
            "tokens": [
                {
                    "begin": 242,
                    "text": "The",
                    "end": 245,
                    "id": "s2-t0"
                },
                {
                    "begin": 246,
                    "text": "model",
                    "end": 251,
                    "id": "s2-t1"
                },
                {
                    "begin": 252,
                    "text": "learns",
                    "end": 258,
                    "id": "s2-t2"
                },
                {
                    "begin": 259,
                    "text": "to",
                    "end": 261,
                    "id": "s2-t3"
                },
                {
                    "begin": 262,
                    "text": "automatically",
                    "end": 275,
                    "id": "s2-t4"
                },
                {
                    "begin": 276,
                    "text": "make",
                    "end": 280,
                    "id": "s2-t5"
                },
                {
                    "begin": 281,
                    "text": "these",
                    "end": 286,
                    "id": "s2-t6"
                },
                {
                    "begin": 287,
                    "text": "assignments",
                    "end": 298,
                    "id": "s2-t7"
                },
                {
                    "begin": 299,
                    "text": "based",
                    "end": 304,
                    "id": "s2-t8"
                },
                {
                    "begin": 305,
                    "text": "on",
                    "end": 307,
                    "id": "s2-t9"
                },
                {
                    "begin": 308,
                    "text": "a",
                    "end": 309,
                    "id": "s2-t10"
                },
                {
                    "begin": 310,
                    "text": "discriminative",
                    "end": 324,
                    "id": "s2-t11"
                },
                {
                    "begin": 325,
                    "text": "training",
                    "end": 333,
                    "id": "s2-t12"
                },
                {
                    "begin": 334,
                    "text": "criterion",
                    "end": 343,
                    "id": "s2-t13"
                },
                {
                    "begin": 343,
                    "text": ".",
                    "end": 344,
                    "id": "s2-t14"
                }
            ],
            "id": "s2"
        },
        {
            "begin": 344,
            "text": " Training and decoding with the model requires summing over an exponential number of hidden-variable assignments: the required summations can be computed efficiently and exactly using dynamic programming.",
            "end": 548,
            "tokens": [
                {
                    "begin": 345,
                    "text": "Training",
                    "end": 353,
                    "id": "s3-t0"
                },
                {
                    "begin": 354,
                    "text": "and",
                    "end": 357,
                    "id": "s3-t1"
                },
                {
                    "begin": 358,
                    "text": "decoding",
                    "end": 366,
                    "id": "s3-t2"
                },
                {
                    "begin": 367,
                    "text": "with",
                    "end": 371,
                    "id": "s3-t3"
                },
                {
                    "begin": 372,
                    "text": "the",
                    "end": 375,
                    "id": "s3-t4"
                },
                {
                    "begin": 376,
                    "text": "model",
                    "end": 381,
                    "id": "s3-t5"
                },
                {
                    "begin": 382,
                    "text": "requires",
                    "end": 390,
                    "id": "s3-t6"
                },
                {
                    "begin": 391,
                    "text": "summing",
                    "end": 398,
                    "id": "s3-t7"
                },
                {
                    "begin": 399,
                    "text": "over",
                    "end": 403,
                    "id": "s3-t8"
                },
                {
                    "begin": 404,
                    "text": "an",
                    "end": 406,
                    "id": "s3-t9"
                },
                {
                    "begin": 407,
                    "text": "exponential",
                    "end": 418,
                    "id": "s3-t10"
                },
                {
                    "begin": 419,
                    "text": "number",
                    "end": 425,
                    "id": "s3-t11"
                },
                {
                    "begin": 426,
                    "text": "of",
                    "end": 428,
                    "id": "s3-t12"
                },
                {
                    "begin": 429,
                    "text": "hidden-variable",
                    "end": 444,
                    "id": "s3-t13"
                },
                {
                    "begin": 445,
                    "text": "assignments",
                    "end": 456,
                    "id": "s3-t14"
                },
                {
                    "begin": 456,
                    "text": ":",
                    "end": 457,
                    "id": "s3-t15"
                },
                {
                    "begin": 458,
                    "text": "the",
                    "end": 461,
                    "id": "s3-t16"
                },
                {
                    "begin": 462,
                    "text": "required",
                    "end": 470,
                    "id": "s3-t17"
                },
                {
                    "begin": 471,
                    "text": "summations",
                    "end": 481,
                    "id": "s3-t18"
                },
                {
                    "begin": 482,
                    "text": "can",
                    "end": 485,
                    "id": "s3-t19"
                },
                {
                    "begin": 486,
                    "text": "be",
                    "end": 488,
                    "id": "s3-t20"
                },
                {
                    "begin": 489,
                    "text": "computed",
                    "end": 497,
                    "id": "s3-t21"
                },
                {
                    "begin": 498,
                    "text": "efficiently",
                    "end": 509,
                    "id": "s3-t22"
                },
                {
                    "begin": 510,
                    "text": "and",
                    "end": 513,
                    "id": "s3-t23"
                },
                {
                    "begin": 514,
                    "text": "exactly",
                    "end": 521,
                    "id": "s3-t24"
                },
                {
                    "begin": 522,
                    "text": "using",
                    "end": 527,
                    "id": "s3-t25"
                },
                {
                    "begin": 528,
                    "text": "dynamic",
                    "end": 535,
                    "id": "s3-t26"
                },
                {
                    "begin": 536,
                    "text": "programming",
                    "end": 547,
                    "id": "s3-t27"
                },
                {
                    "begin": 547,
                    "text": ".",
                    "end": 548,
                    "id": "s3-t28"
                }
            ],
            "id": "s3"
        },
        {
            "begin": 548,
            "text": " As a case study, we apply the model to parse reranking.",
            "end": 604,
            "tokens": [
                {
                    "begin": 549,
                    "text": "As",
                    "end": 551,
                    "id": "s4-t0"
                },
                {
                    "begin": 552,
                    "text": "a",
                    "end": 553,
                    "id": "s4-t1"
                },
                {
                    "begin": 554,
                    "text": "case",
                    "end": 558,
                    "id": "s4-t2"
                },
                {
                    "begin": 559,
                    "text": "study",
                    "end": 564,
                    "id": "s4-t3"
                },
                {
                    "begin": 564,
                    "text": ",",
                    "end": 565,
                    "id": "s4-t4"
                },
                {
                    "begin": 566,
                    "text": "we",
                    "end": 568,
                    "id": "s4-t5"
                },
                {
                    "begin": 569,
                    "text": "apply",
                    "end": 574,
                    "id": "s4-t6"
                },
                {
                    "begin": 575,
                    "text": "the",
                    "end": 578,
                    "id": "s4-t7"
                },
                {
                    "begin": 579,
                    "text": "model",
                    "end": 584,
                    "id": "s4-t8"
                },
                {
                    "begin": 585,
                    "text": "to",
                    "end": 587,
                    "id": "s4-t9"
                },
                {
                    "begin": 588,
                    "text": "parse",
                    "end": 593,
                    "id": "s4-t10"
                },
                {
                    "begin": 594,
                    "text": "reranking",
                    "end": 603,
                    "id": "s4-t11"
                },
                {
                    "begin": 603,
                    "text": ".",
                    "end": 604,
                    "id": "s4-t12"
                }
            ],
            "id": "s4"
        },
        {
            "begin": 604,
            "text": " The model gives an F-measure improvement of~ 1.25% beyond the base parser, and an~ 0.25% improvement beyond Collins-LRB-2000-RRB-reranker.",
            "end": 743,
            "tokens": [
                {
                    "begin": 605,
                    "text": "The",
                    "end": 608,
                    "id": "s5-t0"
                },
                {
                    "begin": 609,
                    "text": "model",
                    "end": 614,
                    "id": "s5-t1"
                },
                {
                    "begin": 615,
                    "text": "gives",
                    "end": 620,
                    "id": "s5-t2"
                },
                {
                    "begin": 621,
                    "text": "an",
                    "end": 623,
                    "id": "s5-t3"
                },
                {
                    "begin": 624,
                    "text": "F-measure",
                    "end": 633,
                    "id": "s5-t4"
                },
                {
                    "begin": 634,
                    "text": "improvement",
                    "end": 645,
                    "id": "s5-t5"
                },
                {
                    "begin": 646,
                    "text": "of",
                    "end": 648,
                    "id": "s5-t6"
                },
                {
                    "begin": 648,
                    "text": "~",
                    "end": 649,
                    "id": "s5-t7"
                },
                {
                    "begin": 650,
                    "text": "1.25",
                    "end": 654,
                    "id": "s5-t8"
                },
                {
                    "begin": 654,
                    "text": "%",
                    "end": 655,
                    "id": "s5-t9"
                },
                {
                    "begin": 656,
                    "text": "beyond",
                    "end": 662,
                    "id": "s5-t10"
                },
                {
                    "begin": 663,
                    "text": "the",
                    "end": 666,
                    "id": "s5-t11"
                },
                {
                    "begin": 667,
                    "text": "base",
                    "end": 671,
                    "id": "s5-t12"
                },
                {
                    "begin": 672,
                    "text": "parser",
                    "end": 678,
                    "id": "s5-t13"
                },
                {
                    "begin": 678,
                    "text": ",",
                    "end": 679,
                    "id": "s5-t14"
                },
                {
                    "begin": 680,
                    "text": "and",
                    "end": 683,
                    "id": "s5-t15"
                },
                {
                    "begin": 684,
                    "text": "an",
                    "end": 686,
                    "id": "s5-t16"
                },
                {
                    "begin": 686,
                    "text": "~",
                    "end": 687,
                    "id": "s5-t17"
                },
                {
                    "begin": 688,
                    "text": "0.25",
                    "end": 692,
                    "id": "s5-t18"
                },
                {
                    "begin": 692,
                    "text": "%",
                    "end": 693,
                    "id": "s5-t19"
                },
                {
                    "begin": 694,
                    "text": "improvement",
                    "end": 705,
                    "id": "s5-t20"
                },
                {
                    "begin": 706,
                    "text": "beyond",
                    "end": 712,
                    "id": "s5-t21"
                },
                {
                    "begin": 713,
                    "text": "Collins",
                    "end": 720,
                    "id": "s5-t22"
                },
                {
                    "begin": 720,
                    "text": "-LRB-",
                    "end": 725,
                    "id": "s5-t23"
                },
                {
                    "begin": 725,
                    "text": "2000",
                    "end": 729,
                    "id": "s5-t24"
                },
                {
                    "begin": 729,
                    "text": "-RRB-",
                    "end": 734,
                    "id": "s5-t25"
                },
                {
                    "begin": 734,
                    "text": "reranker",
                    "end": 742,
                    "id": "s5-t26"
                },
                {
                    "begin": 742,
                    "text": ".",
                    "end": 743,
                    "id": "s5-t27"
                }
            ],
            "id": "s5"
        },
        {
            "begin": 743,
            "text": " Although our experiments are focused on parsing, the techniques described generalize naturally to NLP structures other than parse trees.",
            "end": 880,
            "tokens": [
                {
                    "begin": 744,
                    "text": "Although",
                    "end": 752,
                    "id": "s6-t0"
                },
                {
                    "begin": 753,
                    "text": "our",
                    "end": 756,
                    "id": "s6-t1"
                },
                {
                    "begin": 757,
                    "text": "experiments",
                    "end": 768,
                    "id": "s6-t2"
                },
                {
                    "begin": 769,
                    "text": "are",
                    "end": 772,
                    "id": "s6-t3"
                },
                {
                    "begin": 773,
                    "text": "focused",
                    "end": 780,
                    "id": "s6-t4"
                },
                {
                    "begin": 781,
                    "text": "on",
                    "end": 783,
                    "id": "s6-t5"
                },
                {
                    "begin": 784,
                    "text": "parsing",
                    "end": 791,
                    "id": "s6-t6"
                },
                {
                    "begin": 791,
                    "text": ",",
                    "end": 792,
                    "id": "s6-t7"
                },
                {
                    "begin": 793,
                    "text": "the",
                    "end": 796,
                    "id": "s6-t8"
                },
                {
                    "begin": 797,
                    "text": "techniques",
                    "end": 807,
                    "id": "s6-t9"
                },
                {
                    "begin": 808,
                    "text": "described",
                    "end": 817,
                    "id": "s6-t10"
                },
                {
                    "begin": 818,
                    "text": "generalize",
                    "end": 828,
                    "id": "s6-t11"
                },
                {
                    "begin": 829,
                    "text": "naturally",
                    "end": 838,
                    "id": "s6-t12"
                },
                {
                    "begin": 839,
                    "text": "to",
                    "end": 841,
                    "id": "s6-t13"
                },
                {
                    "begin": 842,
                    "text": "NLP",
                    "end": 845,
                    "id": "s6-t14"
                },
                {
                    "begin": 846,
                    "text": "structures",
                    "end": 856,
                    "id": "s6-t15"
                },
                {
                    "begin": 857,
                    "text": "other",
                    "end": 862,
                    "id": "s6-t16"
                },
                {
                    "begin": 863,
                    "text": "than",
                    "end": 867,
                    "id": "s6-t17"
                },
                {
                    "begin": 868,
                    "text": "parse",
                    "end": 873,
                    "id": "s6-t18"
                },
                {
                    "begin": 874,
                    "text": "trees",
                    "end": 879,
                    "id": "s6-t19"
                },
                {
                    "begin": 879,
                    "text": ".",
                    "end": 880,
                    "id": "s6-t20"
                }
            ],
            "id": "s6"
        }
    ],
    "text": "We describe a new method for the representation of NLP structures within reranking approaches. We make use of a conditional log-linear model, with hidden variables representing the assignment of lexical items to word clusters or word senses. The model learns to automatically make these assignments based on a discriminative training criterion. Training and decoding with the model requires summing over an exponential number of hidden-variable assignments: the required summations can be computed efficiently and exactly using dynamic programming. As a case study, we apply the model to parse reranking. The model gives an F-measure improvement of~ 1.25% beyond the base parser, and an~ 0.25% improvement beyond Collins-LRB-2000-RRB-reranker. Although our experiments are focused on parsing, the techniques described generalize naturally to NLP structures other than parse trees.",
    "id": "7cd8f41b-c9c7-4951-bd2c-c63208a9a404"
}