{
    "mentions": [
        {
            "begin": 41,
            "id": "m0",
            "end": 69,
            "type": "Method",
            "text": "Lagrangian Particle Dynamics"
        },
        {
            "begin": 86,
            "id": "m1",
            "end": 126,
            "type": "Task",
            "text": "segmentation of high density crowd flows"
        },
        {
            "begin": 131,
            "id": "m2",
            "end": 162,
            "type": "Task",
            "text": "detection of flow instabilities"
        },
        {
            "begin": 184,
            "id": "m3",
            "end": 194,
            "type": "OtherScientificTerm",
            "text": "flow field"
        },
        {
            "begin": 210,
            "id": "m4",
            "end": 222,
            "type": "OtherScientificTerm",
            "text": "moving crowd"
        },
        {
            "begin": 240,
            "id": "m5",
            "end": 266,
            "type": "Method",
            "text": "aperiodic dynamical system"
        },
        {
            "begin": 270,
            "id": "m6",
            "end": 287,
            "type": "OtherScientificTerm",
            "text": "grid of particles"
        },
        {
            "begin": 307,
            "id": "m7",
            "end": 317,
            "type": "OtherScientificTerm",
            "text": "flow field"
        },
        {
            "begin": 343,
            "id": "m8",
            "end": 371,
            "type": "Method",
            "text": "numerical integration scheme"
        },
        {
            "begin": 377,
            "id": "m9",
            "end": 399,
            "type": "OtherScientificTerm",
            "text": "evolution of particles"
        },
        {
            "begin": 436,
            "id": "m10",
            "end": 444,
            "type": "Method",
            "text": "Flow Map"
        },
        {
            "begin": 452,
            "id": "m11",
            "end": 469,
            "type": "OtherScientificTerm",
            "text": "spatial gradients"
        },
        {
            "begin": 503,
            "id": "m12",
            "end": 534,
            "type": "Method",
            "text": "Cauchy Green Deformation tensor"
        },
        {
            "begin": 651,
            "id": "m13",
            "end": 669,
            "type": "OtherScientificTerm",
            "text": "maximum eigenvalue"
        },
        {
            "begin": 677,
            "id": "m14",
            "end": 683,
            "type": "Generic",
            "text": "tensor"
        },
        {
            "begin": 707,
            "id": "m15",
            "end": 755,
            "type": "OtherScientificTerm",
            "text": "Finite Time Lyapunov Exponent-LRB-FTLE-RRB-field"
        },
        {
            "begin": 775,
            "id": "m16",
            "end": 818,
            "type": "OtherScientificTerm",
            "text": "Lagrangian Coherent Structures-LRB-LCS-RRB-"
        },
        {
            "begin": 854,
            "id": "m17",
            "end": 857,
            "type": "OtherScientificTerm",
            "text": "LCS"
        },
        {
            "begin": 942,
            "id": "m18",
            "end": 973,
            "type": "OtherScientificTerm",
            "text": "boundaries of the flow segments"
        },
        {
            "begin": 979,
            "id": "m19",
            "end": 1004,
            "type": "Method",
            "text": "normalized cuts framework"
        },
        {
            "begin": 1244,
            "id": "m20",
            "end": 1256,
            "type": "Material",
            "text": "Google Video"
        },
        {
            "begin": 1263,
            "id": "m21",
            "end": 1294,
            "type": "Material",
            "text": "National Geographic documentary"
        }
    ],
    "relations": [
        {
            "args": [
                "m0",
                "m1"
            ],
            "type": "USED-FOR",
            "id": "r0"
        },
        {
            "args": [
                "m0",
                "m2"
            ],
            "type": "USED-FOR",
            "id": "r1"
        },
        {
            "args": [
                "m1",
                "m2"
            ],
            "type": "CONJUNCTION",
            "id": "r2"
        },
        {
            "args": [
                "m4",
                "m3"
            ],
            "type": "USED-FOR",
            "id": "r3"
        },
        {
            "args": [
                "m5",
                "m3"
            ],
            "type": "USED-FOR",
            "id": "r4"
        },
        {
            "args": [
                "m6",
                "m7"
            ],
            "type": "USED-FOR",
            "id": "r5"
        },
        {
            "args": [
                "m8",
                "m6"
            ],
            "type": "USED-FOR",
            "id": "r6"
        },
        {
            "args": [
                "m10",
                "m9"
            ],
            "type": "USED-FOR",
            "id": "r7"
        },
        {
            "args": [
                "m11",
                "m12"
            ],
            "type": "USED-FOR",
            "id": "r8"
        },
        {
            "args": [
                "m13",
                "m14"
            ],
            "type": "FEATURE-OF",
            "id": "r9"
        },
        {
            "args": [
                "m13",
                "m15"
            ],
            "type": "USED-FOR",
            "id": "r10"
        },
        {
            "args": [
                "m15",
                "m16"
            ],
            "type": "USED-FOR",
            "id": "r11"
        },
        {
            "args": [
                "m17",
                "m18"
            ],
            "type": "USED-FOR",
            "id": "r12"
        },
        {
            "args": [
                "m19",
                "m18"
            ],
            "type": "USED-FOR",
            "id": "r13"
        },
        {
            "args": [
                "m20",
                "m21"
            ],
            "type": "CONJUNCTION",
            "id": "r14"
        }
    ],
    "sentences": [
        {
            "begin": 0,
            "text": "This paper proposes a framework in which Lagrangian Particle Dynamics is used for the segmentation of high density crowd flows and detection of flow instabilities.",
            "end": 163,
            "tokens": [
                {
                    "begin": 0,
                    "text": "This",
                    "end": 4,
                    "id": "s0-t0"
                },
                {
                    "begin": 5,
                    "text": "paper",
                    "end": 10,
                    "id": "s0-t1"
                },
                {
                    "begin": 11,
                    "text": "proposes",
                    "end": 19,
                    "id": "s0-t2"
                },
                {
                    "begin": 20,
                    "text": "a",
                    "end": 21,
                    "id": "s0-t3"
                },
                {
                    "begin": 22,
                    "text": "framework",
                    "end": 31,
                    "id": "s0-t4"
                },
                {
                    "begin": 32,
                    "text": "in",
                    "end": 34,
                    "id": "s0-t5"
                },
                {
                    "begin": 35,
                    "text": "which",
                    "end": 40,
                    "id": "s0-t6"
                },
                {
                    "begin": 41,
                    "text": "Lagrangian",
                    "end": 51,
                    "id": "s0-t7"
                },
                {
                    "begin": 52,
                    "text": "Particle",
                    "end": 60,
                    "id": "s0-t8"
                },
                {
                    "begin": 61,
                    "text": "Dynamics",
                    "end": 69,
                    "id": "s0-t9"
                },
                {
                    "begin": 70,
                    "text": "is",
                    "end": 72,
                    "id": "s0-t10"
                },
                {
                    "begin": 73,
                    "text": "used",
                    "end": 77,
                    "id": "s0-t11"
                },
                {
                    "begin": 78,
                    "text": "for",
                    "end": 81,
                    "id": "s0-t12"
                },
                {
                    "begin": 82,
                    "text": "the",
                    "end": 85,
                    "id": "s0-t13"
                },
                {
                    "begin": 86,
                    "text": "segmentation",
                    "end": 98,
                    "id": "s0-t14"
                },
                {
                    "begin": 99,
                    "text": "of",
                    "end": 101,
                    "id": "s0-t15"
                },
                {
                    "begin": 102,
                    "text": "high",
                    "end": 106,
                    "id": "s0-t16"
                },
                {
                    "begin": 107,
                    "text": "density",
                    "end": 114,
                    "id": "s0-t17"
                },
                {
                    "begin": 115,
                    "text": "crowd",
                    "end": 120,
                    "id": "s0-t18"
                },
                {
                    "begin": 121,
                    "text": "flows",
                    "end": 126,
                    "id": "s0-t19"
                },
                {
                    "begin": 127,
                    "text": "and",
                    "end": 130,
                    "id": "s0-t20"
                },
                {
                    "begin": 131,
                    "text": "detection",
                    "end": 140,
                    "id": "s0-t21"
                },
                {
                    "begin": 141,
                    "text": "of",
                    "end": 143,
                    "id": "s0-t22"
                },
                {
                    "begin": 144,
                    "text": "flow",
                    "end": 148,
                    "id": "s0-t23"
                },
                {
                    "begin": 149,
                    "text": "instabilities",
                    "end": 162,
                    "id": "s0-t24"
                },
                {
                    "begin": 162,
                    "text": ".",
                    "end": 163,
                    "id": "s0-t25"
                }
            ],
            "id": "s0"
        },
        {
            "begin": 163,
            "text": " For this purpose, a flow field generated by a moving crowd is treated as an aperiodic dynamical system.",
            "end": 267,
            "tokens": [
                {
                    "begin": 164,
                    "text": "For",
                    "end": 167,
                    "id": "s1-t0"
                },
                {
                    "begin": 168,
                    "text": "this",
                    "end": 172,
                    "id": "s1-t1"
                },
                {
                    "begin": 173,
                    "text": "purpose",
                    "end": 180,
                    "id": "s1-t2"
                },
                {
                    "begin": 180,
                    "text": ",",
                    "end": 181,
                    "id": "s1-t3"
                },
                {
                    "begin": 182,
                    "text": "a",
                    "end": 183,
                    "id": "s1-t4"
                },
                {
                    "begin": 184,
                    "text": "flow",
                    "end": 188,
                    "id": "s1-t5"
                },
                {
                    "begin": 189,
                    "text": "field",
                    "end": 194,
                    "id": "s1-t6"
                },
                {
                    "begin": 195,
                    "text": "generated",
                    "end": 204,
                    "id": "s1-t7"
                },
                {
                    "begin": 205,
                    "text": "by",
                    "end": 207,
                    "id": "s1-t8"
                },
                {
                    "begin": 208,
                    "text": "a",
                    "end": 209,
                    "id": "s1-t9"
                },
                {
                    "begin": 210,
                    "text": "moving",
                    "end": 216,
                    "id": "s1-t10"
                },
                {
                    "begin": 217,
                    "text": "crowd",
                    "end": 222,
                    "id": "s1-t11"
                },
                {
                    "begin": 223,
                    "text": "is",
                    "end": 225,
                    "id": "s1-t12"
                },
                {
                    "begin": 226,
                    "text": "treated",
                    "end": 233,
                    "id": "s1-t13"
                },
                {
                    "begin": 234,
                    "text": "as",
                    "end": 236,
                    "id": "s1-t14"
                },
                {
                    "begin": 237,
                    "text": "an",
                    "end": 239,
                    "id": "s1-t15"
                },
                {
                    "begin": 240,
                    "text": "aperiodic",
                    "end": 249,
                    "id": "s1-t16"
                },
                {
                    "begin": 250,
                    "text": "dynamical",
                    "end": 259,
                    "id": "s1-t17"
                },
                {
                    "begin": 260,
                    "text": "system",
                    "end": 266,
                    "id": "s1-t18"
                },
                {
                    "begin": 266,
                    "text": ".",
                    "end": 267,
                    "id": "s1-t19"
                }
            ],
            "id": "s1"
        },
        {
            "begin": 267,
            "text": " A grid of particles is overlaid on the flow field, and is advected using a numerical integration scheme.",
            "end": 372,
            "tokens": [
                {
                    "begin": 268,
                    "text": "A",
                    "end": 269,
                    "id": "s2-t0"
                },
                {
                    "begin": 270,
                    "text": "grid",
                    "end": 274,
                    "id": "s2-t1"
                },
                {
                    "begin": 275,
                    "text": "of",
                    "end": 277,
                    "id": "s2-t2"
                },
                {
                    "begin": 278,
                    "text": "particles",
                    "end": 287,
                    "id": "s2-t3"
                },
                {
                    "begin": 288,
                    "text": "is",
                    "end": 290,
                    "id": "s2-t4"
                },
                {
                    "begin": 291,
                    "text": "overlaid",
                    "end": 299,
                    "id": "s2-t5"
                },
                {
                    "begin": 300,
                    "text": "on",
                    "end": 302,
                    "id": "s2-t6"
                },
                {
                    "begin": 303,
                    "text": "the",
                    "end": 306,
                    "id": "s2-t7"
                },
                {
                    "begin": 307,
                    "text": "flow",
                    "end": 311,
                    "id": "s2-t8"
                },
                {
                    "begin": 312,
                    "text": "field",
                    "end": 317,
                    "id": "s2-t9"
                },
                {
                    "begin": 317,
                    "text": ",",
                    "end": 318,
                    "id": "s2-t10"
                },
                {
                    "begin": 319,
                    "text": "and",
                    "end": 322,
                    "id": "s2-t11"
                },
                {
                    "begin": 323,
                    "text": "is",
                    "end": 325,
                    "id": "s2-t12"
                },
                {
                    "begin": 326,
                    "text": "advected",
                    "end": 334,
                    "id": "s2-t13"
                },
                {
                    "begin": 335,
                    "text": "using",
                    "end": 340,
                    "id": "s2-t14"
                },
                {
                    "begin": 341,
                    "text": "a",
                    "end": 342,
                    "id": "s2-t15"
                },
                {
                    "begin": 343,
                    "text": "numerical",
                    "end": 352,
                    "id": "s2-t16"
                },
                {
                    "begin": 353,
                    "text": "integration",
                    "end": 364,
                    "id": "s2-t17"
                },
                {
                    "begin": 365,
                    "text": "scheme",
                    "end": 371,
                    "id": "s2-t18"
                },
                {
                    "begin": 371,
                    "text": ".",
                    "end": 372,
                    "id": "s2-t19"
                }
            ],
            "id": "s2"
        },
        {
            "begin": 372,
            "text": " The evolution of particles through the flow is tracked using a Flow Map, whose spatial gradients are subsequently used to setup a Cauchy Green Deformation tensor for quantifying the amount by which the neighboring particles have diverged over the length of the integration.",
            "end": 646,
            "tokens": [
                {
                    "begin": 373,
                    "text": "The",
                    "end": 376,
                    "id": "s3-t0"
                },
                {
                    "begin": 377,
                    "text": "evolution",
                    "end": 386,
                    "id": "s3-t1"
                },
                {
                    "begin": 387,
                    "text": "of",
                    "end": 389,
                    "id": "s3-t2"
                },
                {
                    "begin": 390,
                    "text": "particles",
                    "end": 399,
                    "id": "s3-t3"
                },
                {
                    "begin": 400,
                    "text": "through",
                    "end": 407,
                    "id": "s3-t4"
                },
                {
                    "begin": 408,
                    "text": "the",
                    "end": 411,
                    "id": "s3-t5"
                },
                {
                    "begin": 412,
                    "text": "flow",
                    "end": 416,
                    "id": "s3-t6"
                },
                {
                    "begin": 417,
                    "text": "is",
                    "end": 419,
                    "id": "s3-t7"
                },
                {
                    "begin": 420,
                    "text": "tracked",
                    "end": 427,
                    "id": "s3-t8"
                },
                {
                    "begin": 428,
                    "text": "using",
                    "end": 433,
                    "id": "s3-t9"
                },
                {
                    "begin": 434,
                    "text": "a",
                    "end": 435,
                    "id": "s3-t10"
                },
                {
                    "begin": 436,
                    "text": "Flow",
                    "end": 440,
                    "id": "s3-t11"
                },
                {
                    "begin": 441,
                    "text": "Map",
                    "end": 444,
                    "id": "s3-t12"
                },
                {
                    "begin": 444,
                    "text": ",",
                    "end": 445,
                    "id": "s3-t13"
                },
                {
                    "begin": 446,
                    "text": "whose",
                    "end": 451,
                    "id": "s3-t14"
                },
                {
                    "begin": 452,
                    "text": "spatial",
                    "end": 459,
                    "id": "s3-t15"
                },
                {
                    "begin": 460,
                    "text": "gradients",
                    "end": 469,
                    "id": "s3-t16"
                },
                {
                    "begin": 470,
                    "text": "are",
                    "end": 473,
                    "id": "s3-t17"
                },
                {
                    "begin": 474,
                    "text": "subsequently",
                    "end": 486,
                    "id": "s3-t18"
                },
                {
                    "begin": 487,
                    "text": "used",
                    "end": 491,
                    "id": "s3-t19"
                },
                {
                    "begin": 492,
                    "text": "to",
                    "end": 494,
                    "id": "s3-t20"
                },
                {
                    "begin": 495,
                    "text": "setup",
                    "end": 500,
                    "id": "s3-t21"
                },
                {
                    "begin": 501,
                    "text": "a",
                    "end": 502,
                    "id": "s3-t22"
                },
                {
                    "begin": 503,
                    "text": "Cauchy",
                    "end": 509,
                    "id": "s3-t23"
                },
                {
                    "begin": 510,
                    "text": "Green",
                    "end": 515,
                    "id": "s3-t24"
                },
                {
                    "begin": 516,
                    "text": "Deformation",
                    "end": 527,
                    "id": "s3-t25"
                },
                {
                    "begin": 528,
                    "text": "tensor",
                    "end": 534,
                    "id": "s3-t26"
                },
                {
                    "begin": 535,
                    "text": "for",
                    "end": 538,
                    "id": "s3-t27"
                },
                {
                    "begin": 539,
                    "text": "quantifying",
                    "end": 550,
                    "id": "s3-t28"
                },
                {
                    "begin": 551,
                    "text": "the",
                    "end": 554,
                    "id": "s3-t29"
                },
                {
                    "begin": 555,
                    "text": "amount",
                    "end": 561,
                    "id": "s3-t30"
                },
                {
                    "begin": 562,
                    "text": "by",
                    "end": 564,
                    "id": "s3-t31"
                },
                {
                    "begin": 565,
                    "text": "which",
                    "end": 570,
                    "id": "s3-t32"
                },
                {
                    "begin": 571,
                    "text": "the",
                    "end": 574,
                    "id": "s3-t33"
                },
                {
                    "begin": 575,
                    "text": "neighboring",
                    "end": 586,
                    "id": "s3-t34"
                },
                {
                    "begin": 587,
                    "text": "particles",
                    "end": 596,
                    "id": "s3-t35"
                },
                {
                    "begin": 597,
                    "text": "have",
                    "end": 601,
                    "id": "s3-t36"
                },
                {
                    "begin": 602,
                    "text": "diverged",
                    "end": 610,
                    "id": "s3-t37"
                },
                {
                    "begin": 611,
                    "text": "over",
                    "end": 615,
                    "id": "s3-t38"
                },
                {
                    "begin": 616,
                    "text": "the",
                    "end": 619,
                    "id": "s3-t39"
                },
                {
                    "begin": 620,
                    "text": "length",
                    "end": 626,
                    "id": "s3-t40"
                },
                {
                    "begin": 627,
                    "text": "of",
                    "end": 629,
                    "id": "s3-t41"
                },
                {
                    "begin": 630,
                    "text": "the",
                    "end": 633,
                    "id": "s3-t42"
                },
                {
                    "begin": 634,
                    "text": "integration",
                    "end": 645,
                    "id": "s3-t43"
                },
                {
                    "begin": 645,
                    "text": ".",
                    "end": 646,
                    "id": "s3-t44"
                }
            ],
            "id": "s3"
        },
        {
            "begin": 646,
            "text": " The maximum eigenvalue of the tensor is used to construct a Finite Time Lyapunov Exponent-LRB-FTLE-RRB-field, which reveals the Lagrangian Coherent Structures-LRB-LCS-RRB-present in the underlying flow.",
            "end": 849,
            "tokens": [
                {
                    "begin": 647,
                    "text": "The",
                    "end": 650,
                    "id": "s4-t0"
                },
                {
                    "begin": 651,
                    "text": "maximum",
                    "end": 658,
                    "id": "s4-t1"
                },
                {
                    "begin": 659,
                    "text": "eigenvalue",
                    "end": 669,
                    "id": "s4-t2"
                },
                {
                    "begin": 670,
                    "text": "of",
                    "end": 672,
                    "id": "s4-t3"
                },
                {
                    "begin": 673,
                    "text": "the",
                    "end": 676,
                    "id": "s4-t4"
                },
                {
                    "begin": 677,
                    "text": "tensor",
                    "end": 683,
                    "id": "s4-t5"
                },
                {
                    "begin": 684,
                    "text": "is",
                    "end": 686,
                    "id": "s4-t6"
                },
                {
                    "begin": 687,
                    "text": "used",
                    "end": 691,
                    "id": "s4-t7"
                },
                {
                    "begin": 692,
                    "text": "to",
                    "end": 694,
                    "id": "s4-t8"
                },
                {
                    "begin": 695,
                    "text": "construct",
                    "end": 704,
                    "id": "s4-t9"
                },
                {
                    "begin": 705,
                    "text": "a",
                    "end": 706,
                    "id": "s4-t10"
                },
                {
                    "begin": 707,
                    "text": "Finite",
                    "end": 713,
                    "id": "s4-t11"
                },
                {
                    "begin": 714,
                    "text": "Time",
                    "end": 718,
                    "id": "s4-t12"
                },
                {
                    "begin": 719,
                    "text": "Lyapunov",
                    "end": 727,
                    "id": "s4-t13"
                },
                {
                    "begin": 728,
                    "text": "Exponent",
                    "end": 736,
                    "id": "s4-t14"
                },
                {
                    "begin": 736,
                    "text": "-LRB-",
                    "end": 741,
                    "id": "s4-t15"
                },
                {
                    "begin": 741,
                    "text": "FTLE",
                    "end": 745,
                    "id": "s4-t16"
                },
                {
                    "begin": 745,
                    "text": "-RRB-",
                    "end": 750,
                    "id": "s4-t17"
                },
                {
                    "begin": 750,
                    "text": "field",
                    "end": 755,
                    "id": "s4-t18"
                },
                {
                    "begin": 755,
                    "text": ",",
                    "end": 756,
                    "id": "s4-t19"
                },
                {
                    "begin": 757,
                    "text": "which",
                    "end": 762,
                    "id": "s4-t20"
                },
                {
                    "begin": 763,
                    "text": "reveals",
                    "end": 770,
                    "id": "s4-t21"
                },
                {
                    "begin": 771,
                    "text": "the",
                    "end": 774,
                    "id": "s4-t22"
                },
                {
                    "begin": 775,
                    "text": "Lagrangian",
                    "end": 785,
                    "id": "s4-t23"
                },
                {
                    "begin": 786,
                    "text": "Coherent",
                    "end": 794,
                    "id": "s4-t24"
                },
                {
                    "begin": 795,
                    "text": "Structures",
                    "end": 805,
                    "id": "s4-t25"
                },
                {
                    "begin": 805,
                    "text": "-LRB-",
                    "end": 810,
                    "id": "s4-t26"
                },
                {
                    "begin": 810,
                    "text": "LCS",
                    "end": 813,
                    "id": "s4-t27"
                },
                {
                    "begin": 813,
                    "text": "-RRB-",
                    "end": 818,
                    "id": "s4-t28"
                },
                {
                    "begin": 818,
                    "text": "present",
                    "end": 825,
                    "id": "s4-t29"
                },
                {
                    "begin": 826,
                    "text": "in",
                    "end": 828,
                    "id": "s4-t30"
                },
                {
                    "begin": 829,
                    "text": "the",
                    "end": 832,
                    "id": "s4-t31"
                },
                {
                    "begin": 833,
                    "text": "underlying",
                    "end": 843,
                    "id": "s4-t32"
                },
                {
                    "begin": 844,
                    "text": "flow",
                    "end": 848,
                    "id": "s4-t33"
                },
                {
                    "begin": 848,
                    "text": ".",
                    "end": 849,
                    "id": "s4-t34"
                }
            ],
            "id": "s4"
        },
        {
            "begin": 849,
            "text": " The LCS divide flow into regions of qualitatively different dynamics and are used to locate boundaries of the flow segments in a normalized cuts framework.",
            "end": 1005,
            "tokens": [
                {
                    "begin": 850,
                    "text": "The",
                    "end": 853,
                    "id": "s5-t0"
                },
                {
                    "begin": 854,
                    "text": "LCS",
                    "end": 857,
                    "id": "s5-t1"
                },
                {
                    "begin": 858,
                    "text": "divide",
                    "end": 864,
                    "id": "s5-t2"
                },
                {
                    "begin": 865,
                    "text": "flow",
                    "end": 869,
                    "id": "s5-t3"
                },
                {
                    "begin": 870,
                    "text": "into",
                    "end": 874,
                    "id": "s5-t4"
                },
                {
                    "begin": 875,
                    "text": "regions",
                    "end": 882,
                    "id": "s5-t5"
                },
                {
                    "begin": 883,
                    "text": "of",
                    "end": 885,
                    "id": "s5-t6"
                },
                {
                    "begin": 886,
                    "text": "qualitatively",
                    "end": 899,
                    "id": "s5-t7"
                },
                {
                    "begin": 900,
                    "text": "different",
                    "end": 909,
                    "id": "s5-t8"
                },
                {
                    "begin": 910,
                    "text": "dynamics",
                    "end": 918,
                    "id": "s5-t9"
                },
                {
                    "begin": 919,
                    "text": "and",
                    "end": 922,
                    "id": "s5-t10"
                },
                {
                    "begin": 923,
                    "text": "are",
                    "end": 926,
                    "id": "s5-t11"
                },
                {
                    "begin": 927,
                    "text": "used",
                    "end": 931,
                    "id": "s5-t12"
                },
                {
                    "begin": 932,
                    "text": "to",
                    "end": 934,
                    "id": "s5-t13"
                },
                {
                    "begin": 935,
                    "text": "locate",
                    "end": 941,
                    "id": "s5-t14"
                },
                {
                    "begin": 942,
                    "text": "boundaries",
                    "end": 952,
                    "id": "s5-t15"
                },
                {
                    "begin": 953,
                    "text": "of",
                    "end": 955,
                    "id": "s5-t16"
                },
                {
                    "begin": 956,
                    "text": "the",
                    "end": 959,
                    "id": "s5-t17"
                },
                {
                    "begin": 960,
                    "text": "flow",
                    "end": 964,
                    "id": "s5-t18"
                },
                {
                    "begin": 965,
                    "text": "segments",
                    "end": 973,
                    "id": "s5-t19"
                },
                {
                    "begin": 974,
                    "text": "in",
                    "end": 976,
                    "id": "s5-t20"
                },
                {
                    "begin": 977,
                    "text": "a",
                    "end": 978,
                    "id": "s5-t21"
                },
                {
                    "begin": 979,
                    "text": "normalized",
                    "end": 989,
                    "id": "s5-t22"
                },
                {
                    "begin": 990,
                    "text": "cuts",
                    "end": 994,
                    "id": "s5-t23"
                },
                {
                    "begin": 995,
                    "text": "framework",
                    "end": 1004,
                    "id": "s5-t24"
                },
                {
                    "begin": 1004,
                    "text": ".",
                    "end": 1005,
                    "id": "s5-t25"
                }
            ],
            "id": "s5"
        },
        {
            "begin": 1005,
            "text": " Any change in the number of flow segments over time is regarded as an instability, which is detected by establishing correspondences between flow segments over time.",
            "end": 1171,
            "tokens": [
                {
                    "begin": 1006,
                    "text": "Any",
                    "end": 1009,
                    "id": "s6-t0"
                },
                {
                    "begin": 1010,
                    "text": "change",
                    "end": 1016,
                    "id": "s6-t1"
                },
                {
                    "begin": 1017,
                    "text": "in",
                    "end": 1019,
                    "id": "s6-t2"
                },
                {
                    "begin": 1020,
                    "text": "the",
                    "end": 1023,
                    "id": "s6-t3"
                },
                {
                    "begin": 1024,
                    "text": "number",
                    "end": 1030,
                    "id": "s6-t4"
                },
                {
                    "begin": 1031,
                    "text": "of",
                    "end": 1033,
                    "id": "s6-t5"
                },
                {
                    "begin": 1034,
                    "text": "flow",
                    "end": 1038,
                    "id": "s6-t6"
                },
                {
                    "begin": 1039,
                    "text": "segments",
                    "end": 1047,
                    "id": "s6-t7"
                },
                {
                    "begin": 1048,
                    "text": "over",
                    "end": 1052,
                    "id": "s6-t8"
                },
                {
                    "begin": 1053,
                    "text": "time",
                    "end": 1057,
                    "id": "s6-t9"
                },
                {
                    "begin": 1058,
                    "text": "is",
                    "end": 1060,
                    "id": "s6-t10"
                },
                {
                    "begin": 1061,
                    "text": "regarded",
                    "end": 1069,
                    "id": "s6-t11"
                },
                {
                    "begin": 1070,
                    "text": "as",
                    "end": 1072,
                    "id": "s6-t12"
                },
                {
                    "begin": 1073,
                    "text": "an",
                    "end": 1075,
                    "id": "s6-t13"
                },
                {
                    "begin": 1076,
                    "text": "instability",
                    "end": 1087,
                    "id": "s6-t14"
                },
                {
                    "begin": 1087,
                    "text": ",",
                    "end": 1088,
                    "id": "s6-t15"
                },
                {
                    "begin": 1089,
                    "text": "which",
                    "end": 1094,
                    "id": "s6-t16"
                },
                {
                    "begin": 1095,
                    "text": "is",
                    "end": 1097,
                    "id": "s6-t17"
                },
                {
                    "begin": 1098,
                    "text": "detected",
                    "end": 1106,
                    "id": "s6-t18"
                },
                {
                    "begin": 1107,
                    "text": "by",
                    "end": 1109,
                    "id": "s6-t19"
                },
                {
                    "begin": 1110,
                    "text": "establishing",
                    "end": 1122,
                    "id": "s6-t20"
                },
                {
                    "begin": 1123,
                    "text": "correspondences",
                    "end": 1138,
                    "id": "s6-t21"
                },
                {
                    "begin": 1139,
                    "text": "between",
                    "end": 1146,
                    "id": "s6-t22"
                },
                {
                    "begin": 1147,
                    "text": "flow",
                    "end": 1151,
                    "id": "s6-t23"
                },
                {
                    "begin": 1152,
                    "text": "segments",
                    "end": 1160,
                    "id": "s6-t24"
                },
                {
                    "begin": 1161,
                    "text": "over",
                    "end": 1165,
                    "id": "s6-t25"
                },
                {
                    "begin": 1166,
                    "text": "time",
                    "end": 1170,
                    "id": "s6-t26"
                },
                {
                    "begin": 1170,
                    "text": ".",
                    "end": 1171,
                    "id": "s6-t27"
                }
            ],
            "id": "s6"
        },
        {
            "begin": 1171,
            "text": " The experiments are conducted on a challenging set of videos taken from Google Video and a National Geographic documentary.",
            "end": 1295,
            "tokens": [
                {
                    "begin": 1172,
                    "text": "The",
                    "end": 1175,
                    "id": "s7-t0"
                },
                {
                    "begin": 1176,
                    "text": "experiments",
                    "end": 1187,
                    "id": "s7-t1"
                },
                {
                    "begin": 1188,
                    "text": "are",
                    "end": 1191,
                    "id": "s7-t2"
                },
                {
                    "begin": 1192,
                    "text": "conducted",
                    "end": 1201,
                    "id": "s7-t3"
                },
                {
                    "begin": 1202,
                    "text": "on",
                    "end": 1204,
                    "id": "s7-t4"
                },
                {
                    "begin": 1205,
                    "text": "a",
                    "end": 1206,
                    "id": "s7-t5"
                },
                {
                    "begin": 1207,
                    "text": "challenging",
                    "end": 1218,
                    "id": "s7-t6"
                },
                {
                    "begin": 1219,
                    "text": "set",
                    "end": 1222,
                    "id": "s7-t7"
                },
                {
                    "begin": 1223,
                    "text": "of",
                    "end": 1225,
                    "id": "s7-t8"
                },
                {
                    "begin": 1226,
                    "text": "videos",
                    "end": 1232,
                    "id": "s7-t9"
                },
                {
                    "begin": 1233,
                    "text": "taken",
                    "end": 1238,
                    "id": "s7-t10"
                },
                {
                    "begin": 1239,
                    "text": "from",
                    "end": 1243,
                    "id": "s7-t11"
                },
                {
                    "begin": 1244,
                    "text": "Google",
                    "end": 1250,
                    "id": "s7-t12"
                },
                {
                    "begin": 1251,
                    "text": "Video",
                    "end": 1256,
                    "id": "s7-t13"
                },
                {
                    "begin": 1257,
                    "text": "and",
                    "end": 1260,
                    "id": "s7-t14"
                },
                {
                    "begin": 1261,
                    "text": "a",
                    "end": 1262,
                    "id": "s7-t15"
                },
                {
                    "begin": 1263,
                    "text": "National",
                    "end": 1271,
                    "id": "s7-t16"
                },
                {
                    "begin": 1272,
                    "text": "Geographic",
                    "end": 1282,
                    "id": "s7-t17"
                },
                {
                    "begin": 1283,
                    "text": "documentary",
                    "end": 1294,
                    "id": "s7-t18"
                },
                {
                    "begin": 1294,
                    "text": ".",
                    "end": 1295,
                    "id": "s7-t19"
                }
            ],
            "id": "s7"
        }
    ],
    "text": "This paper proposes a framework in which Lagrangian Particle Dynamics is used for the segmentation of high density crowd flows and detection of flow instabilities. For this purpose, a flow field generated by a moving crowd is treated as an aperiodic dynamical system. A grid of particles is overlaid on the flow field, and is advected using a numerical integration scheme. The evolution of particles through the flow is tracked using a Flow Map, whose spatial gradients are subsequently used to setup a Cauchy Green Deformation tensor for quantifying the amount by which the neighboring particles have diverged over the length of the integration. The maximum eigenvalue of the tensor is used to construct a Finite Time Lyapunov Exponent-LRB-FTLE-RRB-field, which reveals the Lagrangian Coherent Structures-LRB-LCS-RRB-present in the underlying flow. The LCS divide flow into regions of qualitatively different dynamics and are used to locate boundaries of the flow segments in a normalized cuts framework. Any change in the number of flow segments over time is regarded as an instability, which is detected by establishing correspondences between flow segments over time. The experiments are conducted on a challenging set of videos taken from Google Video and a National Geographic documentary.",
    "id": "62285a7c-341e-4447-8fc2-df37a101a137"
}