{
    "mentions": [
        {
            "begin": 17,
            "id": "m0",
            "end": 47,
            "type": "Method",
            "text": "phrase-based translation model"
        },
        {
            "begin": 52,
            "id": "m1",
            "end": 70,
            "type": "Method",
            "text": "decoding algorithm"
        },
        {
            "begin": 140,
            "id": "m2",
            "end": 171,
            "type": "Method",
            "text": "phrase-based translation models"
        },
        {
            "begin": 184,
            "id": "m3",
            "end": 193,
            "type": "Generic",
            "text": "framework"
        },
        {
            "begin": 275,
            "id": "m4",
            "end": 294,
            "type": "Method",
            "text": "phrase-based models"
        },
        {
            "begin": 306,
            "id": "m5",
            "end": 323,
            "type": "Method",
            "text": "word-based models"
        },
        {
            "begin": 481,
            "id": "m6",
            "end": 486,
            "type": "Generic",
            "text": "means"
        },
        {
            "begin": 488,
            "id": "m7",
            "end": 529,
            "type": "Method",
            "text": "heuristic learning of phrase translations"
        },
        {
            "begin": 535,
            "id": "m8",
            "end": 556,
            "type": "Method",
            "text": "word-based alignments"
        },
        {
            "begin": 561,
            "id": "m9",
            "end": 601,
            "type": "Method",
            "text": "lexical weighting of phrase translations"
        },
        {
            "begin": 684,
            "id": "m10",
            "end": 725,
            "type": "Method",
            "text": "high-accuracy word-level alignment models"
        },
        {
            "begin": 850,
            "id": "m11",
            "end": 857,
            "type": "Generic",
            "text": "systems"
        }
    ],
    "relations": [
        {
            "args": [
                "m0",
                "m1"
            ],
            "type": "CONJUNCTION",
            "id": "r0"
        },
        {
            "args": [
                "m4",
                "m5"
            ],
            "type": "COMPARE",
            "id": "r1"
        },
        {
            "args": [
                "m7",
                "m6"
            ],
            "type": "HYPONYM-OF",
            "id": "r2"
        },
        {
            "args": [
                "m8",
                "m7"
            ],
            "type": "USED-FOR",
            "id": "r3"
        },
        {
            "args": [
                "m9",
                "m6"
            ],
            "type": "HYPONYM-OF",
            "id": "r4"
        }
    ],
    "sentences": [
        {
            "begin": 0,
            "text": "We propose a new phrase-based translation model and decoding algorithm that enables us to evaluate and compare several, previously proposed phrase-based translation models.",
            "end": 172,
            "tokens": [
                {
                    "begin": 0,
                    "text": "We",
                    "end": 2,
                    "id": "s0-t0"
                },
                {
                    "begin": 3,
                    "text": "propose",
                    "end": 10,
                    "id": "s0-t1"
                },
                {
                    "begin": 11,
                    "text": "a",
                    "end": 12,
                    "id": "s0-t2"
                },
                {
                    "begin": 13,
                    "text": "new",
                    "end": 16,
                    "id": "s0-t3"
                },
                {
                    "begin": 17,
                    "text": "phrase-based",
                    "end": 29,
                    "id": "s0-t4"
                },
                {
                    "begin": 30,
                    "text": "translation",
                    "end": 41,
                    "id": "s0-t5"
                },
                {
                    "begin": 42,
                    "text": "model",
                    "end": 47,
                    "id": "s0-t6"
                },
                {
                    "begin": 48,
                    "text": "and",
                    "end": 51,
                    "id": "s0-t7"
                },
                {
                    "begin": 52,
                    "text": "decoding",
                    "end": 60,
                    "id": "s0-t8"
                },
                {
                    "begin": 61,
                    "text": "algorithm",
                    "end": 70,
                    "id": "s0-t9"
                },
                {
                    "begin": 71,
                    "text": "that",
                    "end": 75,
                    "id": "s0-t10"
                },
                {
                    "begin": 76,
                    "text": "enables",
                    "end": 83,
                    "id": "s0-t11"
                },
                {
                    "begin": 84,
                    "text": "us",
                    "end": 86,
                    "id": "s0-t12"
                },
                {
                    "begin": 87,
                    "text": "to",
                    "end": 89,
                    "id": "s0-t13"
                },
                {
                    "begin": 90,
                    "text": "evaluate",
                    "end": 98,
                    "id": "s0-t14"
                },
                {
                    "begin": 99,
                    "text": "and",
                    "end": 102,
                    "id": "s0-t15"
                },
                {
                    "begin": 103,
                    "text": "compare",
                    "end": 110,
                    "id": "s0-t16"
                },
                {
                    "begin": 111,
                    "text": "several",
                    "end": 118,
                    "id": "s0-t17"
                },
                {
                    "begin": 118,
                    "text": ",",
                    "end": 119,
                    "id": "s0-t18"
                },
                {
                    "begin": 120,
                    "text": "previously",
                    "end": 130,
                    "id": "s0-t19"
                },
                {
                    "begin": 131,
                    "text": "proposed",
                    "end": 139,
                    "id": "s0-t20"
                },
                {
                    "begin": 140,
                    "text": "phrase-based",
                    "end": 152,
                    "id": "s0-t21"
                },
                {
                    "begin": 153,
                    "text": "translation",
                    "end": 164,
                    "id": "s0-t22"
                },
                {
                    "begin": 165,
                    "text": "models",
                    "end": 171,
                    "id": "s0-t23"
                },
                {
                    "begin": 171,
                    "text": ".",
                    "end": 172,
                    "id": "s0-t24"
                }
            ],
            "id": "s0"
        },
        {
            "begin": 172,
            "text": " Within our framework, we carry out a large number of experiments to understand better and explain why phrase-based models outperform word-based models.",
            "end": 324,
            "tokens": [
                {
                    "begin": 173,
                    "text": "Within",
                    "end": 179,
                    "id": "s1-t0"
                },
                {
                    "begin": 180,
                    "text": "our",
                    "end": 183,
                    "id": "s1-t1"
                },
                {
                    "begin": 184,
                    "text": "framework",
                    "end": 193,
                    "id": "s1-t2"
                },
                {
                    "begin": 193,
                    "text": ",",
                    "end": 194,
                    "id": "s1-t3"
                },
                {
                    "begin": 195,
                    "text": "we",
                    "end": 197,
                    "id": "s1-t4"
                },
                {
                    "begin": 198,
                    "text": "carry",
                    "end": 203,
                    "id": "s1-t5"
                },
                {
                    "begin": 204,
                    "text": "out",
                    "end": 207,
                    "id": "s1-t6"
                },
                {
                    "begin": 208,
                    "text": "a",
                    "end": 209,
                    "id": "s1-t7"
                },
                {
                    "begin": 210,
                    "text": "large",
                    "end": 215,
                    "id": "s1-t8"
                },
                {
                    "begin": 216,
                    "text": "number",
                    "end": 222,
                    "id": "s1-t9"
                },
                {
                    "begin": 223,
                    "text": "of",
                    "end": 225,
                    "id": "s1-t10"
                },
                {
                    "begin": 226,
                    "text": "experiments",
                    "end": 237,
                    "id": "s1-t11"
                },
                {
                    "begin": 238,
                    "text": "to",
                    "end": 240,
                    "id": "s1-t12"
                },
                {
                    "begin": 241,
                    "text": "understand",
                    "end": 251,
                    "id": "s1-t13"
                },
                {
                    "begin": 252,
                    "text": "better",
                    "end": 258,
                    "id": "s1-t14"
                },
                {
                    "begin": 259,
                    "text": "and",
                    "end": 262,
                    "id": "s1-t15"
                },
                {
                    "begin": 263,
                    "text": "explain",
                    "end": 270,
                    "id": "s1-t16"
                },
                {
                    "begin": 271,
                    "text": "why",
                    "end": 274,
                    "id": "s1-t17"
                },
                {
                    "begin": 275,
                    "text": "phrase-based",
                    "end": 287,
                    "id": "s1-t18"
                },
                {
                    "begin": 288,
                    "text": "models",
                    "end": 294,
                    "id": "s1-t19"
                },
                {
                    "begin": 295,
                    "text": "outperform",
                    "end": 305,
                    "id": "s1-t20"
                },
                {
                    "begin": 306,
                    "text": "word-based",
                    "end": 316,
                    "id": "s1-t21"
                },
                {
                    "begin": 317,
                    "text": "models",
                    "end": 323,
                    "id": "s1-t22"
                },
                {
                    "begin": 323,
                    "text": ".",
                    "end": 324,
                    "id": "s1-t23"
                }
            ],
            "id": "s1"
        },
        {
            "begin": 324,
            "text": " Our empirical results, which hold for all examined language pairs, suggest that the highest levels of performance can be obtained through relatively simple means: heuristic learning of phrase translations from word-based alignments and lexical weighting of phrase translations.",
            "end": 602,
            "tokens": [
                {
                    "begin": 325,
                    "text": "Our",
                    "end": 328,
                    "id": "s2-t0"
                },
                {
                    "begin": 329,
                    "text": "empirical",
                    "end": 338,
                    "id": "s2-t1"
                },
                {
                    "begin": 339,
                    "text": "results",
                    "end": 346,
                    "id": "s2-t2"
                },
                {
                    "begin": 346,
                    "text": ",",
                    "end": 347,
                    "id": "s2-t3"
                },
                {
                    "begin": 348,
                    "text": "which",
                    "end": 353,
                    "id": "s2-t4"
                },
                {
                    "begin": 354,
                    "text": "hold",
                    "end": 358,
                    "id": "s2-t5"
                },
                {
                    "begin": 359,
                    "text": "for",
                    "end": 362,
                    "id": "s2-t6"
                },
                {
                    "begin": 363,
                    "text": "all",
                    "end": 366,
                    "id": "s2-t7"
                },
                {
                    "begin": 367,
                    "text": "examined",
                    "end": 375,
                    "id": "s2-t8"
                },
                {
                    "begin": 376,
                    "text": "language",
                    "end": 384,
                    "id": "s2-t9"
                },
                {
                    "begin": 385,
                    "text": "pairs",
                    "end": 390,
                    "id": "s2-t10"
                },
                {
                    "begin": 390,
                    "text": ",",
                    "end": 391,
                    "id": "s2-t11"
                },
                {
                    "begin": 392,
                    "text": "suggest",
                    "end": 399,
                    "id": "s2-t12"
                },
                {
                    "begin": 400,
                    "text": "that",
                    "end": 404,
                    "id": "s2-t13"
                },
                {
                    "begin": 405,
                    "text": "the",
                    "end": 408,
                    "id": "s2-t14"
                },
                {
                    "begin": 409,
                    "text": "highest",
                    "end": 416,
                    "id": "s2-t15"
                },
                {
                    "begin": 417,
                    "text": "levels",
                    "end": 423,
                    "id": "s2-t16"
                },
                {
                    "begin": 424,
                    "text": "of",
                    "end": 426,
                    "id": "s2-t17"
                },
                {
                    "begin": 427,
                    "text": "performance",
                    "end": 438,
                    "id": "s2-t18"
                },
                {
                    "begin": 439,
                    "text": "can",
                    "end": 442,
                    "id": "s2-t19"
                },
                {
                    "begin": 443,
                    "text": "be",
                    "end": 445,
                    "id": "s2-t20"
                },
                {
                    "begin": 446,
                    "text": "obtained",
                    "end": 454,
                    "id": "s2-t21"
                },
                {
                    "begin": 455,
                    "text": "through",
                    "end": 462,
                    "id": "s2-t22"
                },
                {
                    "begin": 463,
                    "text": "relatively",
                    "end": 473,
                    "id": "s2-t23"
                },
                {
                    "begin": 474,
                    "text": "simple",
                    "end": 480,
                    "id": "s2-t24"
                },
                {
                    "begin": 481,
                    "text": "means",
                    "end": 486,
                    "id": "s2-t25"
                },
                {
                    "begin": 486,
                    "text": ":",
                    "end": 487,
                    "id": "s2-t26"
                },
                {
                    "begin": 488,
                    "text": "heuristic",
                    "end": 497,
                    "id": "s2-t27"
                },
                {
                    "begin": 498,
                    "text": "learning",
                    "end": 506,
                    "id": "s2-t28"
                },
                {
                    "begin": 507,
                    "text": "of",
                    "end": 509,
                    "id": "s2-t29"
                },
                {
                    "begin": 510,
                    "text": "phrase",
                    "end": 516,
                    "id": "s2-t30"
                },
                {
                    "begin": 517,
                    "text": "translations",
                    "end": 529,
                    "id": "s2-t31"
                },
                {
                    "begin": 530,
                    "text": "from",
                    "end": 534,
                    "id": "s2-t32"
                },
                {
                    "begin": 535,
                    "text": "word-based",
                    "end": 545,
                    "id": "s2-t33"
                },
                {
                    "begin": 546,
                    "text": "alignments",
                    "end": 556,
                    "id": "s2-t34"
                },
                {
                    "begin": 557,
                    "text": "and",
                    "end": 560,
                    "id": "s2-t35"
                },
                {
                    "begin": 561,
                    "text": "lexical",
                    "end": 568,
                    "id": "s2-t36"
                },
                {
                    "begin": 569,
                    "text": "weighting",
                    "end": 578,
                    "id": "s2-t37"
                },
                {
                    "begin": 579,
                    "text": "of",
                    "end": 581,
                    "id": "s2-t38"
                },
                {
                    "begin": 582,
                    "text": "phrase",
                    "end": 588,
                    "id": "s2-t39"
                },
                {
                    "begin": 589,
                    "text": "translations",
                    "end": 601,
                    "id": "s2-t40"
                },
                {
                    "begin": 601,
                    "text": ".",
                    "end": 602,
                    "id": "s2-t41"
                }
            ],
            "id": "s2"
        },
        {
            "begin": 602,
            "text": " Surprisingly, learning phrases longer than three words and learning phrases from high-accuracy word-level alignment models does not have a strong impact on performance.",
            "end": 771,
            "tokens": [
                {
                    "begin": 603,
                    "text": "Surprisingly",
                    "end": 615,
                    "id": "s3-t0"
                },
                {
                    "begin": 615,
                    "text": ",",
                    "end": 616,
                    "id": "s3-t1"
                },
                {
                    "begin": 617,
                    "text": "learning",
                    "end": 625,
                    "id": "s3-t2"
                },
                {
                    "begin": 626,
                    "text": "phrases",
                    "end": 633,
                    "id": "s3-t3"
                },
                {
                    "begin": 634,
                    "text": "longer",
                    "end": 640,
                    "id": "s3-t4"
                },
                {
                    "begin": 641,
                    "text": "than",
                    "end": 645,
                    "id": "s3-t5"
                },
                {
                    "begin": 646,
                    "text": "three",
                    "end": 651,
                    "id": "s3-t6"
                },
                {
                    "begin": 652,
                    "text": "words",
                    "end": 657,
                    "id": "s3-t7"
                },
                {
                    "begin": 658,
                    "text": "and",
                    "end": 661,
                    "id": "s3-t8"
                },
                {
                    "begin": 662,
                    "text": "learning",
                    "end": 670,
                    "id": "s3-t9"
                },
                {
                    "begin": 671,
                    "text": "phrases",
                    "end": 678,
                    "id": "s3-t10"
                },
                {
                    "begin": 679,
                    "text": "from",
                    "end": 683,
                    "id": "s3-t11"
                },
                {
                    "begin": 684,
                    "text": "high-accuracy",
                    "end": 697,
                    "id": "s3-t12"
                },
                {
                    "begin": 698,
                    "text": "word-level",
                    "end": 708,
                    "id": "s3-t13"
                },
                {
                    "begin": 709,
                    "text": "alignment",
                    "end": 718,
                    "id": "s3-t14"
                },
                {
                    "begin": 719,
                    "text": "models",
                    "end": 725,
                    "id": "s3-t15"
                },
                {
                    "begin": 726,
                    "text": "does",
                    "end": 730,
                    "id": "s3-t16"
                },
                {
                    "begin": 731,
                    "text": "not",
                    "end": 734,
                    "id": "s3-t17"
                },
                {
                    "begin": 735,
                    "text": "have",
                    "end": 739,
                    "id": "s3-t18"
                },
                {
                    "begin": 740,
                    "text": "a",
                    "end": 741,
                    "id": "s3-t19"
                },
                {
                    "begin": 742,
                    "text": "strong",
                    "end": 748,
                    "id": "s3-t20"
                },
                {
                    "begin": 749,
                    "text": "impact",
                    "end": 755,
                    "id": "s3-t21"
                },
                {
                    "begin": 756,
                    "text": "on",
                    "end": 758,
                    "id": "s3-t22"
                },
                {
                    "begin": 759,
                    "text": "performance",
                    "end": 770,
                    "id": "s3-t23"
                },
                {
                    "begin": 770,
                    "text": ".",
                    "end": 771,
                    "id": "s3-t24"
                }
            ],
            "id": "s3"
        },
        {
            "begin": 771,
            "text": " Learning only syntactically motivated phrases degrades the performance of our systems.",
            "end": 858,
            "tokens": [
                {
                    "begin": 772,
                    "text": "Learning",
                    "end": 780,
                    "id": "s4-t0"
                },
                {
                    "begin": 781,
                    "text": "only",
                    "end": 785,
                    "id": "s4-t1"
                },
                {
                    "begin": 786,
                    "text": "syntactically",
                    "end": 799,
                    "id": "s4-t2"
                },
                {
                    "begin": 800,
                    "text": "motivated",
                    "end": 809,
                    "id": "s4-t3"
                },
                {
                    "begin": 810,
                    "text": "phrases",
                    "end": 817,
                    "id": "s4-t4"
                },
                {
                    "begin": 818,
                    "text": "degrades",
                    "end": 826,
                    "id": "s4-t5"
                },
                {
                    "begin": 827,
                    "text": "the",
                    "end": 830,
                    "id": "s4-t6"
                },
                {
                    "begin": 831,
                    "text": "performance",
                    "end": 842,
                    "id": "s4-t7"
                },
                {
                    "begin": 843,
                    "text": "of",
                    "end": 845,
                    "id": "s4-t8"
                },
                {
                    "begin": 846,
                    "text": "our",
                    "end": 849,
                    "id": "s4-t9"
                },
                {
                    "begin": 850,
                    "text": "systems",
                    "end": 857,
                    "id": "s4-t10"
                },
                {
                    "begin": 857,
                    "text": ".",
                    "end": 858,
                    "id": "s4-t11"
                }
            ],
            "id": "s4"
        }
    ],
    "text": "We propose a new phrase-based translation model and decoding algorithm that enables us to evaluate and compare several, previously proposed phrase-based translation models. Within our framework, we carry out a large number of experiments to understand better and explain why phrase-based models outperform word-based models. Our empirical results, which hold for all examined language pairs, suggest that the highest levels of performance can be obtained through relatively simple means: heuristic learning of phrase translations from word-based alignments and lexical weighting of phrase translations. Surprisingly, learning phrases longer than three words and learning phrases from high-accuracy word-level alignment models does not have a strong impact on performance. Learning only syntactically motivated phrases degrades the performance of our systems.",
    "id": "2caef70b-3914-462c-b4d8-64626bc2de1d"
}