{
    "mentions": [
        {
            "begin": 0,
            "id": "m0",
            "end": 11,
            "type": "Method",
            "text": "Determiners"
        },
        {
            "begin": 268,
            "id": "m1",
            "end": 279,
            "type": "Method",
            "text": "determiners"
        },
        {
            "begin": 298,
            "id": "m2",
            "end": 307,
            "type": "OtherScientificTerm",
            "text": "ambiguity"
        },
        {
            "begin": 336,
            "id": "m3",
            "end": 353,
            "type": "Method",
            "text": "logical formalism"
        },
        {
            "begin": 411,
            "id": "m4",
            "end": 422,
            "type": "Task",
            "text": "determiners"
        }
    ],
    "relations": [
        {
            "args": [
                "m2",
                "m1"
            ],
            "type": "FEATURE-OF",
            "id": "r0"
        },
        {
            "args": [
                "m3",
                "m4"
            ],
            "type": "USED-FOR",
            "id": "r1"
        }
    ],
    "sentences": [
        {
            "begin": 0,
            "text": "Determiners play an important role in conveying the meaning of an utterance, but they have often been disregarded, perhaps because it seemed more important to devise methods to grasp the global meaning of a sentence, even if not in a precise way.",
            "end": 246,
            "tokens": [
                {
                    "begin": 0,
                    "text": "Determiners",
                    "end": 11,
                    "id": "s0-t0"
                },
                {
                    "begin": 12,
                    "text": "play",
                    "end": 16,
                    "id": "s0-t1"
                },
                {
                    "begin": 17,
                    "text": "an",
                    "end": 19,
                    "id": "s0-t2"
                },
                {
                    "begin": 20,
                    "text": "important",
                    "end": 29,
                    "id": "s0-t3"
                },
                {
                    "begin": 30,
                    "text": "role",
                    "end": 34,
                    "id": "s0-t4"
                },
                {
                    "begin": 35,
                    "text": "in",
                    "end": 37,
                    "id": "s0-t5"
                },
                {
                    "begin": 38,
                    "text": "conveying",
                    "end": 47,
                    "id": "s0-t6"
                },
                {
                    "begin": 48,
                    "text": "the",
                    "end": 51,
                    "id": "s0-t7"
                },
                {
                    "begin": 52,
                    "text": "meaning",
                    "end": 59,
                    "id": "s0-t8"
                },
                {
                    "begin": 60,
                    "text": "of",
                    "end": 62,
                    "id": "s0-t9"
                },
                {
                    "begin": 63,
                    "text": "an",
                    "end": 65,
                    "id": "s0-t10"
                },
                {
                    "begin": 66,
                    "text": "utterance",
                    "end": 75,
                    "id": "s0-t11"
                },
                {
                    "begin": 75,
                    "text": ",",
                    "end": 76,
                    "id": "s0-t12"
                },
                {
                    "begin": 77,
                    "text": "but",
                    "end": 80,
                    "id": "s0-t13"
                },
                {
                    "begin": 81,
                    "text": "they",
                    "end": 85,
                    "id": "s0-t14"
                },
                {
                    "begin": 86,
                    "text": "have",
                    "end": 90,
                    "id": "s0-t15"
                },
                {
                    "begin": 91,
                    "text": "often",
                    "end": 96,
                    "id": "s0-t16"
                },
                {
                    "begin": 97,
                    "text": "been",
                    "end": 101,
                    "id": "s0-t17"
                },
                {
                    "begin": 102,
                    "text": "disregarded",
                    "end": 113,
                    "id": "s0-t18"
                },
                {
                    "begin": 113,
                    "text": ",",
                    "end": 114,
                    "id": "s0-t19"
                },
                {
                    "begin": 115,
                    "text": "perhaps",
                    "end": 122,
                    "id": "s0-t20"
                },
                {
                    "begin": 123,
                    "text": "because",
                    "end": 130,
                    "id": "s0-t21"
                },
                {
                    "begin": 131,
                    "text": "it",
                    "end": 133,
                    "id": "s0-t22"
                },
                {
                    "begin": 134,
                    "text": "seemed",
                    "end": 140,
                    "id": "s0-t23"
                },
                {
                    "begin": 141,
                    "text": "more",
                    "end": 145,
                    "id": "s0-t24"
                },
                {
                    "begin": 146,
                    "text": "important",
                    "end": 155,
                    "id": "s0-t25"
                },
                {
                    "begin": 156,
                    "text": "to",
                    "end": 158,
                    "id": "s0-t26"
                },
                {
                    "begin": 159,
                    "text": "devise",
                    "end": 165,
                    "id": "s0-t27"
                },
                {
                    "begin": 166,
                    "text": "methods",
                    "end": 173,
                    "id": "s0-t28"
                },
                {
                    "begin": 174,
                    "text": "to",
                    "end": 176,
                    "id": "s0-t29"
                },
                {
                    "begin": 177,
                    "text": "grasp",
                    "end": 182,
                    "id": "s0-t30"
                },
                {
                    "begin": 183,
                    "text": "the",
                    "end": 186,
                    "id": "s0-t31"
                },
                {
                    "begin": 187,
                    "text": "global",
                    "end": 193,
                    "id": "s0-t32"
                },
                {
                    "begin": 194,
                    "text": "meaning",
                    "end": 201,
                    "id": "s0-t33"
                },
                {
                    "begin": 202,
                    "text": "of",
                    "end": 204,
                    "id": "s0-t34"
                },
                {
                    "begin": 205,
                    "text": "a",
                    "end": 206,
                    "id": "s0-t35"
                },
                {
                    "begin": 207,
                    "text": "sentence",
                    "end": 215,
                    "id": "s0-t36"
                },
                {
                    "begin": 215,
                    "text": ",",
                    "end": 216,
                    "id": "s0-t37"
                },
                {
                    "begin": 217,
                    "text": "even",
                    "end": 221,
                    "id": "s0-t38"
                },
                {
                    "begin": 222,
                    "text": "if",
                    "end": 224,
                    "id": "s0-t39"
                },
                {
                    "begin": 225,
                    "text": "not",
                    "end": 228,
                    "id": "s0-t40"
                },
                {
                    "begin": 229,
                    "text": "in",
                    "end": 231,
                    "id": "s0-t41"
                },
                {
                    "begin": 232,
                    "text": "a",
                    "end": 233,
                    "id": "s0-t42"
                },
                {
                    "begin": 234,
                    "text": "precise",
                    "end": 241,
                    "id": "s0-t43"
                },
                {
                    "begin": 242,
                    "text": "way",
                    "end": 245,
                    "id": "s0-t44"
                },
                {
                    "begin": 245,
                    "text": ".",
                    "end": 246,
                    "id": "s0-t45"
                }
            ],
            "id": "s0"
        },
        {
            "begin": 246,
            "text": " Another problem with determiners is their inherent ambiguity.",
            "end": 308,
            "tokens": [
                {
                    "begin": 247,
                    "text": "Another",
                    "end": 254,
                    "id": "s1-t0"
                },
                {
                    "begin": 255,
                    "text": "problem",
                    "end": 262,
                    "id": "s1-t1"
                },
                {
                    "begin": 263,
                    "text": "with",
                    "end": 267,
                    "id": "s1-t2"
                },
                {
                    "begin": 268,
                    "text": "determiners",
                    "end": 279,
                    "id": "s1-t3"
                },
                {
                    "begin": 280,
                    "text": "is",
                    "end": 282,
                    "id": "s1-t4"
                },
                {
                    "begin": 283,
                    "text": "their",
                    "end": 288,
                    "id": "s1-t5"
                },
                {
                    "begin": 289,
                    "text": "inherent",
                    "end": 297,
                    "id": "s1-t6"
                },
                {
                    "begin": 298,
                    "text": "ambiguity",
                    "end": 307,
                    "id": "s1-t7"
                },
                {
                    "begin": 307,
                    "text": ".",
                    "end": 308,
                    "id": "s1-t8"
                }
            ],
            "id": "s1"
        },
        {
            "begin": 308,
            "text": " In this paper we propose a logical formalism, which, among other things, is suitable for representing determiners without forcing a particular interpretation when their meaning is still not clear.",
            "end": 505,
            "tokens": [
                {
                    "begin": 309,
                    "text": "In",
                    "end": 311,
                    "id": "s2-t0"
                },
                {
                    "begin": 312,
                    "text": "this",
                    "end": 316,
                    "id": "s2-t1"
                },
                {
                    "begin": 317,
                    "text": "paper",
                    "end": 322,
                    "id": "s2-t2"
                },
                {
                    "begin": 323,
                    "text": "we",
                    "end": 325,
                    "id": "s2-t3"
                },
                {
                    "begin": 326,
                    "text": "propose",
                    "end": 333,
                    "id": "s2-t4"
                },
                {
                    "begin": 334,
                    "text": "a",
                    "end": 335,
                    "id": "s2-t5"
                },
                {
                    "begin": 336,
                    "text": "logical",
                    "end": 343,
                    "id": "s2-t6"
                },
                {
                    "begin": 344,
                    "text": "formalism",
                    "end": 353,
                    "id": "s2-t7"
                },
                {
                    "begin": 353,
                    "text": ",",
                    "end": 354,
                    "id": "s2-t8"
                },
                {
                    "begin": 355,
                    "text": "which",
                    "end": 360,
                    "id": "s2-t9"
                },
                {
                    "begin": 360,
                    "text": ",",
                    "end": 361,
                    "id": "s2-t10"
                },
                {
                    "begin": 362,
                    "text": "among",
                    "end": 367,
                    "id": "s2-t11"
                },
                {
                    "begin": 368,
                    "text": "other",
                    "end": 373,
                    "id": "s2-t12"
                },
                {
                    "begin": 374,
                    "text": "things",
                    "end": 380,
                    "id": "s2-t13"
                },
                {
                    "begin": 380,
                    "text": ",",
                    "end": 381,
                    "id": "s2-t14"
                },
                {
                    "begin": 382,
                    "text": "is",
                    "end": 384,
                    "id": "s2-t15"
                },
                {
                    "begin": 385,
                    "text": "suitable",
                    "end": 393,
                    "id": "s2-t16"
                },
                {
                    "begin": 394,
                    "text": "for",
                    "end": 397,
                    "id": "s2-t17"
                },
                {
                    "begin": 398,
                    "text": "representing",
                    "end": 410,
                    "id": "s2-t18"
                },
                {
                    "begin": 411,
                    "text": "determiners",
                    "end": 422,
                    "id": "s2-t19"
                },
                {
                    "begin": 423,
                    "text": "without",
                    "end": 430,
                    "id": "s2-t20"
                },
                {
                    "begin": 431,
                    "text": "forcing",
                    "end": 438,
                    "id": "s2-t21"
                },
                {
                    "begin": 439,
                    "text": "a",
                    "end": 440,
                    "id": "s2-t22"
                },
                {
                    "begin": 441,
                    "text": "particular",
                    "end": 451,
                    "id": "s2-t23"
                },
                {
                    "begin": 452,
                    "text": "interpretation",
                    "end": 466,
                    "id": "s2-t24"
                },
                {
                    "begin": 467,
                    "text": "when",
                    "end": 471,
                    "id": "s2-t25"
                },
                {
                    "begin": 472,
                    "text": "their",
                    "end": 477,
                    "id": "s2-t26"
                },
                {
                    "begin": 478,
                    "text": "meaning",
                    "end": 485,
                    "id": "s2-t27"
                },
                {
                    "begin": 486,
                    "text": "is",
                    "end": 488,
                    "id": "s2-t28"
                },
                {
                    "begin": 489,
                    "text": "still",
                    "end": 494,
                    "id": "s2-t29"
                },
                {
                    "begin": 495,
                    "text": "not",
                    "end": 498,
                    "id": "s2-t30"
                },
                {
                    "begin": 499,
                    "text": "clear",
                    "end": 504,
                    "id": "s2-t31"
                },
                {
                    "begin": 504,
                    "text": ".",
                    "end": 505,
                    "id": "s2-t32"
                }
            ],
            "id": "s2"
        }
    ],
    "text": "Determiners play an important role in conveying the meaning of an utterance, but they have often been disregarded, perhaps because it seemed more important to devise methods to grasp the global meaning of a sentence, even if not in a precise way. Another problem with determiners is their inherent ambiguity. In this paper we propose a logical formalism, which, among other things, is suitable for representing determiners without forcing a particular interpretation when their meaning is still not clear.",
    "id": "112a0f8a-ee6a-4e05-ae2b-7aa9b1b839f2"
}