{
    "mentions": [
        {
            "begin": 22,
            "id": "m0",
            "end": 73,
            "type": "Method",
            "text": "phrase-based statistical machine translation method"
        },
        {
            "begin": 84,
            "id": "m1",
            "end": 106,
            "type": "Material",
            "text": "non-contiguous phrases"
        },
        {
            "begin": 134,
            "id": "m2",
            "end": 140,
            "type": "Generic",
            "text": "method"
        },
        {
            "begin": 160,
            "id": "m3",
            "end": 167,
            "type": "Generic",
            "text": "phrases"
        },
        {
            "begin": 175,
            "id": "m4",
            "end": 195,
            "type": "Material",
            "text": "word-aligned corpora"
        },
        {
            "begin": 211,
            "id": "m5",
            "end": 240,
            "type": "Method",
            "text": "statistical translation model"
        },
        {
            "begin": 275,
            "id": "m6",
            "end": 282,
            "type": "Generic",
            "text": "phrases"
        },
        {
            "begin": 297,
            "id": "m7",
            "end": 312,
            "type": "Method",
            "text": "training method"
        },
        {
            "begin": 326,
            "id": "m8",
            "end": 362,
            "type": "Metric",
            "text": "maximization of translation accuracy"
        },
        {
            "begin": 385,
            "id": "m9",
            "end": 407,
            "type": "Metric",
            "text": "NIST evaluation metric"
        },
        {
            "begin": 409,
            "id": "m10",
            "end": 421,
            "type": "OtherScientificTerm",
            "text": "Translations"
        },
        {
            "begin": 449,
            "id": "m11",
            "end": 468,
            "type": "Method",
            "text": "beam-search decoder"
        },
        {
            "begin": 540,
            "id": "m12",
            "end": 546,
            "type": "Generic",
            "text": "method"
        }
    ],
    "relations": [
        {
            "args": [
                "m1",
                "m0"
            ],
            "type": "USED-FOR",
            "id": "r0"
        },
        {
            "args": [
                "m2",
                "m3"
            ],
            "type": "USED-FOR",
            "id": "r1"
        },
        {
            "args": [
                "m4",
                "m2"
            ],
            "type": "EVALUATE-FOR",
            "id": "r2"
        },
        {
            "args": [
                "m5",
                "m6"
            ],
            "type": "USED-FOR",
            "id": "r3"
        },
        {
            "args": [
                "m8",
                "m7"
            ],
            "type": "USED-FOR",
            "id": "r4"
        },
        {
            "args": [
                "m9",
                "m5"
            ],
            "type": "EVALUATE-FOR",
            "id": "r5"
        },
        {
            "args": [
                "m11",
                "m10"
            ],
            "type": "USED-FOR",
            "id": "r6"
        }
    ],
    "sentences": [
        {
            "begin": 0,
            "text": "This paper presents a phrase-based statistical machine translation method, based on non-contiguous phrases, i.e. phrases with gaps.",
            "end": 131,
            "tokens": [
                {
                    "begin": 0,
                    "text": "This",
                    "end": 4,
                    "id": "s0-t0"
                },
                {
                    "begin": 5,
                    "text": "paper",
                    "end": 10,
                    "id": "s0-t1"
                },
                {
                    "begin": 11,
                    "text": "presents",
                    "end": 19,
                    "id": "s0-t2"
                },
                {
                    "begin": 20,
                    "text": "a",
                    "end": 21,
                    "id": "s0-t3"
                },
                {
                    "begin": 22,
                    "text": "phrase-based",
                    "end": 34,
                    "id": "s0-t4"
                },
                {
                    "begin": 35,
                    "text": "statistical",
                    "end": 46,
                    "id": "s0-t5"
                },
                {
                    "begin": 47,
                    "text": "machine",
                    "end": 54,
                    "id": "s0-t6"
                },
                {
                    "begin": 55,
                    "text": "translation",
                    "end": 66,
                    "id": "s0-t7"
                },
                {
                    "begin": 67,
                    "text": "method",
                    "end": 73,
                    "id": "s0-t8"
                },
                {
                    "begin": 73,
                    "text": ",",
                    "end": 74,
                    "id": "s0-t9"
                },
                {
                    "begin": 75,
                    "text": "based",
                    "end": 80,
                    "id": "s0-t10"
                },
                {
                    "begin": 81,
                    "text": "on",
                    "end": 83,
                    "id": "s0-t11"
                },
                {
                    "begin": 84,
                    "text": "non-contiguous",
                    "end": 98,
                    "id": "s0-t12"
                },
                {
                    "begin": 99,
                    "text": "phrases",
                    "end": 106,
                    "id": "s0-t13"
                },
                {
                    "begin": 106,
                    "text": ",",
                    "end": 107,
                    "id": "s0-t14"
                },
                {
                    "begin": 108,
                    "text": "i.e.",
                    "end": 112,
                    "id": "s0-t15"
                },
                {
                    "begin": 113,
                    "text": "phrases",
                    "end": 120,
                    "id": "s0-t16"
                },
                {
                    "begin": 121,
                    "text": "with",
                    "end": 125,
                    "id": "s0-t17"
                },
                {
                    "begin": 126,
                    "text": "gaps",
                    "end": 130,
                    "id": "s0-t18"
                },
                {
                    "begin": 130,
                    "text": ".",
                    "end": 131,
                    "id": "s0-t19"
                }
            ],
            "id": "s0"
        },
        {
            "begin": 131,
            "text": " A method for producing such phrases from a word-aligned corpora is proposed.",
            "end": 208,
            "tokens": [
                {
                    "begin": 132,
                    "text": "A",
                    "end": 133,
                    "id": "s1-t0"
                },
                {
                    "begin": 134,
                    "text": "method",
                    "end": 140,
                    "id": "s1-t1"
                },
                {
                    "begin": 141,
                    "text": "for",
                    "end": 144,
                    "id": "s1-t2"
                },
                {
                    "begin": 145,
                    "text": "producing",
                    "end": 154,
                    "id": "s1-t3"
                },
                {
                    "begin": 155,
                    "text": "such",
                    "end": 159,
                    "id": "s1-t4"
                },
                {
                    "begin": 160,
                    "text": "phrases",
                    "end": 167,
                    "id": "s1-t5"
                },
                {
                    "begin": 168,
                    "text": "from",
                    "end": 172,
                    "id": "s1-t6"
                },
                {
                    "begin": 173,
                    "text": "a",
                    "end": 174,
                    "id": "s1-t7"
                },
                {
                    "begin": 175,
                    "text": "word-aligned",
                    "end": 187,
                    "id": "s1-t8"
                },
                {
                    "begin": 188,
                    "text": "corpora",
                    "end": 195,
                    "id": "s1-t9"
                },
                {
                    "begin": 196,
                    "text": "is",
                    "end": 198,
                    "id": "s1-t10"
                },
                {
                    "begin": 199,
                    "text": "proposed",
                    "end": 207,
                    "id": "s1-t11"
                },
                {
                    "begin": 207,
                    "text": ".",
                    "end": 208,
                    "id": "s1-t12"
                }
            ],
            "id": "s1"
        },
        {
            "begin": 208,
            "text": " A statistical translation model is also presented that deals such phrases, as well as a training method based on the maximization of translation accuracy, as measured with the NIST evaluation metric.",
            "end": 408,
            "tokens": [
                {
                    "begin": 209,
                    "text": "A",
                    "end": 210,
                    "id": "s2-t0"
                },
                {
                    "begin": 211,
                    "text": "statistical",
                    "end": 222,
                    "id": "s2-t1"
                },
                {
                    "begin": 223,
                    "text": "translation",
                    "end": 234,
                    "id": "s2-t2"
                },
                {
                    "begin": 235,
                    "text": "model",
                    "end": 240,
                    "id": "s2-t3"
                },
                {
                    "begin": 241,
                    "text": "is",
                    "end": 243,
                    "id": "s2-t4"
                },
                {
                    "begin": 244,
                    "text": "also",
                    "end": 248,
                    "id": "s2-t5"
                },
                {
                    "begin": 249,
                    "text": "presented",
                    "end": 258,
                    "id": "s2-t6"
                },
                {
                    "begin": 259,
                    "text": "that",
                    "end": 263,
                    "id": "s2-t7"
                },
                {
                    "begin": 264,
                    "text": "deals",
                    "end": 269,
                    "id": "s2-t8"
                },
                {
                    "begin": 270,
                    "text": "such",
                    "end": 274,
                    "id": "s2-t9"
                },
                {
                    "begin": 275,
                    "text": "phrases",
                    "end": 282,
                    "id": "s2-t10"
                },
                {
                    "begin": 282,
                    "text": ",",
                    "end": 283,
                    "id": "s2-t11"
                },
                {
                    "begin": 284,
                    "text": "as",
                    "end": 286,
                    "id": "s2-t12"
                },
                {
                    "begin": 287,
                    "text": "well",
                    "end": 291,
                    "id": "s2-t13"
                },
                {
                    "begin": 292,
                    "text": "as",
                    "end": 294,
                    "id": "s2-t14"
                },
                {
                    "begin": 295,
                    "text": "a",
                    "end": 296,
                    "id": "s2-t15"
                },
                {
                    "begin": 297,
                    "text": "training",
                    "end": 305,
                    "id": "s2-t16"
                },
                {
                    "begin": 306,
                    "text": "method",
                    "end": 312,
                    "id": "s2-t17"
                },
                {
                    "begin": 313,
                    "text": "based",
                    "end": 318,
                    "id": "s2-t18"
                },
                {
                    "begin": 319,
                    "text": "on",
                    "end": 321,
                    "id": "s2-t19"
                },
                {
                    "begin": 322,
                    "text": "the",
                    "end": 325,
                    "id": "s2-t20"
                },
                {
                    "begin": 326,
                    "text": "maximization",
                    "end": 338,
                    "id": "s2-t21"
                },
                {
                    "begin": 339,
                    "text": "of",
                    "end": 341,
                    "id": "s2-t22"
                },
                {
                    "begin": 342,
                    "text": "translation",
                    "end": 353,
                    "id": "s2-t23"
                },
                {
                    "begin": 354,
                    "text": "accuracy",
                    "end": 362,
                    "id": "s2-t24"
                },
                {
                    "begin": 362,
                    "text": ",",
                    "end": 363,
                    "id": "s2-t25"
                },
                {
                    "begin": 364,
                    "text": "as",
                    "end": 366,
                    "id": "s2-t26"
                },
                {
                    "begin": 367,
                    "text": "measured",
                    "end": 375,
                    "id": "s2-t27"
                },
                {
                    "begin": 376,
                    "text": "with",
                    "end": 380,
                    "id": "s2-t28"
                },
                {
                    "begin": 381,
                    "text": "the",
                    "end": 384,
                    "id": "s2-t29"
                },
                {
                    "begin": 385,
                    "text": "NIST",
                    "end": 389,
                    "id": "s2-t30"
                },
                {
                    "begin": 390,
                    "text": "evaluation",
                    "end": 400,
                    "id": "s2-t31"
                },
                {
                    "begin": 401,
                    "text": "metric",
                    "end": 407,
                    "id": "s2-t32"
                },
                {
                    "begin": 407,
                    "text": ".",
                    "end": 408,
                    "id": "s2-t33"
                }
            ],
            "id": "s2"
        },
        {
            "begin": 408,
            "text": " Translations are produced by means of a beam-search decoder.",
            "end": 469,
            "tokens": [
                {
                    "begin": 409,
                    "text": "Translations",
                    "end": 421,
                    "id": "s3-t0"
                },
                {
                    "begin": 422,
                    "text": "are",
                    "end": 425,
                    "id": "s3-t1"
                },
                {
                    "begin": 426,
                    "text": "produced",
                    "end": 434,
                    "id": "s3-t2"
                },
                {
                    "begin": 435,
                    "text": "by",
                    "end": 437,
                    "id": "s3-t3"
                },
                {
                    "begin": 438,
                    "text": "means",
                    "end": 443,
                    "id": "s3-t4"
                },
                {
                    "begin": 444,
                    "text": "of",
                    "end": 446,
                    "id": "s3-t5"
                },
                {
                    "begin": 447,
                    "text": "a",
                    "end": 448,
                    "id": "s3-t6"
                },
                {
                    "begin": 449,
                    "text": "beam-search",
                    "end": 460,
                    "id": "s3-t7"
                },
                {
                    "begin": 461,
                    "text": "decoder",
                    "end": 468,
                    "id": "s3-t8"
                },
                {
                    "begin": 468,
                    "text": ".",
                    "end": 469,
                    "id": "s3-t9"
                }
            ],
            "id": "s3"
        },
        {
            "begin": 469,
            "text": " Experimental results are presented, that demonstrate how the proposed method allows to better generalize from the training data.",
            "end": 598,
            "tokens": [
                {
                    "begin": 470,
                    "text": "Experimental",
                    "end": 482,
                    "id": "s4-t0"
                },
                {
                    "begin": 483,
                    "text": "results",
                    "end": 490,
                    "id": "s4-t1"
                },
                {
                    "begin": 491,
                    "text": "are",
                    "end": 494,
                    "id": "s4-t2"
                },
                {
                    "begin": 495,
                    "text": "presented",
                    "end": 504,
                    "id": "s4-t3"
                },
                {
                    "begin": 504,
                    "text": ",",
                    "end": 505,
                    "id": "s4-t4"
                },
                {
                    "begin": 506,
                    "text": "that",
                    "end": 510,
                    "id": "s4-t5"
                },
                {
                    "begin": 511,
                    "text": "demonstrate",
                    "end": 522,
                    "id": "s4-t6"
                },
                {
                    "begin": 523,
                    "text": "how",
                    "end": 526,
                    "id": "s4-t7"
                },
                {
                    "begin": 527,
                    "text": "the",
                    "end": 530,
                    "id": "s4-t8"
                },
                {
                    "begin": 531,
                    "text": "proposed",
                    "end": 539,
                    "id": "s4-t9"
                },
                {
                    "begin": 540,
                    "text": "method",
                    "end": 546,
                    "id": "s4-t10"
                },
                {
                    "begin": 547,
                    "text": "allows",
                    "end": 553,
                    "id": "s4-t11"
                },
                {
                    "begin": 554,
                    "text": "to",
                    "end": 556,
                    "id": "s4-t12"
                },
                {
                    "begin": 557,
                    "text": "better",
                    "end": 563,
                    "id": "s4-t13"
                },
                {
                    "begin": 564,
                    "text": "generalize",
                    "end": 574,
                    "id": "s4-t14"
                },
                {
                    "begin": 575,
                    "text": "from",
                    "end": 579,
                    "id": "s4-t15"
                },
                {
                    "begin": 580,
                    "text": "the",
                    "end": 583,
                    "id": "s4-t16"
                },
                {
                    "begin": 584,
                    "text": "training",
                    "end": 592,
                    "id": "s4-t17"
                },
                {
                    "begin": 593,
                    "text": "data",
                    "end": 597,
                    "id": "s4-t18"
                },
                {
                    "begin": 597,
                    "text": ".",
                    "end": 598,
                    "id": "s4-t19"
                }
            ],
            "id": "s4"
        }
    ],
    "text": "This paper presents a phrase-based statistical machine translation method, based on non-contiguous phrases, i.e. phrases with gaps. A method for producing such phrases from a word-aligned corpora is proposed. A statistical translation model is also presented that deals such phrases, as well as a training method based on the maximization of translation accuracy, as measured with the NIST evaluation metric. Translations are produced by means of a beam-search decoder. Experimental results are presented, that demonstrate how the proposed method allows to better generalize from the training data.",
    "id": "73704cc9-fd32-499e-a3a9-f542fe3404cb"
}