{
    "mentions": [
        {
            "begin": 4,
            "id": "m0",
            "end": 25,
            "type": "OtherScientificTerm",
            "text": "co-occurrence pattern"
        },
        {
            "begin": 44,
            "id": "m1",
            "end": 68,
            "type": "OtherScientificTerm",
            "text": "binary or local features"
        },
        {
            "begin": 150,
            "id": "m2",
            "end": 187,
            "type": "Task",
            "text": "object, scene, and action recognition"
        },
        {
            "begin": 213,
            "id": "m3",
            "end": 235,
            "type": "OtherScientificTerm",
            "text": "co-occurrence patterns"
        },
        {
            "begin": 278,
            "id": "m4",
            "end": 347,
            "type": "OtherScientificTerm",
            "text": "conjunction-LRB-AND-RRB-and disjunction-LRB-OR-RRB-of binary features"
        },
        {
            "begin": 376,
            "id": "m5",
            "end": 425,
            "type": "Task",
            "text": "identifying discriminative co-occurrence patterns"
        },
        {
            "begin": 471,
            "id": "m6",
            "end": 489,
            "type": "Method",
            "text": "data mining method"
        },
        {
            "begin": 518,
            "id": "m7",
            "end": 547,
            "type": "OtherScientificTerm",
            "text": "optimal co-occurrence pattern"
        },
        {
            "begin": 553,
            "id": "m8",
            "end": 576,
            "type": "OtherScientificTerm",
            "text": "minimum empirical error"
        },
        {
            "begin": 590,
            "id": "m9",
            "end": 612,
            "type": "Material",
            "text": "noisy training dataset"
        },
        {
            "begin": 619,
            "id": "m10",
            "end": 635,
            "type": "Generic",
            "text": "mining procedure"
        },
        {
            "begin": 639,
            "id": "m11",
            "end": 658,
            "type": "OtherScientificTerm",
            "text": "AND and OR patterns"
        },
        {
            "begin": 684,
            "id": "m12",
            "end": 692,
            "type": "Method",
            "text": "boosting"
        },
        {
            "begin": 713,
            "id": "m13",
            "end": 735,
            "type": "Metric",
            "text": "generalization ability"
        },
        {
            "begin": 758,
            "id": "m14",
            "end": 781,
            "type": "Method",
            "text": "boosting decision trees"
        },
        {
            "begin": 786,
            "id": "m15",
            "end": 810,
            "type": "Method",
            "text": "boosting decision stumps"
        },
        {
            "begin": 841,
            "id": "m16",
            "end": 882,
            "type": "Task",
            "text": "object, scene, and action cat-egorization"
        },
        {
            "begin": 925,
            "id": "m17",
            "end": 963,
            "type": "OtherScientificTerm",
            "text": "dis-criminative co-occurrence patterns"
        }
    ],
    "relations": [
        {
            "args": [
                "m0",
                "m2"
            ],
            "type": "USED-FOR",
            "id": "r0"
        },
        {
            "args": [
                "m1",
                "m0"
            ],
            "type": "PART-OF",
            "id": "r1"
        },
        {
            "args": [
                "m6",
                "m7"
            ],
            "type": "USED-FOR",
            "id": "r2"
        },
        {
            "args": [
                "m8",
                "m7"
            ],
            "type": "FEATURE-OF",
            "id": "r3"
        },
        {
            "args": [
                "m9",
                "m6"
            ],
            "type": "USED-FOR",
            "id": "r4"
        },
        {
            "args": [
                "m10",
                "m11"
            ],
            "type": "USED-FOR",
            "id": "r5"
        },
        {
            "args": [
                "m11",
                "m12"
            ],
            "type": "PART-OF",
            "id": "r6"
        },
        {
            "args": [
                "m12",
                "m14"
            ],
            "type": "COMPARE",
            "id": "r7"
        },
        {
            "args": [
                "m12",
                "m15"
            ],
            "type": "COMPARE",
            "id": "r8"
        },
        {
            "args": [
                "m13",
                "m12"
            ],
            "type": "EVALUATE-FOR",
            "id": "r9"
        },
        {
            "args": [
                "m13",
                "m14"
            ],
            "type": "EVALUATE-FOR",
            "id": "r10"
        },
        {
            "args": [
                "m13",
                "m15"
            ],
            "type": "EVALUATE-FOR",
            "id": "r11"
        },
        {
            "args": [
                "m14",
                "m15"
            ],
            "type": "CONJUNCTION",
            "id": "r12"
        },
        {
            "args": [
                "m16",
                "m17"
            ],
            "type": "EVALUATE-FOR",
            "id": "r13"
        }
    ],
    "sentences": [
        {
            "begin": 0,
            "text": "The co-occurrence pattern, a combination of binary or local features, is more discriminative than individual features and has shown its advantages in object, scene, and action recognition.",
            "end": 188,
            "tokens": [
                {
                    "begin": 0,
                    "text": "The",
                    "end": 3,
                    "id": "s0-t0"
                },
                {
                    "begin": 4,
                    "text": "co-occurrence",
                    "end": 17,
                    "id": "s0-t1"
                },
                {
                    "begin": 18,
                    "text": "pattern",
                    "end": 25,
                    "id": "s0-t2"
                },
                {
                    "begin": 25,
                    "text": ",",
                    "end": 26,
                    "id": "s0-t3"
                },
                {
                    "begin": 27,
                    "text": "a",
                    "end": 28,
                    "id": "s0-t4"
                },
                {
                    "begin": 29,
                    "text": "combination",
                    "end": 40,
                    "id": "s0-t5"
                },
                {
                    "begin": 41,
                    "text": "of",
                    "end": 43,
                    "id": "s0-t6"
                },
                {
                    "begin": 44,
                    "text": "binary",
                    "end": 50,
                    "id": "s0-t7"
                },
                {
                    "begin": 51,
                    "text": "or",
                    "end": 53,
                    "id": "s0-t8"
                },
                {
                    "begin": 54,
                    "text": "local",
                    "end": 59,
                    "id": "s0-t9"
                },
                {
                    "begin": 60,
                    "text": "features",
                    "end": 68,
                    "id": "s0-t10"
                },
                {
                    "begin": 68,
                    "text": ",",
                    "end": 69,
                    "id": "s0-t11"
                },
                {
                    "begin": 70,
                    "text": "is",
                    "end": 72,
                    "id": "s0-t12"
                },
                {
                    "begin": 73,
                    "text": "more",
                    "end": 77,
                    "id": "s0-t13"
                },
                {
                    "begin": 78,
                    "text": "discriminative",
                    "end": 92,
                    "id": "s0-t14"
                },
                {
                    "begin": 93,
                    "text": "than",
                    "end": 97,
                    "id": "s0-t15"
                },
                {
                    "begin": 98,
                    "text": "individual",
                    "end": 108,
                    "id": "s0-t16"
                },
                {
                    "begin": 109,
                    "text": "features",
                    "end": 117,
                    "id": "s0-t17"
                },
                {
                    "begin": 118,
                    "text": "and",
                    "end": 121,
                    "id": "s0-t18"
                },
                {
                    "begin": 122,
                    "text": "has",
                    "end": 125,
                    "id": "s0-t19"
                },
                {
                    "begin": 126,
                    "text": "shown",
                    "end": 131,
                    "id": "s0-t20"
                },
                {
                    "begin": 132,
                    "text": "its",
                    "end": 135,
                    "id": "s0-t21"
                },
                {
                    "begin": 136,
                    "text": "advantages",
                    "end": 146,
                    "id": "s0-t22"
                },
                {
                    "begin": 147,
                    "text": "in",
                    "end": 149,
                    "id": "s0-t23"
                },
                {
                    "begin": 150,
                    "text": "object",
                    "end": 156,
                    "id": "s0-t24"
                },
                {
                    "begin": 156,
                    "text": ",",
                    "end": 157,
                    "id": "s0-t25"
                },
                {
                    "begin": 158,
                    "text": "scene",
                    "end": 163,
                    "id": "s0-t26"
                },
                {
                    "begin": 163,
                    "text": ",",
                    "end": 164,
                    "id": "s0-t27"
                },
                {
                    "begin": 165,
                    "text": "and",
                    "end": 168,
                    "id": "s0-t28"
                },
                {
                    "begin": 169,
                    "text": "action",
                    "end": 175,
                    "id": "s0-t29"
                },
                {
                    "begin": 176,
                    "text": "recognition",
                    "end": 187,
                    "id": "s0-t30"
                },
                {
                    "begin": 187,
                    "text": ".",
                    "end": 188,
                    "id": "s0-t31"
                }
            ],
            "id": "s0"
        },
        {
            "begin": 188,
            "text": " We discuss two types of co-occurrence patterns that are complementary to each other, the conjunction-LRB-AND-RRB-and disjunction-LRB-OR-RRB-of binary features.",
            "end": 348,
            "tokens": [
                {
                    "begin": 189,
                    "text": "We",
                    "end": 191,
                    "id": "s1-t0"
                },
                {
                    "begin": 192,
                    "text": "discuss",
                    "end": 199,
                    "id": "s1-t1"
                },
                {
                    "begin": 200,
                    "text": "two",
                    "end": 203,
                    "id": "s1-t2"
                },
                {
                    "begin": 204,
                    "text": "types",
                    "end": 209,
                    "id": "s1-t3"
                },
                {
                    "begin": 210,
                    "text": "of",
                    "end": 212,
                    "id": "s1-t4"
                },
                {
                    "begin": 213,
                    "text": "co-occurrence",
                    "end": 226,
                    "id": "s1-t5"
                },
                {
                    "begin": 227,
                    "text": "patterns",
                    "end": 235,
                    "id": "s1-t6"
                },
                {
                    "begin": 236,
                    "text": "that",
                    "end": 240,
                    "id": "s1-t7"
                },
                {
                    "begin": 241,
                    "text": "are",
                    "end": 244,
                    "id": "s1-t8"
                },
                {
                    "begin": 245,
                    "text": "complementary",
                    "end": 258,
                    "id": "s1-t9"
                },
                {
                    "begin": 259,
                    "text": "to",
                    "end": 261,
                    "id": "s1-t10"
                },
                {
                    "begin": 262,
                    "text": "each",
                    "end": 266,
                    "id": "s1-t11"
                },
                {
                    "begin": 267,
                    "text": "other",
                    "end": 272,
                    "id": "s1-t12"
                },
                {
                    "begin": 272,
                    "text": ",",
                    "end": 273,
                    "id": "s1-t13"
                },
                {
                    "begin": 274,
                    "text": "the",
                    "end": 277,
                    "id": "s1-t14"
                },
                {
                    "begin": 278,
                    "text": "conjunction",
                    "end": 289,
                    "id": "s1-t15"
                },
                {
                    "begin": 289,
                    "text": "-LRB-",
                    "end": 294,
                    "id": "s1-t16"
                },
                {
                    "begin": 294,
                    "text": "AND",
                    "end": 297,
                    "id": "s1-t17"
                },
                {
                    "begin": 297,
                    "text": "-RRB-",
                    "end": 302,
                    "id": "s1-t18"
                },
                {
                    "begin": 302,
                    "text": "and",
                    "end": 305,
                    "id": "s1-t19"
                },
                {
                    "begin": 306,
                    "text": "disjunction",
                    "end": 317,
                    "id": "s1-t20"
                },
                {
                    "begin": 317,
                    "text": "-LRB-",
                    "end": 322,
                    "id": "s1-t21"
                },
                {
                    "begin": 322,
                    "text": "OR",
                    "end": 324,
                    "id": "s1-t22"
                },
                {
                    "begin": 324,
                    "text": "-RRB-",
                    "end": 329,
                    "id": "s1-t23"
                },
                {
                    "begin": 329,
                    "text": "of",
                    "end": 331,
                    "id": "s1-t24"
                },
                {
                    "begin": 332,
                    "text": "binary",
                    "end": 338,
                    "id": "s1-t25"
                },
                {
                    "begin": 339,
                    "text": "features",
                    "end": 347,
                    "id": "s1-t26"
                },
                {
                    "begin": 347,
                    "text": ".",
                    "end": 348,
                    "id": "s1-t27"
                }
            ],
            "id": "s1"
        },
        {
            "begin": 348,
            "text": " The necessary condition of identifying discriminative co-occurrence patterns is firstly provided.",
            "end": 446,
            "tokens": [
                {
                    "begin": 349,
                    "text": "The",
                    "end": 352,
                    "id": "s2-t0"
                },
                {
                    "begin": 353,
                    "text": "necessary",
                    "end": 362,
                    "id": "s2-t1"
                },
                {
                    "begin": 363,
                    "text": "condition",
                    "end": 372,
                    "id": "s2-t2"
                },
                {
                    "begin": 373,
                    "text": "of",
                    "end": 375,
                    "id": "s2-t3"
                },
                {
                    "begin": 376,
                    "text": "identifying",
                    "end": 387,
                    "id": "s2-t4"
                },
                {
                    "begin": 388,
                    "text": "discriminative",
                    "end": 402,
                    "id": "s2-t5"
                },
                {
                    "begin": 403,
                    "text": "co-occurrence",
                    "end": 416,
                    "id": "s2-t6"
                },
                {
                    "begin": 417,
                    "text": "patterns",
                    "end": 425,
                    "id": "s2-t7"
                },
                {
                    "begin": 426,
                    "text": "is",
                    "end": 428,
                    "id": "s2-t8"
                },
                {
                    "begin": 429,
                    "text": "firstly",
                    "end": 436,
                    "id": "s2-t9"
                },
                {
                    "begin": 437,
                    "text": "provided",
                    "end": 445,
                    "id": "s2-t10"
                },
                {
                    "begin": 445,
                    "text": ".",
                    "end": 446,
                    "id": "s2-t11"
                }
            ],
            "id": "s2"
        },
        {
            "begin": 446,
            "text": " Then we propose a novel data mining method to efficiently discover the optimal co-occurrence pattern with minimum empirical error, despite the noisy training dataset.",
            "end": 613,
            "tokens": [
                {
                    "begin": 447,
                    "text": "Then",
                    "end": 451,
                    "id": "s3-t0"
                },
                {
                    "begin": 452,
                    "text": "we",
                    "end": 454,
                    "id": "s3-t1"
                },
                {
                    "begin": 455,
                    "text": "propose",
                    "end": 462,
                    "id": "s3-t2"
                },
                {
                    "begin": 463,
                    "text": "a",
                    "end": 464,
                    "id": "s3-t3"
                },
                {
                    "begin": 465,
                    "text": "novel",
                    "end": 470,
                    "id": "s3-t4"
                },
                {
                    "begin": 471,
                    "text": "data",
                    "end": 475,
                    "id": "s3-t5"
                },
                {
                    "begin": 476,
                    "text": "mining",
                    "end": 482,
                    "id": "s3-t6"
                },
                {
                    "begin": 483,
                    "text": "method",
                    "end": 489,
                    "id": "s3-t7"
                },
                {
                    "begin": 490,
                    "text": "to",
                    "end": 492,
                    "id": "s3-t8"
                },
                {
                    "begin": 493,
                    "text": "efficiently",
                    "end": 504,
                    "id": "s3-t9"
                },
                {
                    "begin": 505,
                    "text": "discover",
                    "end": 513,
                    "id": "s3-t10"
                },
                {
                    "begin": 514,
                    "text": "the",
                    "end": 517,
                    "id": "s3-t11"
                },
                {
                    "begin": 518,
                    "text": "optimal",
                    "end": 525,
                    "id": "s3-t12"
                },
                {
                    "begin": 526,
                    "text": "co-occurrence",
                    "end": 539,
                    "id": "s3-t13"
                },
                {
                    "begin": 540,
                    "text": "pattern",
                    "end": 547,
                    "id": "s3-t14"
                },
                {
                    "begin": 548,
                    "text": "with",
                    "end": 552,
                    "id": "s3-t15"
                },
                {
                    "begin": 553,
                    "text": "minimum",
                    "end": 560,
                    "id": "s3-t16"
                },
                {
                    "begin": 561,
                    "text": "empirical",
                    "end": 570,
                    "id": "s3-t17"
                },
                {
                    "begin": 571,
                    "text": "error",
                    "end": 576,
                    "id": "s3-t18"
                },
                {
                    "begin": 576,
                    "text": ",",
                    "end": 577,
                    "id": "s3-t19"
                },
                {
                    "begin": 578,
                    "text": "despite",
                    "end": 585,
                    "id": "s3-t20"
                },
                {
                    "begin": 586,
                    "text": "the",
                    "end": 589,
                    "id": "s3-t21"
                },
                {
                    "begin": 590,
                    "text": "noisy",
                    "end": 595,
                    "id": "s3-t22"
                },
                {
                    "begin": 596,
                    "text": "training",
                    "end": 604,
                    "id": "s3-t23"
                },
                {
                    "begin": 605,
                    "text": "dataset",
                    "end": 612,
                    "id": "s3-t24"
                },
                {
                    "begin": 612,
                    "text": ".",
                    "end": 613,
                    "id": "s3-t25"
                }
            ],
            "id": "s3"
        },
        {
            "begin": 613,
            "text": " This mining procedure of AND and OR patterns is readily integrated to boosting, which improves the generalization ability over the conventional boosting decision trees and boosting decision stumps.",
            "end": 811,
            "tokens": [
                {
                    "begin": 614,
                    "text": "This",
                    "end": 618,
                    "id": "s4-t0"
                },
                {
                    "begin": 619,
                    "text": "mining",
                    "end": 625,
                    "id": "s4-t1"
                },
                {
                    "begin": 626,
                    "text": "procedure",
                    "end": 635,
                    "id": "s4-t2"
                },
                {
                    "begin": 636,
                    "text": "of",
                    "end": 638,
                    "id": "s4-t3"
                },
                {
                    "begin": 639,
                    "text": "AND",
                    "end": 642,
                    "id": "s4-t4"
                },
                {
                    "begin": 643,
                    "text": "and",
                    "end": 646,
                    "id": "s4-t5"
                },
                {
                    "begin": 647,
                    "text": "OR",
                    "end": 649,
                    "id": "s4-t6"
                },
                {
                    "begin": 650,
                    "text": "patterns",
                    "end": 658,
                    "id": "s4-t7"
                },
                {
                    "begin": 659,
                    "text": "is",
                    "end": 661,
                    "id": "s4-t8"
                },
                {
                    "begin": 662,
                    "text": "readily",
                    "end": 669,
                    "id": "s4-t9"
                },
                {
                    "begin": 670,
                    "text": "integrated",
                    "end": 680,
                    "id": "s4-t10"
                },
                {
                    "begin": 681,
                    "text": "to",
                    "end": 683,
                    "id": "s4-t11"
                },
                {
                    "begin": 684,
                    "text": "boosting",
                    "end": 692,
                    "id": "s4-t12"
                },
                {
                    "begin": 692,
                    "text": ",",
                    "end": 693,
                    "id": "s4-t13"
                },
                {
                    "begin": 694,
                    "text": "which",
                    "end": 699,
                    "id": "s4-t14"
                },
                {
                    "begin": 700,
                    "text": "improves",
                    "end": 708,
                    "id": "s4-t15"
                },
                {
                    "begin": 709,
                    "text": "the",
                    "end": 712,
                    "id": "s4-t16"
                },
                {
                    "begin": 713,
                    "text": "generalization",
                    "end": 727,
                    "id": "s4-t17"
                },
                {
                    "begin": 728,
                    "text": "ability",
                    "end": 735,
                    "id": "s4-t18"
                },
                {
                    "begin": 736,
                    "text": "over",
                    "end": 740,
                    "id": "s4-t19"
                },
                {
                    "begin": 741,
                    "text": "the",
                    "end": 744,
                    "id": "s4-t20"
                },
                {
                    "begin": 745,
                    "text": "conventional",
                    "end": 757,
                    "id": "s4-t21"
                },
                {
                    "begin": 758,
                    "text": "boosting",
                    "end": 766,
                    "id": "s4-t22"
                },
                {
                    "begin": 767,
                    "text": "decision",
                    "end": 775,
                    "id": "s4-t23"
                },
                {
                    "begin": 776,
                    "text": "trees",
                    "end": 781,
                    "id": "s4-t24"
                },
                {
                    "begin": 782,
                    "text": "and",
                    "end": 785,
                    "id": "s4-t25"
                },
                {
                    "begin": 786,
                    "text": "boosting",
                    "end": 794,
                    "id": "s4-t26"
                },
                {
                    "begin": 795,
                    "text": "decision",
                    "end": 803,
                    "id": "s4-t27"
                },
                {
                    "begin": 804,
                    "text": "stumps",
                    "end": 810,
                    "id": "s4-t28"
                },
                {
                    "begin": 810,
                    "text": ".",
                    "end": 811,
                    "id": "s4-t29"
                }
            ],
            "id": "s4"
        },
        {
            "begin": 811,
            "text": " Our versatile experiments on object, scene, and action cat-egorization validate the advantages of the discovered dis-criminative co-occurrence patterns.",
            "end": 964,
            "tokens": [
                {
                    "begin": 812,
                    "text": "Our",
                    "end": 815,
                    "id": "s5-t0"
                },
                {
                    "begin": 816,
                    "text": "versatile",
                    "end": 825,
                    "id": "s5-t1"
                },
                {
                    "begin": 826,
                    "text": "experiments",
                    "end": 837,
                    "id": "s5-t2"
                },
                {
                    "begin": 838,
                    "text": "on",
                    "end": 840,
                    "id": "s5-t3"
                },
                {
                    "begin": 841,
                    "text": "object",
                    "end": 847,
                    "id": "s5-t4"
                },
                {
                    "begin": 847,
                    "text": ",",
                    "end": 848,
                    "id": "s5-t5"
                },
                {
                    "begin": 849,
                    "text": "scene",
                    "end": 854,
                    "id": "s5-t6"
                },
                {
                    "begin": 854,
                    "text": ",",
                    "end": 855,
                    "id": "s5-t7"
                },
                {
                    "begin": 856,
                    "text": "and",
                    "end": 859,
                    "id": "s5-t8"
                },
                {
                    "begin": 860,
                    "text": "action",
                    "end": 866,
                    "id": "s5-t9"
                },
                {
                    "begin": 867,
                    "text": "cat-egorization",
                    "end": 882,
                    "id": "s5-t10"
                },
                {
                    "begin": 883,
                    "text": "validate",
                    "end": 891,
                    "id": "s5-t11"
                },
                {
                    "begin": 892,
                    "text": "the",
                    "end": 895,
                    "id": "s5-t12"
                },
                {
                    "begin": 896,
                    "text": "advantages",
                    "end": 906,
                    "id": "s5-t13"
                },
                {
                    "begin": 907,
                    "text": "of",
                    "end": 909,
                    "id": "s5-t14"
                },
                {
                    "begin": 910,
                    "text": "the",
                    "end": 913,
                    "id": "s5-t15"
                },
                {
                    "begin": 914,
                    "text": "discovered",
                    "end": 924,
                    "id": "s5-t16"
                },
                {
                    "begin": 925,
                    "text": "dis-criminative",
                    "end": 940,
                    "id": "s5-t17"
                },
                {
                    "begin": 941,
                    "text": "co-occurrence",
                    "end": 954,
                    "id": "s5-t18"
                },
                {
                    "begin": 955,
                    "text": "patterns",
                    "end": 963,
                    "id": "s5-t19"
                },
                {
                    "begin": 963,
                    "text": ".",
                    "end": 964,
                    "id": "s5-t20"
                }
            ],
            "id": "s5"
        }
    ],
    "text": "The co-occurrence pattern, a combination of binary or local features, is more discriminative than individual features and has shown its advantages in object, scene, and action recognition. We discuss two types of co-occurrence patterns that are complementary to each other, the conjunction-LRB-AND-RRB-and disjunction-LRB-OR-RRB-of binary features. The necessary condition of identifying discriminative co-occurrence patterns is firstly provided. Then we propose a novel data mining method to efficiently discover the optimal co-occurrence pattern with minimum empirical error, despite the noisy training dataset. This mining procedure of AND and OR patterns is readily integrated to boosting, which improves the generalization ability over the conventional boosting decision trees and boosting decision stumps. Our versatile experiments on object, scene, and action cat-egorization validate the advantages of the discovered dis-criminative co-occurrence patterns.",
    "id": "e84d1c81-9737-443b-915c-d19c2364d36d"
}