{
    "mentions": [
        {
            "begin": 20,
            "id": "m0",
            "end": 39,
            "type": "Generic",
            "text": "computational model"
        },
        {
            "begin": 121,
            "id": "m1",
            "end": 135,
            "type": "Task",
            "text": "discourse task"
        },
        {
            "begin": 199,
            "id": "m2",
            "end": 204,
            "type": "Generic",
            "text": "model"
        },
        {
            "begin": 222,
            "id": "m3",
            "end": 229,
            "type": "Generic",
            "text": "program"
        },
        {
            "begin": 231,
            "id": "m4",
            "end": 234,
            "type": "Method",
            "text": "APT"
        },
        {
            "begin": 308,
            "id": "m5",
            "end": 347,
            "type": "Method",
            "text": "organizational and discourse strategies"
        }
    ],
    "relations": [
        {
            "args": [
                "m0",
                "m1"
            ],
            "type": "USED-FOR",
            "id": "r0"
        },
        {
            "args": [
                "m2",
                "m3"
            ],
            "type": "PART-OF",
            "id": "r1"
        },
        {
            "args": [
                "m5",
                "m4"
            ],
            "type": "USED-FOR",
            "id": "r2"
        }
    ],
    "sentences": [
        {
            "begin": 0,
            "text": "We have developed a computational model of the process of describing the layout of an apartment or house, a much-studied discourse task first characterized linguistically by Linde-LRB-1974-RRB-.",
            "end": 194,
            "tokens": [
                {
                    "begin": 0,
                    "text": "We",
                    "end": 2,
                    "id": "s0-t0"
                },
                {
                    "begin": 3,
                    "text": "have",
                    "end": 7,
                    "id": "s0-t1"
                },
                {
                    "begin": 8,
                    "text": "developed",
                    "end": 17,
                    "id": "s0-t2"
                },
                {
                    "begin": 18,
                    "text": "a",
                    "end": 19,
                    "id": "s0-t3"
                },
                {
                    "begin": 20,
                    "text": "computational",
                    "end": 33,
                    "id": "s0-t4"
                },
                {
                    "begin": 34,
                    "text": "model",
                    "end": 39,
                    "id": "s0-t5"
                },
                {
                    "begin": 40,
                    "text": "of",
                    "end": 42,
                    "id": "s0-t6"
                },
                {
                    "begin": 43,
                    "text": "the",
                    "end": 46,
                    "id": "s0-t7"
                },
                {
                    "begin": 47,
                    "text": "process",
                    "end": 54,
                    "id": "s0-t8"
                },
                {
                    "begin": 55,
                    "text": "of",
                    "end": 57,
                    "id": "s0-t9"
                },
                {
                    "begin": 58,
                    "text": "describing",
                    "end": 68,
                    "id": "s0-t10"
                },
                {
                    "begin": 69,
                    "text": "the",
                    "end": 72,
                    "id": "s0-t11"
                },
                {
                    "begin": 73,
                    "text": "layout",
                    "end": 79,
                    "id": "s0-t12"
                },
                {
                    "begin": 80,
                    "text": "of",
                    "end": 82,
                    "id": "s0-t13"
                },
                {
                    "begin": 83,
                    "text": "an",
                    "end": 85,
                    "id": "s0-t14"
                },
                {
                    "begin": 86,
                    "text": "apartment",
                    "end": 95,
                    "id": "s0-t15"
                },
                {
                    "begin": 96,
                    "text": "or",
                    "end": 98,
                    "id": "s0-t16"
                },
                {
                    "begin": 99,
                    "text": "house",
                    "end": 104,
                    "id": "s0-t17"
                },
                {
                    "begin": 104,
                    "text": ",",
                    "end": 105,
                    "id": "s0-t18"
                },
                {
                    "begin": 106,
                    "text": "a",
                    "end": 107,
                    "id": "s0-t19"
                },
                {
                    "begin": 108,
                    "text": "much-studied",
                    "end": 120,
                    "id": "s0-t20"
                },
                {
                    "begin": 121,
                    "text": "discourse",
                    "end": 130,
                    "id": "s0-t21"
                },
                {
                    "begin": 131,
                    "text": "task",
                    "end": 135,
                    "id": "s0-t22"
                },
                {
                    "begin": 136,
                    "text": "first",
                    "end": 141,
                    "id": "s0-t23"
                },
                {
                    "begin": 142,
                    "text": "characterized",
                    "end": 155,
                    "id": "s0-t24"
                },
                {
                    "begin": 156,
                    "text": "linguistically",
                    "end": 170,
                    "id": "s0-t25"
                },
                {
                    "begin": 171,
                    "text": "by",
                    "end": 173,
                    "id": "s0-t26"
                },
                {
                    "begin": 174,
                    "text": "Linde",
                    "end": 179,
                    "id": "s0-t27"
                },
                {
                    "begin": 179,
                    "text": "-LRB-",
                    "end": 184,
                    "id": "s0-t28"
                },
                {
                    "begin": 184,
                    "text": "1974",
                    "end": 188,
                    "id": "s0-t29"
                },
                {
                    "begin": 188,
                    "text": "-RRB-",
                    "end": 193,
                    "id": "s0-t30"
                },
                {
                    "begin": 193,
                    "text": ".",
                    "end": 194,
                    "id": "s0-t31"
                }
            ],
            "id": "s0"
        },
        {
            "begin": 194,
            "text": " The model is embodied in a program, APT, that can reproduce segments of actual tape-recorded descriptions, using organizational and discourse strategies derived through analysis of our corpus.",
            "end": 387,
            "tokens": [
                {
                    "begin": 195,
                    "text": "The",
                    "end": 198,
                    "id": "s1-t0"
                },
                {
                    "begin": 199,
                    "text": "model",
                    "end": 204,
                    "id": "s1-t1"
                },
                {
                    "begin": 205,
                    "text": "is",
                    "end": 207,
                    "id": "s1-t2"
                },
                {
                    "begin": 208,
                    "text": "embodied",
                    "end": 216,
                    "id": "s1-t3"
                },
                {
                    "begin": 217,
                    "text": "in",
                    "end": 219,
                    "id": "s1-t4"
                },
                {
                    "begin": 220,
                    "text": "a",
                    "end": 221,
                    "id": "s1-t5"
                },
                {
                    "begin": 222,
                    "text": "program",
                    "end": 229,
                    "id": "s1-t6"
                },
                {
                    "begin": 229,
                    "text": ",",
                    "end": 230,
                    "id": "s1-t7"
                },
                {
                    "begin": 231,
                    "text": "APT",
                    "end": 234,
                    "id": "s1-t8"
                },
                {
                    "begin": 234,
                    "text": ",",
                    "end": 235,
                    "id": "s1-t9"
                },
                {
                    "begin": 236,
                    "text": "that",
                    "end": 240,
                    "id": "s1-t10"
                },
                {
                    "begin": 241,
                    "text": "can",
                    "end": 244,
                    "id": "s1-t11"
                },
                {
                    "begin": 245,
                    "text": "reproduce",
                    "end": 254,
                    "id": "s1-t12"
                },
                {
                    "begin": 255,
                    "text": "segments",
                    "end": 263,
                    "id": "s1-t13"
                },
                {
                    "begin": 264,
                    "text": "of",
                    "end": 266,
                    "id": "s1-t14"
                },
                {
                    "begin": 267,
                    "text": "actual",
                    "end": 273,
                    "id": "s1-t15"
                },
                {
                    "begin": 274,
                    "text": "tape-recorded",
                    "end": 287,
                    "id": "s1-t16"
                },
                {
                    "begin": 288,
                    "text": "descriptions",
                    "end": 300,
                    "id": "s1-t17"
                },
                {
                    "begin": 300,
                    "text": ",",
                    "end": 301,
                    "id": "s1-t18"
                },
                {
                    "begin": 302,
                    "text": "using",
                    "end": 307,
                    "id": "s1-t19"
                },
                {
                    "begin": 308,
                    "text": "organizational",
                    "end": 322,
                    "id": "s1-t20"
                },
                {
                    "begin": 323,
                    "text": "and",
                    "end": 326,
                    "id": "s1-t21"
                },
                {
                    "begin": 327,
                    "text": "discourse",
                    "end": 336,
                    "id": "s1-t22"
                },
                {
                    "begin": 337,
                    "text": "strategies",
                    "end": 347,
                    "id": "s1-t23"
                },
                {
                    "begin": 348,
                    "text": "derived",
                    "end": 355,
                    "id": "s1-t24"
                },
                {
                    "begin": 356,
                    "text": "through",
                    "end": 363,
                    "id": "s1-t25"
                },
                {
                    "begin": 364,
                    "text": "analysis",
                    "end": 372,
                    "id": "s1-t26"
                },
                {
                    "begin": 373,
                    "text": "of",
                    "end": 375,
                    "id": "s1-t27"
                },
                {
                    "begin": 376,
                    "text": "our",
                    "end": 379,
                    "id": "s1-t28"
                },
                {
                    "begin": 380,
                    "text": "corpus",
                    "end": 386,
                    "id": "s1-t29"
                },
                {
                    "begin": 386,
                    "text": ".",
                    "end": 387,
                    "id": "s1-t30"
                }
            ],
            "id": "s1"
        }
    ],
    "text": "We have developed a computational model of the process of describing the layout of an apartment or house, a much-studied discourse task first characterized linguistically by Linde-LRB-1974-RRB-. The model is embodied in a program, APT, that can reproduce segments of actual tape-recorded descriptions, using organizational and discourse strategies derived through analysis of our corpus.",
    "id": "a19b4c9e-a3f4-4f9d-8381-575e69edd0a7"
}