{
    "mentions": [
        {
            "begin": 20,
            "id": "m0",
            "end": 35,
            "type": "OtherScientificTerm",
            "text": "prior knowledge"
        },
        {
            "begin": 73,
            "id": "m1",
            "end": 117,
            "type": "Method",
            "text": "low-level driven image processing algorithms"
        },
        {
            "begin": 160,
            "id": "m2",
            "end": 188,
            "type": "Task",
            "text": "non-rigid image registration"
        },
        {
            "begin": 211,
            "id": "m3",
            "end": 232,
            "type": "Metric",
            "text": "registration criteria"
        },
        {
            "begin": 307,
            "id": "m4",
            "end": 333,
            "type": "Metric",
            "text": "maximum mutual information"
        },
        {
            "begin": 349,
            "id": "m5",
            "end": 358,
            "type": "Generic",
            "text": "criterion"
        },
        {
            "begin": 420,
            "id": "m6",
            "end": 422,
            "type": "Generic",
            "text": "it"
        },
        {
            "begin": 440,
            "id": "m7",
            "end": 459,
            "type": "Metric",
            "text": "low-level criterion"
        },
        {
            "begin": 479,
            "id": "m8",
            "end": 491,
            "type": "Task",
            "text": "registration"
        },
        {
            "begin": 527,
            "id": "m9",
            "end": 548,
            "type": "OtherScientificTerm",
            "text": "low-level information"
        },
        {
            "begin": 570,
            "id": "m10",
            "end": 575,
            "type": "OtherScientificTerm",
            "text": "noise"
        },
        {
            "begin": 577,
            "id": "m11",
            "end": 595,
            "type": "OtherScientificTerm",
            "text": "partial occlusions"
        },
        {
            "begin": 599,
            "id": "m12",
            "end": 622,
            "type": "OtherScientificTerm",
            "text": "missing image structure"
        },
        {
            "begin": 657,
            "id": "m13",
            "end": 675,
            "type": "Method",
            "text": "Bayesian framework"
        },
        {
            "begin": 698,
            "id": "m14",
            "end": 735,
            "type": "OtherScientificTerm",
            "text": "statistically learned prior knowledge"
        },
        {
            "begin": 746,
            "id": "m15",
            "end": 774,
            "type": "OtherScientificTerm",
            "text": "joint intensity distribution"
        },
        {
            "begin": 780,
            "id": "m16",
            "end": 806,
            "type": "Method",
            "text": "image registration methods"
        },
        {
            "begin": 812,
            "id": "m17",
            "end": 817,
            "type": "Generic",
            "text": "prior"
        },
        {
            "begin": 832,
            "id": "m18",
            "end": 855,
            "type": "Method",
            "text": "kernel density estimate"
        },
        {
            "begin": 872,
            "id": "m19",
            "end": 901,
            "type": "OtherScientificTerm",
            "text": "joint intensity distributions"
        },
        {
            "begin": 940,
            "id": "m20",
            "end": 966,
            "type": "Material",
            "text": "pre-registered image pairs"
        },
        {
            "begin": 1030,
            "id": "m21",
            "end": 1049,
            "type": "OtherScientificTerm",
            "text": "intensity relations"
        },
        {
            "begin": 1066,
            "id": "m22",
            "end": 1082,
            "type": "OtherScientificTerm",
            "text": "image modalities"
        },
        {
            "begin": 1087,
            "id": "m23",
            "end": 1102,
            "type": "OtherScientificTerm",
            "text": "slice locations"
        },
        {
            "begin": 1156,
            "id": "m24",
            "end": 1176,
            "type": "Method",
            "text": "registration process"
        },
        {
            "begin": 1195,
            "id": "m25",
            "end": 1224,
            "type": "OtherScientificTerm",
            "text": "missing low-level information"
        },
        {
            "begin": 1228,
            "id": "m26",
            "end": 1230,
            "type": "OtherScientificTerm",
            "text": "it"
        },
        {
            "begin": 1238,
            "id": "m27",
            "end": 1263,
            "type": "OtherScientificTerm",
            "text": "intensity correspondences"
        },
        {
            "begin": 1306,
            "id": "m28",
            "end": 1329,
            "type": "OtherScientificTerm",
            "text": "intensity distributions"
        }
    ],
    "relations": [
        {
            "args": [
                "m4",
                "m3"
            ],
            "type": "HYPONYM-OF",
            "id": "r0"
        },
        {
            "args": [
                "m7",
                "m6"
            ],
            "type": "FEATURE-OF",
            "id": "r1"
        },
        {
            "args": [
                "m13",
                "m16"
            ],
            "type": "USED-FOR",
            "id": "r2"
        },
        {
            "args": [
                "m14",
                "m16"
            ],
            "type": "USED-FOR",
            "id": "r3"
        },
        {
            "args": [
                "m15",
                "m14"
            ],
            "type": "FEATURE-OF",
            "id": "r4"
        },
        {
            "args": [
                "m18",
                "m17"
            ],
            "type": "USED-FOR",
            "id": "r5"
        },
        {
            "args": [
                "m18",
                "m19"
            ],
            "type": "USED-FOR",
            "id": "r6"
        },
        {
            "args": [
                "m20",
                "m19"
            ],
            "type": "USED-FOR",
            "id": "r7"
        },
        {
            "args": [
                "m24",
                "m25"
            ],
            "type": "USED-FOR",
            "id": "r8"
        },
        {
            "args": [
                "m26",
                "m27"
            ],
            "type": "USED-FOR",
            "id": "r9"
        }
    ],
    "sentences": [
        {
            "begin": 0,
            "text": "The introduction of prior knowledge has greatly enhanced numerous purely low-level driven image processing algorithms.",
            "end": 118,
            "tokens": [
                {
                    "begin": 0,
                    "text": "The",
                    "end": 3,
                    "id": "s0-t0"
                },
                {
                    "begin": 4,
                    "text": "introduction",
                    "end": 16,
                    "id": "s0-t1"
                },
                {
                    "begin": 17,
                    "text": "of",
                    "end": 19,
                    "id": "s0-t2"
                },
                {
                    "begin": 20,
                    "text": "prior",
                    "end": 25,
                    "id": "s0-t3"
                },
                {
                    "begin": 26,
                    "text": "knowledge",
                    "end": 35,
                    "id": "s0-t4"
                },
                {
                    "begin": 36,
                    "text": "has",
                    "end": 39,
                    "id": "s0-t5"
                },
                {
                    "begin": 40,
                    "text": "greatly",
                    "end": 47,
                    "id": "s0-t6"
                },
                {
                    "begin": 48,
                    "text": "enhanced",
                    "end": 56,
                    "id": "s0-t7"
                },
                {
                    "begin": 57,
                    "text": "numerous",
                    "end": 65,
                    "id": "s0-t8"
                },
                {
                    "begin": 66,
                    "text": "purely",
                    "end": 72,
                    "id": "s0-t9"
                },
                {
                    "begin": 73,
                    "text": "low-level",
                    "end": 82,
                    "id": "s0-t10"
                },
                {
                    "begin": 83,
                    "text": "driven",
                    "end": 89,
                    "id": "s0-t11"
                },
                {
                    "begin": 90,
                    "text": "image",
                    "end": 95,
                    "id": "s0-t12"
                },
                {
                    "begin": 96,
                    "text": "processing",
                    "end": 106,
                    "id": "s0-t13"
                },
                {
                    "begin": 107,
                    "text": "algorithms",
                    "end": 117,
                    "id": "s0-t14"
                },
                {
                    "begin": 117,
                    "text": ".",
                    "end": 118,
                    "id": "s0-t15"
                }
            ],
            "id": "s0"
        },
        {
            "begin": 118,
            "text": " In this work, we focus on the problem of non-rigid image registration.",
            "end": 189,
            "tokens": [
                {
                    "begin": 119,
                    "text": "In",
                    "end": 121,
                    "id": "s1-t0"
                },
                {
                    "begin": 122,
                    "text": "this",
                    "end": 126,
                    "id": "s1-t1"
                },
                {
                    "begin": 127,
                    "text": "work",
                    "end": 131,
                    "id": "s1-t2"
                },
                {
                    "begin": 131,
                    "text": ",",
                    "end": 132,
                    "id": "s1-t3"
                },
                {
                    "begin": 133,
                    "text": "we",
                    "end": 135,
                    "id": "s1-t4"
                },
                {
                    "begin": 136,
                    "text": "focus",
                    "end": 141,
                    "id": "s1-t5"
                },
                {
                    "begin": 142,
                    "text": "on",
                    "end": 144,
                    "id": "s1-t6"
                },
                {
                    "begin": 145,
                    "text": "the",
                    "end": 148,
                    "id": "s1-t7"
                },
                {
                    "begin": 149,
                    "text": "problem",
                    "end": 156,
                    "id": "s1-t8"
                },
                {
                    "begin": 157,
                    "text": "of",
                    "end": 159,
                    "id": "s1-t9"
                },
                {
                    "begin": 160,
                    "text": "non-rigid",
                    "end": 169,
                    "id": "s1-t10"
                },
                {
                    "begin": 170,
                    "text": "image",
                    "end": 175,
                    "id": "s1-t11"
                },
                {
                    "begin": 176,
                    "text": "registration",
                    "end": 188,
                    "id": "s1-t12"
                },
                {
                    "begin": 188,
                    "text": ".",
                    "end": 189,
                    "id": "s1-t13"
                }
            ],
            "id": "s1"
        },
        {
            "begin": 189,
            "text": " A number of powerful registration criteria have been developed in the last decade, most prominently the criterion of maximum mutual information.",
            "end": 334,
            "tokens": [
                {
                    "begin": 190,
                    "text": "A",
                    "end": 191,
                    "id": "s2-t0"
                },
                {
                    "begin": 192,
                    "text": "number",
                    "end": 198,
                    "id": "s2-t1"
                },
                {
                    "begin": 199,
                    "text": "of",
                    "end": 201,
                    "id": "s2-t2"
                },
                {
                    "begin": 202,
                    "text": "powerful",
                    "end": 210,
                    "id": "s2-t3"
                },
                {
                    "begin": 211,
                    "text": "registration",
                    "end": 223,
                    "id": "s2-t4"
                },
                {
                    "begin": 224,
                    "text": "criteria",
                    "end": 232,
                    "id": "s2-t5"
                },
                {
                    "begin": 233,
                    "text": "have",
                    "end": 237,
                    "id": "s2-t6"
                },
                {
                    "begin": 238,
                    "text": "been",
                    "end": 242,
                    "id": "s2-t7"
                },
                {
                    "begin": 243,
                    "text": "developed",
                    "end": 252,
                    "id": "s2-t8"
                },
                {
                    "begin": 253,
                    "text": "in",
                    "end": 255,
                    "id": "s2-t9"
                },
                {
                    "begin": 256,
                    "text": "the",
                    "end": 259,
                    "id": "s2-t10"
                },
                {
                    "begin": 260,
                    "text": "last",
                    "end": 264,
                    "id": "s2-t11"
                },
                {
                    "begin": 265,
                    "text": "decade",
                    "end": 271,
                    "id": "s2-t12"
                },
                {
                    "begin": 271,
                    "text": ",",
                    "end": 272,
                    "id": "s2-t13"
                },
                {
                    "begin": 273,
                    "text": "most",
                    "end": 277,
                    "id": "s2-t14"
                },
                {
                    "begin": 278,
                    "text": "prominently",
                    "end": 289,
                    "id": "s2-t15"
                },
                {
                    "begin": 290,
                    "text": "the",
                    "end": 293,
                    "id": "s2-t16"
                },
                {
                    "begin": 294,
                    "text": "criterion",
                    "end": 303,
                    "id": "s2-t17"
                },
                {
                    "begin": 304,
                    "text": "of",
                    "end": 306,
                    "id": "s2-t18"
                },
                {
                    "begin": 307,
                    "text": "maximum",
                    "end": 314,
                    "id": "s2-t19"
                },
                {
                    "begin": 315,
                    "text": "mutual",
                    "end": 321,
                    "id": "s2-t20"
                },
                {
                    "begin": 322,
                    "text": "information",
                    "end": 333,
                    "id": "s2-t21"
                },
                {
                    "begin": 333,
                    "text": ".",
                    "end": 334,
                    "id": "s2-t22"
                }
            ],
            "id": "s2"
        },
        {
            "begin": 334,
            "text": " Although this criterion provides for good registration results in many applications, it remains a purely low-level criterion.",
            "end": 460,
            "tokens": [
                {
                    "begin": 335,
                    "text": "Although",
                    "end": 343,
                    "id": "s3-t0"
                },
                {
                    "begin": 344,
                    "text": "this",
                    "end": 348,
                    "id": "s3-t1"
                },
                {
                    "begin": 349,
                    "text": "criterion",
                    "end": 358,
                    "id": "s3-t2"
                },
                {
                    "begin": 359,
                    "text": "provides",
                    "end": 367,
                    "id": "s3-t3"
                },
                {
                    "begin": 368,
                    "text": "for",
                    "end": 371,
                    "id": "s3-t4"
                },
                {
                    "begin": 372,
                    "text": "good",
                    "end": 376,
                    "id": "s3-t5"
                },
                {
                    "begin": 377,
                    "text": "registration",
                    "end": 389,
                    "id": "s3-t6"
                },
                {
                    "begin": 390,
                    "text": "results",
                    "end": 397,
                    "id": "s3-t7"
                },
                {
                    "begin": 398,
                    "text": "in",
                    "end": 400,
                    "id": "s3-t8"
                },
                {
                    "begin": 401,
                    "text": "many",
                    "end": 405,
                    "id": "s3-t9"
                },
                {
                    "begin": 406,
                    "text": "applications",
                    "end": 418,
                    "id": "s3-t10"
                },
                {
                    "begin": 418,
                    "text": ",",
                    "end": 419,
                    "id": "s3-t11"
                },
                {
                    "begin": 420,
                    "text": "it",
                    "end": 422,
                    "id": "s3-t12"
                },
                {
                    "begin": 423,
                    "text": "remains",
                    "end": 430,
                    "id": "s3-t13"
                },
                {
                    "begin": 431,
                    "text": "a",
                    "end": 432,
                    "id": "s3-t14"
                },
                {
                    "begin": 433,
                    "text": "purely",
                    "end": 439,
                    "id": "s3-t15"
                },
                {
                    "begin": 440,
                    "text": "low-level",
                    "end": 449,
                    "id": "s3-t16"
                },
                {
                    "begin": 450,
                    "text": "criterion",
                    "end": 459,
                    "id": "s3-t17"
                },
                {
                    "begin": 459,
                    "text": ".",
                    "end": 460,
                    "id": "s3-t18"
                }
            ],
            "id": "s3"
        },
        {
            "begin": 460,
            "text": " As a consequence, registration results will deteriorate once this low-level information is corrupted, due to noise, partial occlusions or missing image structure.",
            "end": 623,
            "tokens": [
                {
                    "begin": 461,
                    "text": "As",
                    "end": 463,
                    "id": "s4-t0"
                },
                {
                    "begin": 464,
                    "text": "a",
                    "end": 465,
                    "id": "s4-t1"
                },
                {
                    "begin": 466,
                    "text": "consequence",
                    "end": 477,
                    "id": "s4-t2"
                },
                {
                    "begin": 477,
                    "text": ",",
                    "end": 478,
                    "id": "s4-t3"
                },
                {
                    "begin": 479,
                    "text": "registration",
                    "end": 491,
                    "id": "s4-t4"
                },
                {
                    "begin": 492,
                    "text": "results",
                    "end": 499,
                    "id": "s4-t5"
                },
                {
                    "begin": 500,
                    "text": "will",
                    "end": 504,
                    "id": "s4-t6"
                },
                {
                    "begin": 505,
                    "text": "deteriorate",
                    "end": 516,
                    "id": "s4-t7"
                },
                {
                    "begin": 517,
                    "text": "once",
                    "end": 521,
                    "id": "s4-t8"
                },
                {
                    "begin": 522,
                    "text": "this",
                    "end": 526,
                    "id": "s4-t9"
                },
                {
                    "begin": 527,
                    "text": "low-level",
                    "end": 536,
                    "id": "s4-t10"
                },
                {
                    "begin": 537,
                    "text": "information",
                    "end": 548,
                    "id": "s4-t11"
                },
                {
                    "begin": 549,
                    "text": "is",
                    "end": 551,
                    "id": "s4-t12"
                },
                {
                    "begin": 552,
                    "text": "corrupted",
                    "end": 561,
                    "id": "s4-t13"
                },
                {
                    "begin": 561,
                    "text": ",",
                    "end": 562,
                    "id": "s4-t14"
                },
                {
                    "begin": 563,
                    "text": "due",
                    "end": 566,
                    "id": "s4-t15"
                },
                {
                    "begin": 567,
                    "text": "to",
                    "end": 569,
                    "id": "s4-t16"
                },
                {
                    "begin": 570,
                    "text": "noise",
                    "end": 575,
                    "id": "s4-t17"
                },
                {
                    "begin": 575,
                    "text": ",",
                    "end": 576,
                    "id": "s4-t18"
                },
                {
                    "begin": 577,
                    "text": "partial",
                    "end": 584,
                    "id": "s4-t19"
                },
                {
                    "begin": 585,
                    "text": "occlusions",
                    "end": 595,
                    "id": "s4-t20"
                },
                {
                    "begin": 596,
                    "text": "or",
                    "end": 598,
                    "id": "s4-t21"
                },
                {
                    "begin": 599,
                    "text": "missing",
                    "end": 606,
                    "id": "s4-t22"
                },
                {
                    "begin": 607,
                    "text": "image",
                    "end": 612,
                    "id": "s4-t23"
                },
                {
                    "begin": 613,
                    "text": "structure",
                    "end": 622,
                    "id": "s4-t24"
                },
                {
                    "begin": 622,
                    "text": ".",
                    "end": 623,
                    "id": "s4-t25"
                }
            ],
            "id": "s4"
        },
        {
            "begin": 623,
            "text": " In this paper, we will develop a Bayesian framework that allows to impose statistically learned prior knowledge about the joint intensity distribution into image registration methods.",
            "end": 807,
            "tokens": [
                {
                    "begin": 624,
                    "text": "In",
                    "end": 626,
                    "id": "s5-t0"
                },
                {
                    "begin": 627,
                    "text": "this",
                    "end": 631,
                    "id": "s5-t1"
                },
                {
                    "begin": 632,
                    "text": "paper",
                    "end": 637,
                    "id": "s5-t2"
                },
                {
                    "begin": 637,
                    "text": ",",
                    "end": 638,
                    "id": "s5-t3"
                },
                {
                    "begin": 639,
                    "text": "we",
                    "end": 641,
                    "id": "s5-t4"
                },
                {
                    "begin": 642,
                    "text": "will",
                    "end": 646,
                    "id": "s5-t5"
                },
                {
                    "begin": 647,
                    "text": "develop",
                    "end": 654,
                    "id": "s5-t6"
                },
                {
                    "begin": 655,
                    "text": "a",
                    "end": 656,
                    "id": "s5-t7"
                },
                {
                    "begin": 657,
                    "text": "Bayesian",
                    "end": 665,
                    "id": "s5-t8"
                },
                {
                    "begin": 666,
                    "text": "framework",
                    "end": 675,
                    "id": "s5-t9"
                },
                {
                    "begin": 676,
                    "text": "that",
                    "end": 680,
                    "id": "s5-t10"
                },
                {
                    "begin": 681,
                    "text": "allows",
                    "end": 687,
                    "id": "s5-t11"
                },
                {
                    "begin": 688,
                    "text": "to",
                    "end": 690,
                    "id": "s5-t12"
                },
                {
                    "begin": 691,
                    "text": "impose",
                    "end": 697,
                    "id": "s5-t13"
                },
                {
                    "begin": 698,
                    "text": "statistically",
                    "end": 711,
                    "id": "s5-t14"
                },
                {
                    "begin": 712,
                    "text": "learned",
                    "end": 719,
                    "id": "s5-t15"
                },
                {
                    "begin": 720,
                    "text": "prior",
                    "end": 725,
                    "id": "s5-t16"
                },
                {
                    "begin": 726,
                    "text": "knowledge",
                    "end": 735,
                    "id": "s5-t17"
                },
                {
                    "begin": 736,
                    "text": "about",
                    "end": 741,
                    "id": "s5-t18"
                },
                {
                    "begin": 742,
                    "text": "the",
                    "end": 745,
                    "id": "s5-t19"
                },
                {
                    "begin": 746,
                    "text": "joint",
                    "end": 751,
                    "id": "s5-t20"
                },
                {
                    "begin": 752,
                    "text": "intensity",
                    "end": 761,
                    "id": "s5-t21"
                },
                {
                    "begin": 762,
                    "text": "distribution",
                    "end": 774,
                    "id": "s5-t22"
                },
                {
                    "begin": 775,
                    "text": "into",
                    "end": 779,
                    "id": "s5-t23"
                },
                {
                    "begin": 780,
                    "text": "image",
                    "end": 785,
                    "id": "s5-t24"
                },
                {
                    "begin": 786,
                    "text": "registration",
                    "end": 798,
                    "id": "s5-t25"
                },
                {
                    "begin": 799,
                    "text": "methods",
                    "end": 806,
                    "id": "s5-t26"
                },
                {
                    "begin": 806,
                    "text": ".",
                    "end": 807,
                    "id": "s5-t27"
                }
            ],
            "id": "s5"
        },
        {
            "begin": 807,
            "text": " The prior is given by a kernel density estimate on the space of joint intensity distributions computed from a representative set of pre-registered image pairs.",
            "end": 967,
            "tokens": [
                {
                    "begin": 808,
                    "text": "The",
                    "end": 811,
                    "id": "s6-t0"
                },
                {
                    "begin": 812,
                    "text": "prior",
                    "end": 817,
                    "id": "s6-t1"
                },
                {
                    "begin": 818,
                    "text": "is",
                    "end": 820,
                    "id": "s6-t2"
                },
                {
                    "begin": 821,
                    "text": "given",
                    "end": 826,
                    "id": "s6-t3"
                },
                {
                    "begin": 827,
                    "text": "by",
                    "end": 829,
                    "id": "s6-t4"
                },
                {
                    "begin": 830,
                    "text": "a",
                    "end": 831,
                    "id": "s6-t5"
                },
                {
                    "begin": 832,
                    "text": "kernel",
                    "end": 838,
                    "id": "s6-t6"
                },
                {
                    "begin": 839,
                    "text": "density",
                    "end": 846,
                    "id": "s6-t7"
                },
                {
                    "begin": 847,
                    "text": "estimate",
                    "end": 855,
                    "id": "s6-t8"
                },
                {
                    "begin": 856,
                    "text": "on",
                    "end": 858,
                    "id": "s6-t9"
                },
                {
                    "begin": 859,
                    "text": "the",
                    "end": 862,
                    "id": "s6-t10"
                },
                {
                    "begin": 863,
                    "text": "space",
                    "end": 868,
                    "id": "s6-t11"
                },
                {
                    "begin": 869,
                    "text": "of",
                    "end": 871,
                    "id": "s6-t12"
                },
                {
                    "begin": 872,
                    "text": "joint",
                    "end": 877,
                    "id": "s6-t13"
                },
                {
                    "begin": 878,
                    "text": "intensity",
                    "end": 887,
                    "id": "s6-t14"
                },
                {
                    "begin": 888,
                    "text": "distributions",
                    "end": 901,
                    "id": "s6-t15"
                },
                {
                    "begin": 902,
                    "text": "computed",
                    "end": 910,
                    "id": "s6-t16"
                },
                {
                    "begin": 911,
                    "text": "from",
                    "end": 915,
                    "id": "s6-t17"
                },
                {
                    "begin": 916,
                    "text": "a",
                    "end": 917,
                    "id": "s6-t18"
                },
                {
                    "begin": 918,
                    "text": "representative",
                    "end": 932,
                    "id": "s6-t19"
                },
                {
                    "begin": 933,
                    "text": "set",
                    "end": 936,
                    "id": "s6-t20"
                },
                {
                    "begin": 937,
                    "text": "of",
                    "end": 939,
                    "id": "s6-t21"
                },
                {
                    "begin": 940,
                    "text": "pre-registered",
                    "end": 954,
                    "id": "s6-t22"
                },
                {
                    "begin": 955,
                    "text": "image",
                    "end": 960,
                    "id": "s6-t23"
                },
                {
                    "begin": 961,
                    "text": "pairs",
                    "end": 966,
                    "id": "s6-t24"
                },
                {
                    "begin": 966,
                    "text": ".",
                    "end": 967,
                    "id": "s6-t25"
                }
            ],
            "id": "s6"
        },
        {
            "begin": 967,
            "text": " This nonparametric prior accurately models previously learned intensity relations between various image modalities and slice locations.",
            "end": 1103,
            "tokens": [
                {
                    "begin": 968,
                    "text": "This",
                    "end": 972,
                    "id": "s7-t0"
                },
                {
                    "begin": 973,
                    "text": "nonparametric",
                    "end": 986,
                    "id": "s7-t1"
                },
                {
                    "begin": 987,
                    "text": "prior",
                    "end": 992,
                    "id": "s7-t2"
                },
                {
                    "begin": 993,
                    "text": "accurately",
                    "end": 1003,
                    "id": "s7-t3"
                },
                {
                    "begin": 1004,
                    "text": "models",
                    "end": 1010,
                    "id": "s7-t4"
                },
                {
                    "begin": 1011,
                    "text": "previously",
                    "end": 1021,
                    "id": "s7-t5"
                },
                {
                    "begin": 1022,
                    "text": "learned",
                    "end": 1029,
                    "id": "s7-t6"
                },
                {
                    "begin": 1030,
                    "text": "intensity",
                    "end": 1039,
                    "id": "s7-t7"
                },
                {
                    "begin": 1040,
                    "text": "relations",
                    "end": 1049,
                    "id": "s7-t8"
                },
                {
                    "begin": 1050,
                    "text": "between",
                    "end": 1057,
                    "id": "s7-t9"
                },
                {
                    "begin": 1058,
                    "text": "various",
                    "end": 1065,
                    "id": "s7-t10"
                },
                {
                    "begin": 1066,
                    "text": "image",
                    "end": 1071,
                    "id": "s7-t11"
                },
                {
                    "begin": 1072,
                    "text": "modalities",
                    "end": 1082,
                    "id": "s7-t12"
                },
                {
                    "begin": 1083,
                    "text": "and",
                    "end": 1086,
                    "id": "s7-t13"
                },
                {
                    "begin": 1087,
                    "text": "slice",
                    "end": 1092,
                    "id": "s7-t14"
                },
                {
                    "begin": 1093,
                    "text": "locations",
                    "end": 1102,
                    "id": "s7-t15"
                },
                {
                    "begin": 1102,
                    "text": ".",
                    "end": 1103,
                    "id": "s7-t16"
                }
            ],
            "id": "s7"
        },
        {
            "begin": 1103,
            "text": " Experimental results demonstrate that the resulting registration process is more robust to missing low-level information as it favors intensity correspondences statistically consistent with the learned intensity distributions.",
            "end": 1330,
            "tokens": [
                {
                    "begin": 1104,
                    "text": "Experimental",
                    "end": 1116,
                    "id": "s8-t0"
                },
                {
                    "begin": 1117,
                    "text": "results",
                    "end": 1124,
                    "id": "s8-t1"
                },
                {
                    "begin": 1125,
                    "text": "demonstrate",
                    "end": 1136,
                    "id": "s8-t2"
                },
                {
                    "begin": 1137,
                    "text": "that",
                    "end": 1141,
                    "id": "s8-t3"
                },
                {
                    "begin": 1142,
                    "text": "the",
                    "end": 1145,
                    "id": "s8-t4"
                },
                {
                    "begin": 1146,
                    "text": "resulting",
                    "end": 1155,
                    "id": "s8-t5"
                },
                {
                    "begin": 1156,
                    "text": "registration",
                    "end": 1168,
                    "id": "s8-t6"
                },
                {
                    "begin": 1169,
                    "text": "process",
                    "end": 1176,
                    "id": "s8-t7"
                },
                {
                    "begin": 1177,
                    "text": "is",
                    "end": 1179,
                    "id": "s8-t8"
                },
                {
                    "begin": 1180,
                    "text": "more",
                    "end": 1184,
                    "id": "s8-t9"
                },
                {
                    "begin": 1185,
                    "text": "robust",
                    "end": 1191,
                    "id": "s8-t10"
                },
                {
                    "begin": 1192,
                    "text": "to",
                    "end": 1194,
                    "id": "s8-t11"
                },
                {
                    "begin": 1195,
                    "text": "missing",
                    "end": 1202,
                    "id": "s8-t12"
                },
                {
                    "begin": 1203,
                    "text": "low-level",
                    "end": 1212,
                    "id": "s8-t13"
                },
                {
                    "begin": 1213,
                    "text": "information",
                    "end": 1224,
                    "id": "s8-t14"
                },
                {
                    "begin": 1225,
                    "text": "as",
                    "end": 1227,
                    "id": "s8-t15"
                },
                {
                    "begin": 1228,
                    "text": "it",
                    "end": 1230,
                    "id": "s8-t16"
                },
                {
                    "begin": 1231,
                    "text": "favors",
                    "end": 1237,
                    "id": "s8-t17"
                },
                {
                    "begin": 1238,
                    "text": "intensity",
                    "end": 1247,
                    "id": "s8-t18"
                },
                {
                    "begin": 1248,
                    "text": "correspondences",
                    "end": 1263,
                    "id": "s8-t19"
                },
                {
                    "begin": 1264,
                    "text": "statistically",
                    "end": 1277,
                    "id": "s8-t20"
                },
                {
                    "begin": 1278,
                    "text": "consistent",
                    "end": 1288,
                    "id": "s8-t21"
                },
                {
                    "begin": 1289,
                    "text": "with",
                    "end": 1293,
                    "id": "s8-t22"
                },
                {
                    "begin": 1294,
                    "text": "the",
                    "end": 1297,
                    "id": "s8-t23"
                },
                {
                    "begin": 1298,
                    "text": "learned",
                    "end": 1305,
                    "id": "s8-t24"
                },
                {
                    "begin": 1306,
                    "text": "intensity",
                    "end": 1315,
                    "id": "s8-t25"
                },
                {
                    "begin": 1316,
                    "text": "distributions",
                    "end": 1329,
                    "id": "s8-t26"
                },
                {
                    "begin": 1329,
                    "text": ".",
                    "end": 1330,
                    "id": "s8-t27"
                }
            ],
            "id": "s8"
        }
    ],
    "text": "The introduction of prior knowledge has greatly enhanced numerous purely low-level driven image processing algorithms. In this work, we focus on the problem of non-rigid image registration. A number of powerful registration criteria have been developed in the last decade, most prominently the criterion of maximum mutual information. Although this criterion provides for good registration results in many applications, it remains a purely low-level criterion. As a consequence, registration results will deteriorate once this low-level information is corrupted, due to noise, partial occlusions or missing image structure. In this paper, we will develop a Bayesian framework that allows to impose statistically learned prior knowledge about the joint intensity distribution into image registration methods. The prior is given by a kernel density estimate on the space of joint intensity distributions computed from a representative set of pre-registered image pairs. This nonparametric prior accurately models previously learned intensity relations between various image modalities and slice locations. Experimental results demonstrate that the resulting registration process is more robust to missing low-level information as it favors intensity correspondences statistically consistent with the learned intensity distributions.",
    "id": "4973d945-9087-4827-8961-37895d3f4411"
}