{
    "mentions": [
        {
            "begin": 0,
            "id": "m0",
            "end": 17,
            "type": "Task",
            "text": "Sentence planning"
        },
        {
            "begin": 57,
            "id": "m1",
            "end": 62,
            "type": "Generic",
            "text": "tasks"
        },
        {
            "begin": 80,
            "id": "m2",
            "end": 96,
            "type": "Task",
            "text": "sentence scoping"
        },
        {
            "begin": 117,
            "id": "m3",
            "end": 136,
            "type": "OtherScientificTerm",
            "text": "syntactic structure"
        },
        {
            "begin": 152,
            "id": "m4",
            "end": 163,
            "type": "OtherScientificTerm",
            "text": "speech acts"
        },
        {
            "begin": 258,
            "id": "m5",
            "end": 262,
            "type": "Method",
            "text": "SPoT"
        },
        {
            "begin": 266,
            "id": "m6",
            "end": 282,
            "type": "Method",
            "text": "sentence planner"
        },
        {
            "begin": 294,
            "id": "m7",
            "end": 305,
            "type": "Generic",
            "text": "methodology"
        },
        {
            "begin": 333,
            "id": "m8",
            "end": 337,
            "type": "Method",
            "text": "SPoT"
        },
        {
            "begin": 465,
            "id": "m9",
            "end": 512,
            "type": "Method",
            "text": "randomized sentence-plan-generator-LRB-SPG-RRB-"
        },
        {
            "begin": 559,
            "id": "m10",
            "end": 573,
            "type": "OtherScientificTerm",
            "text": "sentence plans"
        },
        {
            "begin": 586,
            "id": "m11",
            "end": 601,
            "type": "OtherScientificTerm",
            "text": "text-plan input"
        },
        {
            "begin": 615,
            "id": "m12",
            "end": 648,
            "type": "Method",
            "text": "sentence-plan-ranker-LRB-SPR-RRB-"
        },
        {
            "begin": 673,
            "id": "m13",
            "end": 687,
            "type": "OtherScientificTerm",
            "text": "sentence plans"
        },
        {
            "begin": 731,
            "id": "m14",
            "end": 734,
            "type": "Method",
            "text": "SPR"
        },
        {
            "begin": 740,
            "id": "m15",
            "end": 753,
            "type": "OtherScientificTerm",
            "text": "ranking rules"
        },
        {
            "begin": 821,
            "id": "m16",
            "end": 824,
            "type": "Method",
            "text": "SPR"
        },
        {
            "begin": 844,
            "id": "m17",
            "end": 857,
            "type": "OtherScientificTerm",
            "text": "sentence plan"
        },
        {
            "begin": 908,
            "id": "m18",
            "end": 938,
            "type": "OtherScientificTerm",
            "text": "top human-ranked sentence plan"
        }
    ],
    "relations": [
        {
            "args": [
                "m2",
                "m1"
            ],
            "type": "PART-OF",
            "id": "r0"
        },
        {
            "args": [
                "m3",
                "m4"
            ],
            "type": "USED-FOR",
            "id": "r1"
        },
        {
            "args": [
                "m5",
                "m6"
            ],
            "type": "HYPONYM-OF",
            "id": "r2"
        },
        {
            "args": [
                "m7",
                "m8"
            ],
            "type": "USED-FOR",
            "id": "r3"
        },
        {
            "args": [
                "m9",
                "m10"
            ],
            "type": "USED-FOR",
            "id": "r4"
        },
        {
            "args": [
                "m11",
                "m9"
            ],
            "type": "USED-FOR",
            "id": "r5"
        },
        {
            "args": [
                "m12",
                "m13"
            ],
            "type": "USED-FOR",
            "id": "r6"
        },
        {
            "args": [
                "m15",
                "m14"
            ],
            "type": "USED-FOR",
            "id": "r7"
        },
        {
            "args": [
                "m16",
                "m17"
            ],
            "type": "USED-FOR",
            "id": "r8"
        },
        {
            "args": [
                "m17",
                "m18"
            ],
            "type": "COMPARE",
            "id": "r9"
        }
    ],
    "sentences": [
        {
            "begin": 0,
            "text": "Sentence planning is a set of inter-related but distinct tasks, one of which is sentence scoping, i.e. the choice of syntactic structure for elementary speech acts and the decision of how to combine them into one or more sentences.",
            "end": 231,
            "tokens": [
                {
                    "begin": 0,
                    "text": "Sentence",
                    "end": 8,
                    "id": "s0-t0"
                },
                {
                    "begin": 9,
                    "text": "planning",
                    "end": 17,
                    "id": "s0-t1"
                },
                {
                    "begin": 18,
                    "text": "is",
                    "end": 20,
                    "id": "s0-t2"
                },
                {
                    "begin": 21,
                    "text": "a",
                    "end": 22,
                    "id": "s0-t3"
                },
                {
                    "begin": 23,
                    "text": "set",
                    "end": 26,
                    "id": "s0-t4"
                },
                {
                    "begin": 27,
                    "text": "of",
                    "end": 29,
                    "id": "s0-t5"
                },
                {
                    "begin": 30,
                    "text": "inter-related",
                    "end": 43,
                    "id": "s0-t6"
                },
                {
                    "begin": 44,
                    "text": "but",
                    "end": 47,
                    "id": "s0-t7"
                },
                {
                    "begin": 48,
                    "text": "distinct",
                    "end": 56,
                    "id": "s0-t8"
                },
                {
                    "begin": 57,
                    "text": "tasks",
                    "end": 62,
                    "id": "s0-t9"
                },
                {
                    "begin": 62,
                    "text": ",",
                    "end": 63,
                    "id": "s0-t10"
                },
                {
                    "begin": 64,
                    "text": "one",
                    "end": 67,
                    "id": "s0-t11"
                },
                {
                    "begin": 68,
                    "text": "of",
                    "end": 70,
                    "id": "s0-t12"
                },
                {
                    "begin": 71,
                    "text": "which",
                    "end": 76,
                    "id": "s0-t13"
                },
                {
                    "begin": 77,
                    "text": "is",
                    "end": 79,
                    "id": "s0-t14"
                },
                {
                    "begin": 80,
                    "text": "sentence",
                    "end": 88,
                    "id": "s0-t15"
                },
                {
                    "begin": 89,
                    "text": "scoping",
                    "end": 96,
                    "id": "s0-t16"
                },
                {
                    "begin": 96,
                    "text": ",",
                    "end": 97,
                    "id": "s0-t17"
                },
                {
                    "begin": 98,
                    "text": "i.e.",
                    "end": 102,
                    "id": "s0-t18"
                },
                {
                    "begin": 103,
                    "text": "the",
                    "end": 106,
                    "id": "s0-t19"
                },
                {
                    "begin": 107,
                    "text": "choice",
                    "end": 113,
                    "id": "s0-t20"
                },
                {
                    "begin": 114,
                    "text": "of",
                    "end": 116,
                    "id": "s0-t21"
                },
                {
                    "begin": 117,
                    "text": "syntactic",
                    "end": 126,
                    "id": "s0-t22"
                },
                {
                    "begin": 127,
                    "text": "structure",
                    "end": 136,
                    "id": "s0-t23"
                },
                {
                    "begin": 137,
                    "text": "for",
                    "end": 140,
                    "id": "s0-t24"
                },
                {
                    "begin": 141,
                    "text": "elementary",
                    "end": 151,
                    "id": "s0-t25"
                },
                {
                    "begin": 152,
                    "text": "speech",
                    "end": 158,
                    "id": "s0-t26"
                },
                {
                    "begin": 159,
                    "text": "acts",
                    "end": 163,
                    "id": "s0-t27"
                },
                {
                    "begin": 164,
                    "text": "and",
                    "end": 167,
                    "id": "s0-t28"
                },
                {
                    "begin": 168,
                    "text": "the",
                    "end": 171,
                    "id": "s0-t29"
                },
                {
                    "begin": 172,
                    "text": "decision",
                    "end": 180,
                    "id": "s0-t30"
                },
                {
                    "begin": 181,
                    "text": "of",
                    "end": 183,
                    "id": "s0-t31"
                },
                {
                    "begin": 184,
                    "text": "how",
                    "end": 187,
                    "id": "s0-t32"
                },
                {
                    "begin": 188,
                    "text": "to",
                    "end": 190,
                    "id": "s0-t33"
                },
                {
                    "begin": 191,
                    "text": "combine",
                    "end": 198,
                    "id": "s0-t34"
                },
                {
                    "begin": 199,
                    "text": "them",
                    "end": 203,
                    "id": "s0-t35"
                },
                {
                    "begin": 204,
                    "text": "into",
                    "end": 208,
                    "id": "s0-t36"
                },
                {
                    "begin": 209,
                    "text": "one",
                    "end": 212,
                    "id": "s0-t37"
                },
                {
                    "begin": 213,
                    "text": "or",
                    "end": 215,
                    "id": "s0-t38"
                },
                {
                    "begin": 216,
                    "text": "more",
                    "end": 220,
                    "id": "s0-t39"
                },
                {
                    "begin": 221,
                    "text": "sentences",
                    "end": 230,
                    "id": "s0-t40"
                },
                {
                    "begin": 230,
                    "text": ".",
                    "end": 231,
                    "id": "s0-t41"
                }
            ],
            "id": "s0"
        },
        {
            "begin": 231,
            "text": " In this paper, we present SPoT, a sentence planner, and a new methodology for automatically training SPoT on the basis of feedback provided by human judges.",
            "end": 388,
            "tokens": [
                {
                    "begin": 232,
                    "text": "In",
                    "end": 234,
                    "id": "s1-t0"
                },
                {
                    "begin": 235,
                    "text": "this",
                    "end": 239,
                    "id": "s1-t1"
                },
                {
                    "begin": 240,
                    "text": "paper",
                    "end": 245,
                    "id": "s1-t2"
                },
                {
                    "begin": 245,
                    "text": ",",
                    "end": 246,
                    "id": "s1-t3"
                },
                {
                    "begin": 247,
                    "text": "we",
                    "end": 249,
                    "id": "s1-t4"
                },
                {
                    "begin": 250,
                    "text": "present",
                    "end": 257,
                    "id": "s1-t5"
                },
                {
                    "begin": 258,
                    "text": "SPoT",
                    "end": 262,
                    "id": "s1-t6"
                },
                {
                    "begin": 262,
                    "text": ",",
                    "end": 263,
                    "id": "s1-t7"
                },
                {
                    "begin": 264,
                    "text": "a",
                    "end": 265,
                    "id": "s1-t8"
                },
                {
                    "begin": 266,
                    "text": "sentence",
                    "end": 274,
                    "id": "s1-t9"
                },
                {
                    "begin": 275,
                    "text": "planner",
                    "end": 282,
                    "id": "s1-t10"
                },
                {
                    "begin": 282,
                    "text": ",",
                    "end": 283,
                    "id": "s1-t11"
                },
                {
                    "begin": 284,
                    "text": "and",
                    "end": 287,
                    "id": "s1-t12"
                },
                {
                    "begin": 288,
                    "text": "a",
                    "end": 289,
                    "id": "s1-t13"
                },
                {
                    "begin": 290,
                    "text": "new",
                    "end": 293,
                    "id": "s1-t14"
                },
                {
                    "begin": 294,
                    "text": "methodology",
                    "end": 305,
                    "id": "s1-t15"
                },
                {
                    "begin": 306,
                    "text": "for",
                    "end": 309,
                    "id": "s1-t16"
                },
                {
                    "begin": 310,
                    "text": "automatically",
                    "end": 323,
                    "id": "s1-t17"
                },
                {
                    "begin": 324,
                    "text": "training",
                    "end": 332,
                    "id": "s1-t18"
                },
                {
                    "begin": 333,
                    "text": "SPoT",
                    "end": 337,
                    "id": "s1-t19"
                },
                {
                    "begin": 338,
                    "text": "on",
                    "end": 340,
                    "id": "s1-t20"
                },
                {
                    "begin": 341,
                    "text": "the",
                    "end": 344,
                    "id": "s1-t21"
                },
                {
                    "begin": 345,
                    "text": "basis",
                    "end": 350,
                    "id": "s1-t22"
                },
                {
                    "begin": 351,
                    "text": "of",
                    "end": 353,
                    "id": "s1-t23"
                },
                {
                    "begin": 354,
                    "text": "feedback",
                    "end": 362,
                    "id": "s1-t24"
                },
                {
                    "begin": 363,
                    "text": "provided",
                    "end": 371,
                    "id": "s1-t25"
                },
                {
                    "begin": 372,
                    "text": "by",
                    "end": 374,
                    "id": "s1-t26"
                },
                {
                    "begin": 375,
                    "text": "human",
                    "end": 380,
                    "id": "s1-t27"
                },
                {
                    "begin": 381,
                    "text": "judges",
                    "end": 387,
                    "id": "s1-t28"
                },
                {
                    "begin": 387,
                    "text": ".",
                    "end": 388,
                    "id": "s1-t29"
                }
            ],
            "id": "s1"
        },
        {
            "begin": 388,
            "text": " We reconceptualize the task into two distinct phases.",
            "end": 442,
            "tokens": [
                {
                    "begin": 389,
                    "text": "We",
                    "end": 391,
                    "id": "s2-t0"
                },
                {
                    "begin": 392,
                    "text": "reconceptualize",
                    "end": 407,
                    "id": "s2-t1"
                },
                {
                    "begin": 408,
                    "text": "the",
                    "end": 411,
                    "id": "s2-t2"
                },
                {
                    "begin": 412,
                    "text": "task",
                    "end": 416,
                    "id": "s2-t3"
                },
                {
                    "begin": 417,
                    "text": "into",
                    "end": 421,
                    "id": "s2-t4"
                },
                {
                    "begin": 422,
                    "text": "two",
                    "end": 425,
                    "id": "s2-t5"
                },
                {
                    "begin": 426,
                    "text": "distinct",
                    "end": 434,
                    "id": "s2-t6"
                },
                {
                    "begin": 435,
                    "text": "phases",
                    "end": 441,
                    "id": "s2-t7"
                },
                {
                    "begin": 441,
                    "text": ".",
                    "end": 442,
                    "id": "s2-t8"
                }
            ],
            "id": "s2"
        },
        {
            "begin": 442,
            "text": " First, a very simple, randomized sentence-plan-generator-LRB-SPG-RRB-generates a potentially large list of possible sentence plans for a given text-plan input.",
            "end": 602,
            "tokens": [
                {
                    "begin": 443,
                    "text": "First",
                    "end": 448,
                    "id": "s3-t0"
                },
                {
                    "begin": 448,
                    "text": ",",
                    "end": 449,
                    "id": "s3-t1"
                },
                {
                    "begin": 450,
                    "text": "a",
                    "end": 451,
                    "id": "s3-t2"
                },
                {
                    "begin": 452,
                    "text": "very",
                    "end": 456,
                    "id": "s3-t3"
                },
                {
                    "begin": 457,
                    "text": "simple",
                    "end": 463,
                    "id": "s3-t4"
                },
                {
                    "begin": 463,
                    "text": ",",
                    "end": 464,
                    "id": "s3-t5"
                },
                {
                    "begin": 465,
                    "text": "randomized",
                    "end": 475,
                    "id": "s3-t6"
                },
                {
                    "begin": 476,
                    "text": "sentence-plan-generator",
                    "end": 499,
                    "id": "s3-t7"
                },
                {
                    "begin": 499,
                    "text": "-LRB-",
                    "end": 504,
                    "id": "s3-t8"
                },
                {
                    "begin": 504,
                    "text": "SPG",
                    "end": 507,
                    "id": "s3-t9"
                },
                {
                    "begin": 507,
                    "text": "-RRB-",
                    "end": 512,
                    "id": "s3-t10"
                },
                {
                    "begin": 512,
                    "text": "generates",
                    "end": 521,
                    "id": "s3-t11"
                },
                {
                    "begin": 522,
                    "text": "a",
                    "end": 523,
                    "id": "s3-t12"
                },
                {
                    "begin": 524,
                    "text": "potentially",
                    "end": 535,
                    "id": "s3-t13"
                },
                {
                    "begin": 536,
                    "text": "large",
                    "end": 541,
                    "id": "s3-t14"
                },
                {
                    "begin": 542,
                    "text": "list",
                    "end": 546,
                    "id": "s3-t15"
                },
                {
                    "begin": 547,
                    "text": "of",
                    "end": 549,
                    "id": "s3-t16"
                },
                {
                    "begin": 550,
                    "text": "possible",
                    "end": 558,
                    "id": "s3-t17"
                },
                {
                    "begin": 559,
                    "text": "sentence",
                    "end": 567,
                    "id": "s3-t18"
                },
                {
                    "begin": 568,
                    "text": "plans",
                    "end": 573,
                    "id": "s3-t19"
                },
                {
                    "begin": 574,
                    "text": "for",
                    "end": 577,
                    "id": "s3-t20"
                },
                {
                    "begin": 578,
                    "text": "a",
                    "end": 579,
                    "id": "s3-t21"
                },
                {
                    "begin": 580,
                    "text": "given",
                    "end": 585,
                    "id": "s3-t22"
                },
                {
                    "begin": 586,
                    "text": "text-plan",
                    "end": 595,
                    "id": "s3-t23"
                },
                {
                    "begin": 596,
                    "text": "input",
                    "end": 601,
                    "id": "s3-t24"
                },
                {
                    "begin": 601,
                    "text": ".",
                    "end": 602,
                    "id": "s3-t25"
                }
            ],
            "id": "s3"
        },
        {
            "begin": 602,
            "text": " Second, the sentence-plan-ranker-LRB-SPR-RRB-ranks the list of output sentence plans, and then selects the top-ranked plan.",
            "end": 726,
            "tokens": [
                {
                    "begin": 603,
                    "text": "Second",
                    "end": 609,
                    "id": "s4-t0"
                },
                {
                    "begin": 609,
                    "text": ",",
                    "end": 610,
                    "id": "s4-t1"
                },
                {
                    "begin": 611,
                    "text": "the",
                    "end": 614,
                    "id": "s4-t2"
                },
                {
                    "begin": 615,
                    "text": "sentence-plan-ranker",
                    "end": 635,
                    "id": "s4-t3"
                },
                {
                    "begin": 635,
                    "text": "-LRB-",
                    "end": 640,
                    "id": "s4-t4"
                },
                {
                    "begin": 640,
                    "text": "SPR",
                    "end": 643,
                    "id": "s4-t5"
                },
                {
                    "begin": 643,
                    "text": "-RRB-",
                    "end": 648,
                    "id": "s4-t6"
                },
                {
                    "begin": 648,
                    "text": "ranks",
                    "end": 653,
                    "id": "s4-t7"
                },
                {
                    "begin": 654,
                    "text": "the",
                    "end": 657,
                    "id": "s4-t8"
                },
                {
                    "begin": 658,
                    "text": "list",
                    "end": 662,
                    "id": "s4-t9"
                },
                {
                    "begin": 663,
                    "text": "of",
                    "end": 665,
                    "id": "s4-t10"
                },
                {
                    "begin": 666,
                    "text": "output",
                    "end": 672,
                    "id": "s4-t11"
                },
                {
                    "begin": 673,
                    "text": "sentence",
                    "end": 681,
                    "id": "s4-t12"
                },
                {
                    "begin": 682,
                    "text": "plans",
                    "end": 687,
                    "id": "s4-t13"
                },
                {
                    "begin": 687,
                    "text": ",",
                    "end": 688,
                    "id": "s4-t14"
                },
                {
                    "begin": 689,
                    "text": "and",
                    "end": 692,
                    "id": "s4-t15"
                },
                {
                    "begin": 693,
                    "text": "then",
                    "end": 697,
                    "id": "s4-t16"
                },
                {
                    "begin": 698,
                    "text": "selects",
                    "end": 705,
                    "id": "s4-t17"
                },
                {
                    "begin": 706,
                    "text": "the",
                    "end": 709,
                    "id": "s4-t18"
                },
                {
                    "begin": 710,
                    "text": "top-ranked",
                    "end": 720,
                    "id": "s4-t19"
                },
                {
                    "begin": 721,
                    "text": "plan",
                    "end": 725,
                    "id": "s4-t20"
                },
                {
                    "begin": 725,
                    "text": ".",
                    "end": 726,
                    "id": "s4-t21"
                }
            ],
            "id": "s4"
        },
        {
            "begin": 726,
            "text": " The SPR uses ranking rules automatically learned from training data.",
            "end": 795,
            "tokens": [
                {
                    "begin": 727,
                    "text": "The",
                    "end": 730,
                    "id": "s5-t0"
                },
                {
                    "begin": 731,
                    "text": "SPR",
                    "end": 734,
                    "id": "s5-t1"
                },
                {
                    "begin": 735,
                    "text": "uses",
                    "end": 739,
                    "id": "s5-t2"
                },
                {
                    "begin": 740,
                    "text": "ranking",
                    "end": 747,
                    "id": "s5-t3"
                },
                {
                    "begin": 748,
                    "text": "rules",
                    "end": 753,
                    "id": "s5-t4"
                },
                {
                    "begin": 754,
                    "text": "automatically",
                    "end": 767,
                    "id": "s5-t5"
                },
                {
                    "begin": 768,
                    "text": "learned",
                    "end": 775,
                    "id": "s5-t6"
                },
                {
                    "begin": 776,
                    "text": "from",
                    "end": 780,
                    "id": "s5-t7"
                },
                {
                    "begin": 781,
                    "text": "training",
                    "end": 789,
                    "id": "s5-t8"
                },
                {
                    "begin": 790,
                    "text": "data",
                    "end": 794,
                    "id": "s5-t9"
                },
                {
                    "begin": 794,
                    "text": ".",
                    "end": 795,
                    "id": "s5-t10"
                }
            ],
            "id": "s5"
        },
        {
            "begin": 795,
            "text": " We show that the trained SPR learns to select a sentence plan whose rating on average is only 5% worse than the top human-ranked sentence plan.",
            "end": 939,
            "tokens": [
                {
                    "begin": 796,
                    "text": "We",
                    "end": 798,
                    "id": "s6-t0"
                },
                {
                    "begin": 799,
                    "text": "show",
                    "end": 803,
                    "id": "s6-t1"
                },
                {
                    "begin": 804,
                    "text": "that",
                    "end": 808,
                    "id": "s6-t2"
                },
                {
                    "begin": 809,
                    "text": "the",
                    "end": 812,
                    "id": "s6-t3"
                },
                {
                    "begin": 813,
                    "text": "trained",
                    "end": 820,
                    "id": "s6-t4"
                },
                {
                    "begin": 821,
                    "text": "SPR",
                    "end": 824,
                    "id": "s6-t5"
                },
                {
                    "begin": 825,
                    "text": "learns",
                    "end": 831,
                    "id": "s6-t6"
                },
                {
                    "begin": 832,
                    "text": "to",
                    "end": 834,
                    "id": "s6-t7"
                },
                {
                    "begin": 835,
                    "text": "select",
                    "end": 841,
                    "id": "s6-t8"
                },
                {
                    "begin": 842,
                    "text": "a",
                    "end": 843,
                    "id": "s6-t9"
                },
                {
                    "begin": 844,
                    "text": "sentence",
                    "end": 852,
                    "id": "s6-t10"
                },
                {
                    "begin": 853,
                    "text": "plan",
                    "end": 857,
                    "id": "s6-t11"
                },
                {
                    "begin": 858,
                    "text": "whose",
                    "end": 863,
                    "id": "s6-t12"
                },
                {
                    "begin": 864,
                    "text": "rating",
                    "end": 870,
                    "id": "s6-t13"
                },
                {
                    "begin": 871,
                    "text": "on",
                    "end": 873,
                    "id": "s6-t14"
                },
                {
                    "begin": 874,
                    "text": "average",
                    "end": 881,
                    "id": "s6-t15"
                },
                {
                    "begin": 882,
                    "text": "is",
                    "end": 884,
                    "id": "s6-t16"
                },
                {
                    "begin": 885,
                    "text": "only",
                    "end": 889,
                    "id": "s6-t17"
                },
                {
                    "begin": 890,
                    "text": "5",
                    "end": 891,
                    "id": "s6-t18"
                },
                {
                    "begin": 891,
                    "text": "%",
                    "end": 892,
                    "id": "s6-t19"
                },
                {
                    "begin": 893,
                    "text": "worse",
                    "end": 898,
                    "id": "s6-t20"
                },
                {
                    "begin": 899,
                    "text": "than",
                    "end": 903,
                    "id": "s6-t21"
                },
                {
                    "begin": 904,
                    "text": "the",
                    "end": 907,
                    "id": "s6-t22"
                },
                {
                    "begin": 908,
                    "text": "top",
                    "end": 911,
                    "id": "s6-t23"
                },
                {
                    "begin": 912,
                    "text": "human-ranked",
                    "end": 924,
                    "id": "s6-t24"
                },
                {
                    "begin": 925,
                    "text": "sentence",
                    "end": 933,
                    "id": "s6-t25"
                },
                {
                    "begin": 934,
                    "text": "plan",
                    "end": 938,
                    "id": "s6-t26"
                },
                {
                    "begin": 938,
                    "text": ".",
                    "end": 939,
                    "id": "s6-t27"
                }
            ],
            "id": "s6"
        }
    ],
    "text": "Sentence planning is a set of inter-related but distinct tasks, one of which is sentence scoping, i.e. the choice of syntactic structure for elementary speech acts and the decision of how to combine them into one or more sentences. In this paper, we present SPoT, a sentence planner, and a new methodology for automatically training SPoT on the basis of feedback provided by human judges. We reconceptualize the task into two distinct phases. First, a very simple, randomized sentence-plan-generator-LRB-SPG-RRB-generates a potentially large list of possible sentence plans for a given text-plan input. Second, the sentence-plan-ranker-LRB-SPR-RRB-ranks the list of output sentence plans, and then selects the top-ranked plan. The SPR uses ranking rules automatically learned from training data. We show that the trained SPR learns to select a sentence plan whose rating on average is only 5% worse than the top human-ranked sentence plan.",
    "id": "d101dcf3-6ab8-4599-86d0-0d20e7e4677b"
}